height_to_cheek,cheek_to_jaw,forehead_to_cheek,jaw_to_forehead,height_to_jaw,height_to_forehead,chin_to_jaw,cheek_to_fj_mean,jaw_angle,label
1.154947,1.312967,0.485147,1.569903,1.516407,2.380612,0.414700,1.604131,139.079071,Diamond
1.148351,1.313550,0.486475,1.564922,1.508417,2.360554,0.414074,1.602858,139.042557,Diamond
1.231658,1.330360,0.511289,1.470159,1.638549,2.408928,0.436863,1.583575,141.151489,Diamond
1.217987,1.333595,0.519981,1.442078,1.624301,2.342369,0.436947,1.575009,138.190918,Diamond
1.183213,1.335924,0.499960,1.497211,1.580683,2.366617,0.421823,1.601916,138.993713,Diamond
1.227382,1.348927,0.495600,1.495824,1.655649,2.476558,0.421035,1.616907,142.485626,Diamond
1.217134,1.325598,0.521329,1.447026,1.613430,2.334675,0.433018,1.567760,137.454971,Diamond
1.191581,1.382200,0.498339,1.451791,1.647003,2.391104,0.410443,1.636897,140.604950,Diamond
1.219417,1.309000,0.525339,1.454190,1.596218,2.321203,0.434022,1.551253,138.233322,Diamond
1.197411,1.300213,0.515741,1.491260,1.556889,2.321726,0.406684,1.556607,134.376083,Diamond
1.268937,1.339092,0.526482,1.418424,1.699223,2.410218,0.420464,1.570775,138.406174,Diamond
1.227742,1.342901,0.495702,1.502227,1.648737,2.476777,0.421139,1.612438,142.021408,Diamond
1.247260,1.304609,0.522530,1.466928,1.627186,2.386965,0.429574,1.551539,138.669662,Diamond
1.258661,1.377858,0.546313,1.328476,1.734256,2.303917,0.450462,1.572231,145.016159,Diamond
1.145089,1.316453,0.487291,1.558857,1.507456,2.349909,0.413885,1.603968,139.112259,Diamond
1.204764,1.311514,0.490629,1.554082,1.580066,2.455551,0.425985,1.596034,132.189682,Diamond
1.201558,1.380066,0.541694,1.337662,1.658229,2.218151,0.409020,1.579408,142.147079,Diamond
1.159866,1.332645,0.515321,1.456157,1.545689,2.250765,0.416948,1.580143,139.412506,Diamond
1.292586,1.371251,0.531266,1.372686,1.772460,2.433032,0.406710,1.586638,141.785339,Diamond
1.210136,1.393394,0.546303,1.313688,1.686196,2.215136,0.430943,1.582309,143.208679,Diamond
1.169700,1.368879,0.513626,1.422289,1.601178,2.277338,0.411570,1.607522,139.357330,Diamond
1.157088,1.299695,0.496352,1.550132,1.503861,2.331183,0.438128,1.580074,138.079071,Diamond
1.209785,1.370591,0.509332,1.432488,1.658121,2.375238,0.434601,1.614277,141.331451,Diamond
1.173114,1.303782,0.523245,1.465850,1.529485,2.241997,0.435491,1.550094,138.755127,Diamond
1.171753,1.343462,0.487500,1.526864,1.574206,2.403598,0.417121,1.623581,139.581406,Diamond
1.219038,1.360508,0.517043,1.421584,1.658511,2.357713,0.423159,1.597365,139.902420,Diamond
1.174036,1.417020,0.560550,1.258954,1.663632,2.094435,0.435062,1.579459,144.354385,Diamond
1.152880,1.413488,0.535122,1.322073,1.629582,2.154426,0.418361,1.609540,141.561401,Diamond
1.248093,1.313635,0.509300,1.494691,1.639539,2.450604,0.430204,1.574126,137.875748,Diamond
1.274159,1.353101,0.522364,1.414804,1.724066,2.439216,0.425261,1.585531,140.066269,Diamond
1.204307,1.358069,0.536517,1.372445,1.635532,2.244677,0.416659,1.571269,140.392563,Diamond
1.472524,1.380604,0.503783,1.437762,2.032972,2.922931,0.411078,1.628526,153.862717,Diamond
1.207564,1.309696,0.512363,1.490224,1.581542,2.356852,0.423156,1.567522,134.398529,Diamond
1.243242,1.362555,0.518274,1.416076,1.693986,2.398813,0.434845,1.597202,140.706726,Diamond
1.271370,1.334417,0.517639,1.447709,1.696537,2.456092,0.436987,1.578494,140.035736,Diamond
1.205952,1.364445,0.524025,1.398594,1.645456,2.301324,0.424208,1.591187,141.378265,Diamond
1.206737,1.358325,0.538770,1.366446,1.639141,2.239798,0.417606,1.568663,140.484406,Diamond
1.198915,1.270464,0.520250,1.512954,1.523178,2.304498,0.441678,1.529796,133.784393,Diamond
1.266940,1.329865,0.505981,1.486136,1.684858,2.503928,0.419220,1.589905,139.487503,Diamond
1.179874,1.376038,0.529703,1.371946,1.623551,2.227424,0.434608,1.591815,145.183044,Diamond
1.257268,1.404970,0.546453,1.302508,1.766424,2.300780,0.421056,1.589558,144.208664,Diamond
1.257268,1.404970,0.546453,1.302508,1.766424,2.300780,0.421056,1.589558,144.208664,Diamond
1.227845,1.300535,0.501407,1.533514,1.596856,2.448801,0.416524,1.574405,134.609802,Diamond
1.172982,1.377975,0.525937,1.379827,1.616340,2.230270,0.409216,1.597904,141.394791,Diamond
1.152059,1.407004,0.535179,1.328022,1.620952,2.152660,0.420496,1.605253,141.375107,Diamond
1.260646,1.388698,0.527481,1.365167,1.750657,2.389939,0.416187,1.603104,143.443634,Diamond
1.195938,1.280756,0.525890,1.484701,1.531706,2.274124,0.443495,1.530599,136.622406,Diamond
1.209481,1.352542,0.527952,1.400409,1.635874,2.290892,0.416898,1.578158,138.280502,Diamond
1.224890,1.364337,0.533670,1.373427,1.671162,2.295219,0.431846,1.578997,144.856079,Diamond
1.132816,1.372243,0.527633,1.381137,1.554498,2.146975,0.417343,1.591891,142.013596,Diamond
1.187094,1.383446,0.528320,1.368171,1.642281,2.246921,0.414665,1.598526,141.411880,Diamond
1.194037,1.348312,0.514420,1.441755,1.609934,2.321131,0.433542,1.592244,141.978043,Diamond
1.093459,1.329460,0.488083,1.541102,1.453709,2.240315,0.430420,1.612555,139.818787,Diamond
1.327006,1.277582,0.475698,1.645433,1.695359,2.789600,0.423202,1.589287,136.218597,Diamond
1.192060,1.313934,0.494380,1.539451,1.566288,2.411225,0.416013,1.593050,137.053940,Diamond
1.194294,1.353149,0.522753,1.413702,1.616057,2.284622,0.414617,1.585075,140.576477,Diamond
1.212210,1.296254,0.491357,1.570048,1.571331,2.467065,0.432605,1.583768,136.153442,Diamond
1.204230,1.378487,0.519691,1.395894,1.660016,2.317205,0.409887,1.606266,146.256195,Diamond
1.260359,1.417176,0.567785,1.242774,1.786150,2.219781,0.415569,1.570581,146.105179,Diamond
1.244905,1.368374,0.480305,1.521523,1.703495,2.591907,0.411770,1.651392,139.524017,Diamond
1.313538,1.318941,0.507348,1.494406,1.732479,2.589026,0.419662,1.580362,140.748596,Diamond
1.163749,1.355310,0.535755,1.377194,1.577241,2.172167,0.417668,1.570359,141.100677,Diamond
1.160605,1.348142,0.512792,1.446514,1.564661,2.263304,0.427370,1.594192,139.046967,Diamond
1.218185,1.381912,0.509642,1.419888,1.683424,2.390274,0.415042,1.621695,143.827927,Diamond
1.190363,1.363239,0.527709,1.390059,1.622749,2.255718,0.430290,1.585720,142.280899,Diamond
1.298161,1.315753,0.477248,1.592507,1.708060,2.720097,0.413620,1.616463,138.060455,Diamond
1.137718,1.390613,0.530183,1.356338,1.582125,2.145895,0.423770,1.600908,144.043457,Diamond
1.246553,1.346912,0.531245,1.397545,1.678997,2.346474,0.429757,1.570248,140.798157,Diamond
1.164341,1.301162,0.508867,1.510304,1.514996,2.288105,0.433426,1.565668,138.049713,Diamond
1.196137,1.355080,0.510468,1.445660,1.620861,2.343215,0.424788,1.602009,137.191650,Diamond
1.126817,1.367640,0.523030,1.397981,1.541080,2.154400,0.425599,1.594621,141.001572,Diamond
1.262874,1.376226,0.519170,1.399589,1.738000,2.432487,0.414603,1.605401,144.101562,Diamond
1.189677,1.377810,0.513004,1.414783,1.639150,2.319040,0.415551,1.614474,143.711700,Diamond
1.221361,1.370912,0.525850,1.387167,1.674379,2.322642,0.416574,1.593256,142.308014,Diamond
1.190424,1.365021,0.544195,1.346189,1.624954,2.187495,0.431152,1.566435,144.857056,Diamond
1.188326,1.353589,0.498131,1.483098,1.608505,2.385572,0.418995,1.616936,137.106140,Oblong
1.211743,1.313596,0.501941,1.516649,1.591741,2.414112,0.407822,1.583268,137.246490,Oblong
1.257018,1.378571,0.552102,1.313868,1.732888,2.276786,0.427430,1.565569,146.114105,Oblong
1.297940,1.317088,0.485992,1.562271,1.709501,2.670705,0.409256,1.606113,133.598572,Oblong
1.254774,1.383213,0.514409,1.405407,1.735620,2.439252,0.414970,1.616339,138.159912,Oblong
1.274671,1.356346,0.483605,1.524540,1.728895,2.635770,0.426116,1.638163,135.964752,Oblong
1.206296,1.351123,0.524681,1.410619,1.629855,2.299104,0.412628,1.581270,141.581757,Oblong
1.279615,1.324756,0.532298,1.418107,1.695178,2.403944,0.450760,1.553815,140.969879,Oblong
1.300123,1.351799,0.500576,1.477807,1.757506,2.597255,0.422938,1.612473,137.553726,Oblong
1.258593,1.319274,0.509331,1.488213,1.660429,2.471071,0.424368,1.578129,135.384171,Oblong
1.308063,1.332206,0.508868,1.475106,1.742609,2.570532,0.424971,1.587928,141.107849,Oblong
1.225449,1.348976,0.501359,1.478589,1.653101,2.444257,0.414212,1.609449,139.531555,Oblong
1.290350,1.315091,0.500295,1.519910,1.696928,2.579176,0.403678,1.586422,137.541306,Oblong
1.219809,1.304010,0.518880,1.477924,1.590643,2.350849,0.441622,1.555517,137.498367,Oblong
1.227698,1.281614,0.507084,1.538730,1.573434,2.421091,0.450314,1.553578,137.424393,Oblong
1.144276,1.270206,0.492470,1.598625,1.453466,2.323547,0.452901,1.562813,137.321945,Oblong
1.217574,1.324512,0.503403,1.499784,1.612690,2.418687,0.420475,1.589323,135.492676,Oblong
1.239633,1.321438,0.480408,1.575226,1.638099,2.580375,0.415638,1.616607,131.957779,Oblong
1.195023,1.326132,0.499406,1.509938,1.584759,2.392887,0.420579,1.595559,137.726700,Oblong
1.214936,1.341806,0.504578,1.477004,1.630209,2.407826,0.421327,1.600202,139.714142,Oblong
1.230320,1.347516,0.535140,1.386752,1.657875,2.299062,0.417469,1.565869,142.201935,Oblong
1.289540,1.340573,0.491175,1.518704,1.728722,2.625417,0.409850,1.616652,138.219162,Oblong
1.233414,1.360727,0.502771,1.461700,1.678341,2.453231,0.424404,1.615936,144.110489,Oblong
1.263351,1.333553,0.483048,1.552383,1.684746,2.615371,0.414073,1.622159,133.987076,Oblong
1.262269,1.359536,0.523858,1.404091,1.716100,2.409562,0.429374,1.588053,142.710312,Oblong
1.245651,1.357349,0.520281,1.416024,1.690783,2.394188,0.434885,1.591076,144.770081,Oblong
1.264636,1.346121,0.497112,1.494382,1.702353,2.543965,0.417315,1.612919,139.426651,Oblong
1.254051,1.319162,0.524216,1.446078,1.654297,2.392243,0.430513,1.559731,142.421188,Oblong
1.135880,1.333605,0.544265,1.377723,1.514816,2.086997,0.440673,1.545461,133.121902,Oblong
1.254862,1.366858,0.515332,1.419678,1.715218,2.435056,0.426232,1.603930,143.892532,Oblong
1.303113,1.331878,0.508128,1.477620,1.735588,2.564539,0.412010,1.588629,140.018723,Oblong
1.275858,1.350757,0.498265,1.485808,1.723374,2.560603,0.415701,1.614739,141.237091,Oblong
1.235892,1.344725,0.519342,1.431901,1.661935,2.379726,0.435302,1.583545,141.530273,Oblong
1.269227,1.287059,0.504974,1.538625,1.633570,2.513452,0.422714,1.560137,136.639236,Oblong
1.292546,1.362613,0.512823,1.431067,1.761239,2.520452,0.428364,1.604226,143.351074,Oblong
1.220336,1.357624,0.511999,1.438639,1.656757,2.383476,0.438281,1.601820,145.511658,Oblong
1.265058,1.348890,0.541075,1.370143,1.706424,2.338045,0.429540,1.559545,143.293488,Oblong
1.352810,1.373206,0.495754,1.468919,1.857687,2.728792,0.418055,1.634017,142.928040,Oblong
1.131431,1.362267,0.517981,1.417177,1.541311,2.184311,0.409139,1.597379,139.358383,Oblong
1.275442,1.322820,0.485946,1.555649,1.687181,2.624660,0.418011,1.610427,133.009949,Oblong
1.246578,1.308748,0.500398,1.526962,1.631457,2.491173,0.407607,1.581669,133.459946,Oblong
1.259413,1.331345,0.518122,1.449699,1.676713,2.430728,0.419375,1.575744,138.885376,Oblong
1.319525,1.320653,0.498447,1.519119,1.742635,2.647269,0.418211,1.592803,139.026733,Oblong
1.244713,1.265345,0.474340,1.666102,1.574992,2.624097,0.427325,1.581481,132.651627,Oblong
1.259569,1.353756,0.508583,1.452437,1.705149,2.476622,0.415966,1.603503,138.395264,Oblong
1.295870,1.382751,0.528628,1.368064,1.791864,2.451385,0.425144,1.597669,142.473480,Oblong
1.249496,1.373967,0.540858,1.345676,1.716767,2.310212,0.415660,1.576445,147.076950,Oblong
1.247533,1.340731,0.506708,1.471977,1.672607,2.462038,0.417510,1.596718,134.114029,Oblong
1.283536,1.366964,0.499619,1.464213,1.754549,2.569032,0.422380,1.624475,139.963562,Oblong
1.245185,1.329292,0.530948,1.416863,1.655215,2.345213,0.432016,1.558570,140.392639,Oblong
1.262731,1.357294,0.497164,1.481925,1.713898,2.539868,0.423261,1.620846,140.664703,Oblong
1.213550,1.350846,0.501118,1.477251,1.639320,2.421686,0.408440,1.611091,139.154037,Oblong
1.275887,1.400177,0.523603,1.364003,1.786467,2.436746,0.416841,1.615772,143.525131,Oblong
1.196745,1.334208,0.475282,1.576975,1.596706,2.517965,0.399447,1.632932,134.575165,Oblong
1.228702,1.388770,0.533596,1.349449,1.706385,2.302680,0.417169,1.595332,139.207184,Oblong
1.259609,1.332811,0.497494,1.508147,1.678820,2.531908,0.421830,1.602836,139.499313,Oblong
1.245506,1.402962,0.508705,1.401162,1.747398,2.448387,0.421598,1.637355,142.023682,Oblong
1.322282,1.278880,0.475923,1.642986,1.691040,2.778355,0.431658,1.590006,133.588394,Oblong
1.221688,1.351764,0.536621,1.378578,1.651434,2.276631,0.429409,1.566913,143.841049,Oblong
1.208563,1.336950,0.499231,1.498248,1.615788,2.420852,0.419893,1.603590,139.811111,Oblong
1.169372,1.324357,0.503054,1.501000,1.548666,2.324548,0.425425,1.589652,129.276306,Oblong
1.245242,1.368164,0.500405,1.460629,1.703696,2.488467,0.419686,1.624284,138.003769,Oblong
1.220469,1.320769,0.501301,1.510341,1.611958,2.434605,0.439633,1.589275,132.959503,Oblong
1.292255,1.329871,0.513583,1.464132,1.718532,2.516157,0.409820,1.580359,139.504120,Oblong
1.318582,1.345301,0.483612,1.537032,1.773890,2.726527,0.403117,1.630071,134.801147,Oblong
1.371776,1.390195,0.493728,1.456922,1.907036,2.778403,0.417839,1.648734,140.540207,Oblong
1.221467,1.391323,0.502803,1.429468,1.699455,2.429316,0.428634,1.637273,140.549713,Oblong
1.280169,1.417448,0.541629,1.302540,1.814574,2.363555,0.430319,1.603693,147.087723,Oblong
1.288854,1.385599,0.535150,1.348612,1.785834,2.408397,0.426586,1.591267,144.532700,Oblong
1.194667,1.281176,0.481302,1.621710,1.530578,2.482155,0.420395,1.584993,130.734833,Oblong
1.209935,1.409082,0.559452,1.268530,1.704898,2.162714,0.426295,1.575878,148.581238,Oblong
1.280881,1.348312,0.532834,1.391930,1.727027,2.403902,0.433341,1.569239,142.798462,Oblong
1.318291,1.379194,0.531545,1.364064,1.818179,2.480112,0.427143,1.591588,142.914398,Oblong
1.251770,1.348976,0.488958,1.516088,1.688607,2.560077,0.426605,1.625671,141.353119,Oblong
1.313885,1.339372,0.483904,1.542906,1.759780,2.715176,0.429385,1.625325,139.843597,Oblong
1.256743,1.307223,0.502471,1.522437,1.642844,2.501126,0.409465,1.577970,135.796524,Oblong
1.306665,1.305323,0.502402,1.524862,1.705620,2.600836,0.419064,1.576671,134.700394,Oblong
1.215990,1.383267,0.530924,1.361637,1.682039,2.290325,0.429303,1.595086,144.887527,Oblong
1.260662,1.366499,0.500475,1.462204,1.722694,2.518930,0.419353,1.623018,139.794907,Oblong
1.317232,1.365399,0.514327,1.423972,1.798547,2.561081,0.418294,1.604218,139.402908,Oblong
1.269063,1.370145,0.519091,1.406015,1.738801,2.444780,0.414770,1.601357,143.910751,Oblong
1.271688,1.341289,0.519760,1.434413,1.705701,2.446680,0.424299,1.580638,138.743088,Oblong
1.227350,1.361477,0.497332,1.476874,1.671009,2.467870,0.419508,1.623603,136.866058,Oblong
1.259578,1.361577,0.529849,1.386136,1.715011,2.377238,0.415237,1.581913,137.072937,Oblong
1.219318,1.325269,0.518490,1.455310,1.615924,2.351671,0.440450,1.571025,135.338318,Oblong
1.324535,1.302811,0.498199,1.540691,1.725619,2.658644,0.418489,1.580065,143.576584,Oblong
1.267354,1.335551,0.550788,1.359425,1.692615,2.300982,0.432951,1.539003,143.709656,Oblong
1.211190,1.300104,0.505309,1.522177,1.574673,2.396932,0.414096,1.569270,138.344711,Oblong
1.249501,1.332390,0.485996,1.544315,1.664824,2.571012,0.428173,1.617434,140.305832,Oblong
1.247505,1.371018,0.528622,1.379786,1.710352,2.359919,0.422851,1.589816,142.674179,Oblong
1.249496,1.373967,0.540858,1.345676,1.716767,2.310212,0.415660,1.576445,147.076950,Oblong
1.231356,1.351967,0.519464,1.423896,1.664753,2.370435,0.429243,1.588402,138.819046,Oblong
1.252994,1.322066,0.498089,1.518587,1.656541,2.515601,0.416457,1.594285,137.950943,Oblong
1.278999,1.353153,0.515415,1.433826,1.730681,2.481495,0.418763,1.594350,141.178284,Oblong
1.312544,1.400513,0.525958,1.357569,1.838236,2.495532,0.422751,1.612927,141.249573,Oblong
1.236905,1.366925,0.488837,1.496550,1.690756,2.530302,0.421841,1.638799,136.960983,Oblong
1.234710,1.361282,0.487372,1.507270,1.680787,2.533401,0.415131,1.636696,138.874832,Oblong
1.316316,1.377993,0.512495,1.415999,1.813875,2.568446,0.416818,1.615263,141.242294,Oblong
1.334716,1.354774,0.496005,1.488152,1.808239,2.690935,0.415864,1.620568,137.736572,Oblong
1.209037,1.400601,0.551051,1.295668,1.693380,2.194058,0.413240,1.580990,139.986801,Oblong
1.236589,1.376408,0.530226,1.370225,1.702052,2.332195,0.432710,1.591401,145.053650,Oblong
1.241802,1.394051,0.502167,1.428475,1.731135,2.472884,0.413039,1.640015,138.859192,Oblong
1.196805,1.388114,0.511252,1.409095,1.661303,2.340933,0.423106,1.623834,144.343613,Oblong
1.243448,1.366685,0.515167,1.420311,1.699402,2.413680,0.425666,1.604024,140.876160,Oblong
1.214407,1.351075,0.527154,1.404051,1.640754,2.303703,0.413745,1.578151,139.758499,Oblong
1.287432,1.313141,0.492508,1.546233,1.690580,2.614031,0.401679,1.594844,138.814957,Oblong
1.283693,1.351391,0.523794,1.412729,1.734772,2.450762,0.430972,1.582564,136.795029,Oblong
1.210788,1.316001,0.495187,1.534527,1.593398,2.445113,0.420440,1.593543,133.868164,Oblong
1.342480,1.329572,0.509147,1.477219,1.784924,2.636725,0.410053,1.585705,137.761917,Oblong
1.207876,1.394359,0.518215,1.383934,1.684213,2.330839,0.424247,1.618921,141.274918,Oblong
1.189909,1.401468,0.535857,1.331582,1.667620,2.220573,0.408449,1.600775,142.606766,Oblong
1.278673,1.349504,0.549426,1.348705,1.725574,2.327290,0.439680,1.549860,144.398148,Oblong
1.266036,1.364815,0.506138,1.447631,1.727905,2.501368,0.413107,1.614416,138.551498,Oblong
1.504684,1.328973,0.487014,1.545050,1.999684,3.089611,0.410186,1.613587,154.018829,Oblong
1.229836,1.286578,0.515836,1.506789,1.582280,2.384161,0.415708,1.546681,139.625443,Oblong
1.262020,1.369166,0.519054,1.407119,1.727915,2.431382,0.407343,1.600735,137.087845,Oblong
1.214800,1.344098,0.495836,1.500484,1.632809,2.450005,0.417618,1.613126,139.913773,Oblong
1.458097,1.390010,0.517552,1.390042,2.026770,2.817296,0.404719,1.616853,146.060501,Oblong
1.241299,1.309911,0.500309,1.525877,1.625992,2.481064,0.410520,1.582629,138.812973,Oblong
1.200296,1.325555,0.492858,1.530665,1.591058,2.435376,0.424560,1.603515,134.138153,Oblong
1.229886,1.271495,0.490223,1.604322,1.563794,2.508829,0.419420,1.566540,137.908432,Oblong
1.242233,1.370611,0.522470,1.396447,1.702619,2.377617,0.429885,1.597353,143.911758,Oblong
1.317259,1.361079,0.487239,1.507908,1.792893,2.703518,0.418185,1.636728,139.513321,Oblong
1.302672,1.366704,0.490111,1.492901,1.780368,2.657912,0.422334,1.636931,140.061249,Oblong
1.272786,1.284007,0.520310,1.496823,1.634266,2.446207,0.437541,1.539502,139.117783,Oblong
1.227683,1.325745,0.498389,1.513460,1.627594,2.463300,0.420427,1.596574,138.590439,Oblong
1.319443,1.367300,0.498464,1.467243,1.804075,2.647016,0.425629,1.626237,145.537811,Oblong
1.289166,1.318792,0.479968,1.579835,1.700142,2.685943,0.425330,1.615200,139.580856,Oblong
1.176947,1.358440,0.510015,1.443367,1.598813,2.307674,0.428728,1.604939,140.793488,Oblong
1.356762,1.334257,0.500656,1.496997,1.810269,2.709967,0.431323,1.599824,140.469223,Oblong
1.277353,1.343530,0.501543,1.484036,1.716163,2.546847,0.408553,1.605329,136.163269,Oblong
1.255507,1.338637,0.531227,1.406232,1.680668,2.363410,0.430857,1.564633,142.677277,Oblong
1.199122,1.307878,0.513969,1.487634,1.568305,2.333064,0.429678,1.564252,134.340408,Oblong
1.218599,1.338214,0.529875,1.410265,1.630747,2.299785,0.429083,1.565999,143.254990,Oblong
1.199764,1.327784,0.540441,1.393556,1.593027,2.219971,0.432385,1.546102,133.033783,Oblong
1.225571,1.340187,0.499732,1.493128,1.642494,2.452454,0.408457,1.605269,140.430588,Oblong
1.246651,1.383575,0.567726,1.273087,1.724836,2.195866,0.438437,1.549797,146.390717,Oblong
1.317307,1.346604,0.486254,1.527204,1.773891,2.709093,0.428349,1.627521,140.182846,Oblong
1.245403,1.322836,0.497966,1.518080,1.647464,2.500982,0.414783,1.595002,138.683014,Oblong
1.267645,1.369941,0.508655,1.435076,1.736598,2.492150,0.409661,1.614708,135.178513,Oblong
1.216091,1.366463,0.542038,1.350120,1.661744,2.243553,0.421762,1.570038,143.443665,Oblong
1.313269,1.380521,0.494693,1.464271,1.812995,2.654716,0.419005,1.640612,143.567444,Oblong
1.209525,1.366139,0.528246,1.385699,1.652379,2.289701,0.409575,1.587004,142.166656,Oblong
1.304513,1.377209,0.522938,1.388511,1.796587,2.494581,0.427734,1.601224,144.485016,Oblong
1.263711,1.345994,0.511608,1.452177,1.700947,2.470077,0.427110,1.594192,141.376541,Oblong
1.220024,1.350177,0.510150,1.451817,1.647247,2.391501,0.403607,1.598985,140.084305,Oblong
1.290222,1.299369,0.495639,1.552753,1.676475,2.603151,0.417080,1.580724,137.715729,Oblong
1.273777,1.405043,0.550361,1.293190,1.789712,2.314438,0.421860,1.584681,146.416672,Oblong
1.290791,1.391815,0.528730,1.358891,1.796543,2.441307,0.417531,1.603572,141.343155,Oblong
1.235671,1.370053,0.534410,1.365803,1.692935,2.312216,0.427110,1.581892,142.404282,Oblong
1.240853,1.331484,0.498299,1.507212,1.652177,2.490180,0.417720,1.600845,136.427322,Oblong
1.280940,1.316826,0.533773,1.422707,1.686775,2.399786,0.436337,1.546582,139.193710,Oblong
1.277883,1.396575,0.530138,1.350661,1.784660,2.410471,0.420847,1.604910,142.632523,Oblong
1.187300,1.357797,0.496920,1.482104,1.612113,2.389320,0.410201,1.621525,141.337784,Oblong
1.304556,1.353400,0.502135,1.471477,1.765587,2.598021,0.423582,1.611585,138.207214,Oblong
1.307770,1.409063,0.530444,1.337919,1.842731,2.465424,0.426558,1.612727,141.960800,Oblong
1.208576,1.388146,0.538247,1.338392,1.677681,2.245395,0.422188,1.589027,144.118622,Oblong
1.287607,1.355237,0.490263,1.505066,1.745013,2.626359,0.422778,1.628477,139.592117,Oblong
1.256952,1.302182,0.467933,1.641137,1.636781,2.686181,0.399235,1.618287,131.454407,Oblong
1.284987,1.310816,0.507252,1.503954,1.684382,2.533232,0.420830,1.574635,142.313843,Oblong
1.256015,1.372853,0.502280,1.450208,1.724325,2.500630,0.437454,1.625105,141.311462,Oblong
1.197411,1.300213,0.515741,1.491260,1.556889,2.321726,0.406684,1.556607,134.376083,Oblong
1.257021,1.318714,0.506391,1.497489,1.657651,2.482316,0.434334,1.581396,134.853775,Oblong
1.218545,1.359550,0.527172,1.395252,1.656672,2.311475,0.411896,1.583895,135.138702,Oblong
1.206701,1.354411,0.499752,1.477389,1.634370,2.414599,0.405185,1.615404,138.852982,Oblong
1.248024,1.313492,0.505955,1.504737,1.639269,2.466669,0.435052,1.578178,141.744553,Oblong
1.236693,1.383298,0.545632,1.324904,1.710715,2.266532,0.418934,1.576613,145.097168,Oblong
1.289591,1.367180,0.504295,1.450405,1.763103,2.557214,0.414639,1.618479,138.337509,Oblong
1.221875,1.396360,0.529859,1.351583,1.706176,2.306038,0.418983,1.605128,143.880692,Oblong
1.296839,1.328174,0.510802,1.473984,1.722427,2.538830,0.412926,1.582635,137.583099,Oblong
1.158875,1.384004,0.558615,1.293451,1.603888,2.074550,0.419537,1.561090,146.562500,Oblong
1.282376,1.333565,0.486464,1.541471,1.710131,2.636117,0.422549,1.617686,141.527542,Oblong
1.283662,1.364208,0.522049,1.404132,1.751182,2.458890,0.420423,1.593529,142.079071,Oblong
1.292151,1.358018,0.511762,1.438887,1.754763,2.524906,0.421269,1.602398,139.332535,Oblong
1.228339,1.418157,0.567584,1.242354,1.741978,2.164153,0.430655,1.571432,146.001389,Oblong
1.301635,1.336773,0.497926,1.502371,1.739990,2.614111,0.415801,1.605141,139.954498,Oblong
1.244145,1.330006,0.501453,1.499396,1.654720,2.481082,0.405944,1.595750,138.305557,Oblong
1.242199,1.301550,0.486713,1.578578,1.616784,2.552221,0.423137,1.593590,135.081070,Oblong
1.241351,1.341716,0.515380,1.446145,1.665540,2.408613,0.430741,1.586428,141.026825,Oblong
1.190973,1.377076,0.539159,1.346868,1.640059,2.208944,0.424920,1.580608,144.959274,Oblong
1.296901,1.301581,0.475434,1.615989,1.688022,2.727825,0.436845,1.608065,134.683578,Oblong
1.223439,1.380620,0.505961,1.431558,1.689105,2.418052,0.422055,1.625656,140.599579,Oblong
1.304054,1.358923,0.493376,1.491514,1.772109,2.643125,0.414876,1.627005,142.850708,Oblong
1.272458,1.381718,0.508935,1.422061,1.758179,2.500238,0.411202,1.622493,137.526947,Oblong
1.241953,1.354989,0.504662,1.462391,1.682833,2.460959,0.424336,1.609430,141.720276,Oblong
1.208076,1.339543,0.502043,1.486970,1.618270,2.406319,0.422669,1.601838,141.593994,Oblong
1.244820,1.326418,0.523015,1.441470,1.651151,2.380085,0.422229,1.566262,139.248779,Oblong
1.256003,1.364057,0.501396,1.462131,1.713260,2.505011,0.410210,1.620084,136.818100,Oblong
1.223177,1.357553,0.546851,1.347022,1.660528,2.236767,0.428449,1.558276,143.724792,Oblong
1.271172,1.377904,0.547780,1.324876,1.751552,2.320590,0.426427,1.570451,145.219284,Oblong
1.223674,1.361526,0.535345,1.371955,1.666064,2.285765,0.419679,1.575032,139.753677,Oblong
1.249668,1.409423,0.537513,1.319986,1.761311,2.324907,0.422144,1.603819,147.939835,Oblong
1.267732,1.379436,0.528377,1.372002,1.748756,2.399297,0.420707,1.595774,143.489136,Oblong
1.245415,1.378755,0.510247,1.421453,1.717123,2.440810,0.413893,1.618727,140.469879,Oblong
1.292546,1.362613,0.512823,1.431067,1.761239,2.520452,0.428364,1.604226,143.351074,Oblong
1.243139,1.379113,0.539342,1.344423,1.714430,2.304919,0.422749,1.581721,143.548691,Oblong
1.282572,1.325596,0.484354,1.557492,1.700173,2.648004,0.439562,1.614554,136.142288,Oblong
1.268677,1.346500,0.518807,1.431489,1.708273,2.445375,0.423314,1.585448,142.300415,Oblong
1.289447,1.297156,0.501627,1.536834,1.672614,2.570530,0.410596,1.571655,134.517090,Oblong
1.240452,1.346131,0.500930,1.482982,1.669812,2.476300,0.413184,1.607977,142.594162,Oblong
1.205946,1.358150,0.524974,1.402538,1.637856,2.297155,0.422368,1.585704,146.661835,Oblong
1.302190,1.375060,0.508414,1.430411,1.790590,2.561281,0.421568,1.618575,144.096390,Oblong
1.232386,1.324492,0.500524,1.508431,1.632285,2.462190,0.416264,1.592952,137.794327,Oblong
1.195203,1.371995,0.560298,1.300853,1.639812,2.133155,0.414757,1.551393,143.593094,Oblong
1.210459,1.435573,0.560970,1.241752,1.737703,2.157796,0.414302,1.590387,145.385696,Oblong
1.286428,1.335133,0.521157,1.437165,1.717553,2.468407,0.419915,1.574622,142.765335,Oblong
1.131970,1.367199,0.520695,1.404705,1.547628,2.173961,0.405565,1.597295,138.445602,Oblong
1.283369,1.354944,0.477446,1.545806,1.738893,2.687990,0.423486,1.645435,134.852585,Oblong
1.251966,1.370718,0.527964,1.381809,1.716092,2.371311,0.418572,1.590447,140.465240,Oblong
1.251578,1.397408,0.554242,1.291152,1.748966,2.258180,0.418940,1.574986,141.257919,Oblong
1.301393,1.372532,0.501562,1.452623,1.786204,2.594681,0.423580,1.625828,139.612900,Oblong
1.282701,1.346614,0.537361,1.381944,1.727304,2.387037,0.422881,1.562543,140.189285,Oblong
1.310430,1.411898,0.546835,1.295210,1.850194,2.396390,0.424872,1.593496,143.892303,Oblong
1.176783,1.382010,0.528216,1.369863,1.626325,2.227843,0.423427,1.597699,143.035294,Oblong
1.265799,1.381168,0.525831,1.376916,1.748281,2.407235,0.415208,1.600185,147.676086,Oblong
1.257360,1.387677,0.547962,1.315107,1.744810,2.294612,0.422539,1.576553,144.604202,Oblong
1.334423,1.386462,0.486013,1.484035,1.850126,2.745651,0.417129,1.656625,142.459717,Oblong
1.311604,1.367756,0.507232,1.441400,1.793955,2.585807,0.430185,1.615044,142.423706,Oblong
1.333154,1.345033,0.508388,1.462419,1.793136,2.622316,0.431394,1.597617,137.542770,Oblong
1.244725,1.292692,0.487359,1.587290,1.609047,2.554023,0.413683,1.586120,136.165756,Oblong
1.278292,1.391182,0.561350,1.280509,1.778336,2.277175,0.418723,1.562301,147.753113,Oblong
1.260942,1.304013,0.484013,1.584387,1.644285,2.605183,0.424332,1.598879,136.247711,Oblong
1.228906,1.367702,0.515349,1.418752,1.680777,2.384607,0.423083,1.604489,145.834152,Oblong
1.259359,1.418665,0.562007,1.254233,1.786609,2.240823,0.421216,1.578663,145.772339,Oblong
1.222149,1.320176,0.527891,1.434909,1.613451,2.315155,0.417738,1.555978,138.204086,Oblong
1.249320,1.348556,0.484444,1.530690,1.684778,2.578873,0.449219,1.631351,139.638931,Oblong
1.225186,1.376290,0.522323,1.391076,1.686211,2.345648,0.414287,1.601391,140.533173,Oblong
1.240119,1.334870,0.472423,1.585733,1.655398,2.625019,0.413967,1.637251,138.170837,Oblong
1.328766,1.324947,0.487781,1.547308,1.760544,2.724105,0.415144,1.609622,136.930084,Oblong
1.272709,1.356928,0.536890,1.372643,1.726974,2.370518,0.421856,1.570045,142.374313,Oblong
1.315133,1.314792,0.504177,1.508549,1.729127,2.608473,0.423334,1.581336,134.849487,Oblong
1.282054,1.349661,0.483422,1.532670,1.730339,2.652039,0.419787,1.633522,136.669571,Oblong
1.250771,1.352983,0.504495,1.465045,1.692273,2.479256,0.409154,1.608231,138.048172,Oblong
1.275200,1.275947,0.466464,1.680155,1.627088,2.733761,0.423677,1.599750,134.980011,Oblong
1.245082,1.388942,0.567204,1.269335,1.729348,2.195122,0.414565,1.553788,141.490997,Oblong
1.224438,1.311142,0.470014,1.622706,1.605412,2.605112,0.411384,1.622445,131.835953,Oblong
1.203161,1.344939,0.486859,1.527194,1.618177,2.471271,0.418577,1.625504,136.354660,Oblong
1.236234,1.320740,0.484676,1.562182,1.632744,2.550642,0.437250,1.610530,138.847061,Oblong
1.303042,1.309930,0.513105,1.487803,1.706895,2.539523,0.411628,1.566779,139.701859,Oblong
1.233740,1.372082,0.544826,1.337710,1.692792,2.264464,0.434979,1.570295,142.971863,Oblong
1.294614,1.365807,0.504806,1.450394,1.768192,2.564576,0.424827,1.616849,140.537079,Oblong
1.315418,1.362832,0.506540,1.448584,1.792694,2.596867,0.410818,1.612504,136.824448,Oblong
1.265537,1.299393,0.489337,1.572719,1.644430,2.586226,0.410662,1.588654,135.364243,Oblong
1.283404,1.334072,0.485370,1.544357,1.712153,2.644175,0.412492,1.619492,138.167343,Oblong
1.182837,1.358837,0.510730,1.440924,1.607282,2.315971,0.420901,1.604294,143.351303,Oblong
1.249884,1.335813,0.526934,1.420686,1.669612,2.371994,0.423838,1.567962,144.507339,Oblong
1.235942,1.304200,0.508141,1.508938,1.611915,2.432281,0.417989,1.568757,138.315445,Oblong
1.227838,1.353232,0.503623,1.467311,1.661550,2.438010,0.405503,1.609535,139.099426,Oblong
1.214899,1.342285,0.477316,1.560807,1.630741,2.545271,0.404668,1.636240,139.170273,Oblong
1.246568,1.371297,0.532866,1.368518,1.709415,2.339365,0.430620,1.584658,143.992462,Oblong
1.274919,1.336916,0.534274,1.400014,1.704459,2.386266,0.433293,1.559741,144.685608,Oblong
1.241745,1.363395,0.490975,1.493891,1.692989,2.529142,0.407396,1.633403,138.722366,Oblong
1.295578,1.355427,0.545514,1.352439,1.756062,2.374967,0.425843,1.558496,147.449799,Oblong
1.275266,1.350133,0.534607,1.385443,1.721778,2.385425,0.423084,1.568289,136.538940,Oblong
1.217797,1.341376,0.515028,1.447501,1.633525,2.364528,0.419320,1.586633,141.163498,Oblong
1.277507,1.341181,0.482965,1.543822,1.713367,2.645134,0.412847,1.627900,138.967407,Oblong
1.249333,1.322458,0.511496,1.478344,1.652191,2.442507,0.414199,1.577705,134.893173,Oblong
1.256018,1.355173,0.483367,1.526611,1.702121,2.598477,0.421280,1.637626,140.166412,Oblong
1.297612,1.355467,0.500382,1.474379,1.758870,2.593241,0.414823,1.615332,137.389206,Oblong
1.243385,1.353241,0.547664,1.349305,1.682600,2.270341,0.424091,1.554447,141.640854,Oblong
1.315190,1.325242,0.489112,1.542755,1.742946,2.688937,0.422221,1.608117,135.752808,Oblong
1.264727,1.375966,0.559933,1.297944,1.740222,2.258710,0.433768,1.554369,145.987732,Oblong
1.278036,1.368673,0.510807,1.430354,1.749213,2.501993,0.414219,1.611030,144.362747,Oblong
1.243593,1.372801,0.495054,1.471431,1.707205,2.512034,0.395038,1.634665,135.812668,Oblong
1.231527,1.396807,0.531090,1.348018,1.720205,2.318868,0.420147,1.603838,140.831253,Oblong
1.284961,1.287995,0.499978,1.552869,1.655023,2.570033,0.416739,1.566933,136.337051,Oblong
1.228772,1.372925,0.496778,1.466191,1.687011,2.473481,0.424209,1.632453,142.714371,Oblong
1.317287,1.347498,0.493399,1.504088,1.775042,2.669819,0.419680,1.618758,138.648407,Oblong
1.233325,1.314458,0.496565,1.532064,1.621154,2.483712,0.409000,1.590666,136.364883,Oblong
1.195481,1.340984,0.515480,1.446655,1.603120,2.319162,0.405808,1.585790,140.415604,Oblong
1.240132,1.342566,0.460815,1.616358,1.664960,2.691170,0.405323,1.658846,137.104706,Oblong
1.236856,1.436931,0.528330,1.317221,1.777278,2.341069,0.417384,1.633643,147.270950,Oblong
1.267536,1.346163,0.489527,1.517489,1.706310,2.589307,0.428124,1.622877,142.317719,Oblong
1.190921,1.365948,0.565703,1.294128,1.626737,2.105206,0.428543,1.541075,144.533279,Oblong
1.141082,1.380444,0.528383,1.370983,1.575199,2.159572,0.430535,1.596439,139.954147,Oblong
1.179384,1.306798,0.475008,1.610983,1.541216,2.482872,0.425065,1.612595,131.244217,Oblong
1.206602,1.342712,0.489268,1.522195,1.620119,2.466137,0.407121,1.620707,135.793427,Oblong
1.305592,1.347936,0.469300,1.580813,1.759854,2.782000,0.407565,1.651290,137.009872,Oblong
1.244965,1.356658,0.498255,1.479374,1.688992,2.498651,0.425797,1.618961,135.809219,Oblong
1.154001,1.332160,0.505452,1.485126,1.537314,2.283105,0.404082,1.592214,132.541382,Oblong
1.244269,1.406175,0.526693,1.350215,1.749659,2.362416,0.426555,1.615714,141.629074,Oblong
1.219759,1.329910,0.498599,1.508087,1.622169,2.446372,0.419486,1.599323,136.813049,Oblong
1.299003,1.374996,0.526865,1.380382,1.786123,2.465533,0.407923,1.594719,142.378510,Oblong
1.248582,1.403115,0.542213,1.314427,1.751904,2.302750,0.440380,1.593735,147.999100,Oblong
1.293618,1.301007,0.454706,1.690402,1.683007,2.844957,0.414740,1.634867,138.169724,Oblong
1.279082,1.401082,0.512789,1.391868,1.792099,2.494364,0.406988,1.630626,139.948029,Oblong
1.231634,1.365052,0.525560,1.393891,1.681245,2.343472,0.423005,1.589658,138.391769,Oblong
1.245848,1.333106,0.508333,1.475663,1.660848,2.450852,0.432817,1.589244,143.588943,Oblong
1.183774,1.357319,0.528902,1.392973,1.606758,2.238170,0.415729,1.580217,139.726196,Oblong
1.240605,1.305916,0.483118,1.585009,1.620126,2.567914,0.413179,1.601456,137.713440,Oblong
1.240677,1.336939,0.504167,1.483591,1.658710,2.460848,0.408613,1.597260,137.734604,Oblong
1.259780,1.409454,0.522942,1.356735,1.775601,2.409021,0.412548,1.622801,144.829163,Oblong
1.217022,1.328426,0.474171,1.587551,1.616724,2.566631,0.408951,1.630069,133.677780,Oblong
1.266052,1.402182,0.559097,1.275583,1.775234,2.264458,0.426746,1.571992,143.669250,Oblong
1.293830,1.385413,0.493735,1.461933,1.792488,2.620497,0.429500,1.645358,146.297333,Oblong
1.227876,1.395516,0.556163,1.288438,1.713520,2.207764,0.411841,1.571408,145.157562,Oblong
1.235032,1.402832,0.541611,1.316154,1.732543,2.280294,0.421188,1.594318,144.428696,Oblong
1.200981,1.317534,0.500248,1.517235,1.582334,2.400773,0.421221,1.588258,137.046509,Oblong
1.228279,1.334673,0.482469,1.552943,1.639351,2.545819,0.403576,1.623750,137.113052,Oblong
1.305248,1.340215,0.511230,1.459518,1.749313,2.553154,0.437789,1.590611,141.204483,Oblong
1.210512,1.335054,0.495032,1.513100,1.616099,2.445319,0.415936,1.607633,140.276901,Oblong
1.272781,1.365955,0.494175,1.481436,1.738562,2.575569,0.419601,1.630972,140.168777,Oblong
1.277353,1.380494,0.494585,1.464618,1.763378,2.582675,0.407122,1.640738,137.253723,Oblong
1.304598,1.338603,0.489855,1.525037,1.746339,2.663232,0.414808,1.616942,137.489670,Oblong
1.264201,1.368899,0.479642,1.523040,1.730563,2.635716,0.423987,1.652679,142.350403,Oblong
1.314441,1.353271,0.512564,1.441674,1.778794,2.564441,0.414951,1.598064,139.256592,Oblong
1.306673,1.375825,0.489544,1.484722,1.797753,2.669165,0.416675,1.644223,143.520844,Oblong
1.264441,1.367993,0.494737,1.477548,1.729747,2.555784,0.429265,1.631675,137.357346,Oblong
1.325002,1.293551,0.476073,1.623840,1.713958,2.783193,0.436096,1.601103,139.214828,Oblong
1.253453,1.366466,0.544055,1.345111,1.712800,2.303906,0.426372,1.567557,144.546204,Oblong
1.355122,1.343898,0.529214,1.406057,1.821146,2.560634,0.435583,1.570700,144.235275,Oblong
1.232456,1.329328,0.507902,1.481114,1.638338,2.426564,0.422964,1.587098,140.464966,Oblong
1.362197,1.369272,0.497152,1.468998,1.865218,2.740001,0.407339,1.629372,141.544357,Oblong
1.257685,1.345007,0.485255,1.532163,1.691596,2.591800,0.417095,1.627676,139.633606,Oblong
1.235537,1.361713,0.529799,1.386128,1.682447,2.332088,0.416911,1.582068,138.816498,Oblong
1.181752,1.352311,0.528975,1.397940,1.598096,2.234042,0.417327,1.576728,139.315262,Oblong
1.253439,1.318019,0.501164,1.513904,1.652056,2.501054,0.410630,1.587455,138.752319,Oblong
1.261329,1.336111,0.516895,1.447954,1.685276,2.440202,0.436741,1.580608,143.284485,Oblong
1.237629,1.341873,0.533061,1.398015,1.660741,2.321740,0.423548,1.564592,143.164459,Oblong
1.234072,1.372596,0.508664,1.432274,1.693882,2.426103,0.403425,1.616539,137.797760,Oblong
1.252817,1.363685,0.475396,1.542520,1.708447,2.635314,0.405497,1.654666,137.189514,Oblong
1.221077,1.298262,0.491966,1.565679,1.585278,2.482036,0.407954,1.584501,136.153427,Oblong
1.325039,1.307068,0.514451,1.487160,1.731916,2.575636,0.432265,1.563084,141.099258,Oblong
1.276795,1.321877,0.504043,1.500865,1.687766,2.533108,0.431065,1.586618,136.117447,Oblong
1.271931,1.345508,0.499423,1.488146,1.711393,2.546803,0.418349,1.609481,133.521576,Oblong
1.363004,1.349129,0.500502,1.480950,1.838868,2.723271,0.418406,1.610667,138.261856,Oblong
1.289357,1.376538,0.516125,1.407529,1.774849,2.498151,0.423403,1.609548,141.878204,Oblong
1.267474,1.312725,0.490194,1.554026,1.663844,2.585658,0.407106,1.597484,132.823486,Oblong
1.271918,1.345386,0.540720,1.374614,1.711221,2.352268,0.425874,1.557631,135.265900,Oblong
1.248796,1.390925,0.506112,1.420527,1.736982,2.467428,0.408178,1.632576,139.352158,Oblong
1.302580,1.340482,0.493144,1.512742,1.746085,2.641375,0.432520,1.614017,141.256805,Oblong
1.259092,1.381285,0.500154,1.447481,1.739166,2.517409,0.395763,1.633830,136.840637,Oblong
1.313269,1.380521,0.494693,1.464271,1.812995,2.654716,0.419005,1.640612,143.567444,Oblong
1.207172,1.364150,0.524381,1.397947,1.646764,2.302089,0.420665,1.590536,140.724945,Oblong
1.316987,1.343397,0.515212,1.444807,1.769236,2.556205,0.419784,1.587814,145.183258,Oblong
1.278321,1.341297,0.489214,1.523968,1.714608,2.613008,0.410215,1.619746,140.534668,Oblong
1.254862,1.366858,0.515332,1.419678,1.715218,2.435056,0.426232,1.603930,143.892532,Oblong
1.236856,1.436931,0.528330,1.317221,1.777278,2.341069,0.417384,1.633643,147.270950,Oblong
1.317320,1.357486,0.506052,1.455693,1.788243,2.603133,0.422132,1.609389,138.590942,Oblong
1.185325,1.307596,0.491089,1.557277,1.549927,2.413665,0.424713,1.592545,128.234787,Oblong
1.227671,1.376389,0.527344,1.377733,1.689752,2.328027,0.411911,1.595046,140.403198,Oblong
1.270051,1.369953,0.513462,1.421628,1.739910,2.473505,0.417824,1.608474,140.796616,Oblong
1.245542,1.323846,0.471818,1.600988,1.648906,2.639879,0.394088,1.629736,139.374359,Oblong
1.265272,1.403920,0.506917,1.405144,1.776341,2.496014,0.411386,1.640409,140.053650,Oblong
1.261383,1.426264,0.567586,1.235288,1.799066,2.222365,0.429256,1.576394,147.294846,Oblong
1.262120,1.336146,0.518331,1.443907,1.686376,2.434972,0.429315,1.578841,142.903549,Oblong
1.217978,1.352961,0.528421,1.398732,1.647876,2.304938,0.409318,1.577858,134.086899,Oblong
1.213772,1.369641,0.508348,1.436258,1.662432,2.387681,0.418535,1.614901,141.082352,Oblong
1.238740,1.306517,0.491316,1.557844,1.618435,2.521269,0.413750,1.591457,136.646362,Oblong
1.259212,1.335211,0.498631,1.502004,1.681314,2.525341,0.413701,1.603109,133.573654,Oblong
1.259115,1.346524,0.500392,1.484143,1.695428,2.516258,0.415184,1.608953,138.206985,Oblong
1.281684,1.372066,0.538916,1.352397,1.758556,2.378266,0.420730,1.577606,141.905762,Oblong
1.226896,1.316269,0.507387,1.497324,1.614924,2.418065,0.400153,1.578394,135.852737,Oblong
1.326350,1.339956,0.496294,1.503733,1.777251,2.672511,0.420871,1.609546,139.175781,Oblong
1.322922,1.328807,0.483892,1.555211,1.757907,2.733917,0.418487,1.617538,136.976059,Oblong
1.296063,1.307126,0.468396,1.633313,1.694118,2.767025,0.407399,1.621491,135.247757,Oblong
1.253059,1.349845,0.525194,1.410576,1.691435,2.385899,0.424394,1.579755,141.460464,Oblong
1.245780,1.373173,0.525376,1.386132,1.710672,2.371217,0.413501,1.595385,138.563004,Oblong
1.242796,1.306734,0.493981,1.549183,1.624004,2.515879,0.415870,1.588250,138.819962,Oblong
1.280802,1.437424,0.561496,1.238991,1.841056,2.281053,0.417618,1.590856,146.300476,Oblong
1.242802,1.349599,0.523001,1.416748,1.677284,2.376289,0.424433,1.582325,144.814087,Oblong
1.243060,1.320480,0.500169,1.514089,1.641437,2.485282,0.417204,1.590497,139.944870,Oblong
1.305915,1.334084,0.519644,1.442482,1.742200,2.513093,0.428851,1.575768,141.050369,Oblong
1.340965,1.375933,0.523417,1.388529,1.845078,2.561945,0.414094,1.599748,141.504990,Oblong
1.283211,1.376215,0.560431,1.296556,1.765974,2.289685,0.421491,1.553927,143.593399,Oblong
1.210131,1.417391,0.546319,1.291411,1.715228,2.215064,0.432047,1.597648,146.510376,Oblong
1.305973,1.338620,0.493420,1.514000,1.748202,2.646778,0.415359,1.612308,136.762085,Oblong
1.305621,1.327966,0.481817,1.562900,1.733821,2.709788,0.422913,1.619632,136.775085,Oblong
1.307379,1.343037,0.474955,1.567686,1.755859,2.752636,0.412866,1.639967,140.162323,Oblong
1.198147,1.354875,0.532089,1.387128,1.623339,2.251780,0.420469,1.574600,141.735474,Oblong
1.297990,1.353430,0.493580,1.496948,1.756738,2.629745,0.406982,1.622792,136.855301,Oblong
1.234106,1.376265,0.513956,1.413749,1.698456,2.401191,0.420346,1.612175,140.604462,Oblong
1.268102,1.411426,0.569817,1.243388,1.789833,2.225457,0.411505,1.564554,142.705948,Oblong
1.288079,1.306427,0.525051,1.457852,1.682781,2.453246,0.436932,1.549791,143.130112,Oblong
1.262327,1.342747,0.498456,1.494098,1.694986,2.532475,0.418281,1.608754,142.843842,Oblong
1.267389,1.327771,0.496232,1.517720,1.682803,2.554023,0.416693,1.600801,137.938843,Oblong
1.212638,1.315623,0.511602,1.485718,1.595374,2.370276,0.434752,1.572700,141.748932,Oblong
1.209538,1.381647,0.514761,1.406040,1.671155,2.349710,0.417643,1.614812,141.521591,Oblong
1.285049,1.360029,0.530024,1.387255,1.747704,2.424511,0.419832,1.580650,142.372055,Oblong
1.271715,1.346282,0.497455,1.493173,1.712087,2.556442,0.419653,1.612589,140.116043,Oblong
1.244973,1.336095,0.502973,1.488052,1.663402,2.475228,0.418369,1.598181,137.600784,Oblong
1.283561,1.399495,0.500290,1.428258,1.796337,2.565632,0.415248,1.646316,143.350555,Oblong
1.236856,1.436931,0.528330,1.317221,1.777278,2.341069,0.417384,1.633643,147.270950,Oblong
1.292575,1.373309,0.512259,1.421486,1.775104,2.523285,0.416902,1.612348,139.684753,Oblong
1.216898,1.342432,0.476820,1.562259,1.633603,2.552111,0.410431,1.637014,139.138931,Oblong
1.263563,1.352633,0.509601,1.450742,1.709137,2.479517,0.417166,1.601410,142.254013,Oblong
1.280033,1.376941,0.523843,1.386383,1.762531,2.443542,0.423227,1.599884,145.010223,Oblong
1.223077,1.357551,0.489896,1.503628,1.660388,2.496607,0.422507,1.630635,136.562653,Oblong
1.305361,1.309194,0.502467,1.520158,1.708971,2.597905,0.425566,1.579410,136.667755,Oblong
1.238651,1.402066,0.541911,1.316145,1.736671,2.285710,0.417565,1.593443,144.464447,Oblong
1.293297,1.382107,0.537508,1.346087,1.787475,2.406096,0.418533,1.585991,140.821198,Oblong
1.166852,1.314881,0.499283,1.523235,1.534272,2.337057,0.442356,1.587544,132.369980,Oblong
1.268098,1.364071,0.497215,1.474411,1.729775,2.550400,0.415350,1.625600,139.753372,Oblong
1.245575,1.362097,0.530019,1.385163,1.696594,2.350059,0.433803,1.582052,144.373352,Oblong
1.269384,1.355350,0.495109,1.490209,1.720460,2.563846,0.418702,1.622157,142.365891,Oblong
1.265650,1.368996,0.515931,1.415815,1.732671,2.453141,0.419793,1.604631,143.664703,Oblong
1.251652,1.319394,0.491380,1.542438,1.651422,2.547216,0.408251,1.600891,138.710800,Oblong
1.280101,1.368086,0.518966,1.408470,1.751289,2.466639,0.428226,1.600110,142.911530,Oblong
1.273712,1.348789,0.493275,1.503029,1.717969,2.582156,0.408626,1.619852,137.300735,Oblong
1.293910,1.312314,0.486267,1.567066,1.698017,2.660903,0.437438,1.602205,136.037888,Oblong
1.272820,1.360484,0.515302,1.426412,1.731652,2.470050,0.429019,1.599573,141.848694,Oblong
1.221981,1.319093,0.507348,1.494234,1.611906,2.408564,0.416480,1.580472,137.280823,Oblong
1.359557,1.370784,0.511210,1.427024,1.863658,2.659486,0.418663,1.611968,144.751358,Oblong
1.227389,1.295540,0.492956,1.565817,1.590132,2.489856,0.427021,1.581234,135.236771,Oblong
1.276021,1.351393,0.515992,1.434086,1.724406,2.472947,0.431111,1.592396,139.507355,Oblong
1.291271,1.350800,0.528238,1.401455,1.744250,2.444488,0.425467,1.576616,141.075638,Oblong
1.205022,1.307314,0.518356,1.475680,1.575342,2.324700,0.423762,1.558503,138.252487,Oblong
1.302217,1.369334,0.505843,1.443694,1.783169,2.574351,0.415119,1.617960,138.047150,Oblong
1.278078,1.351962,0.469995,1.573773,1.727913,2.719342,0.409356,1.653356,135.463272,Oblong
1.318455,1.398029,0.526686,1.358101,1.843238,2.503304,0.428335,1.610334,141.785767,Oblong
1.187700,1.346514,0.513811,1.445392,1.599254,2.311549,0.436701,1.591761,138.867371,Oblong
1.294409,1.348132,0.491657,1.508707,1.745035,2.632747,0.418249,1.621502,135.798126,Oblong
1.271073,1.345832,0.516352,1.439007,1.710652,2.461639,0.411786,1.588074,140.462418,Oblong
1.234627,1.410163,0.519438,1.365202,1.741025,2.376851,0.422933,1.627901,140.811447,Oblong
1.180368,1.431784,0.538920,1.295980,1.690032,2.190248,0.418926,1.616359,145.529480,Oblong
1.243317,1.383855,0.518510,1.393646,1.720570,2.397866,0.414945,1.611436,144.117889,Oblong
1.256210,1.387131,0.531378,1.356686,1.742527,2.364063,0.439198,1.597074,146.093414,Oblong
1.233266,1.299602,0.470530,1.635320,1.602755,2.621017,0.415350,1.612908,134.714676,Oblong
1.237839,1.421879,0.565936,1.242711,1.760056,2.187242,0.419792,1.575757,145.599365,Oblong
1.259885,1.407999,0.564240,1.258732,1.773917,2.232887,0.428094,1.569282,147.573914,Oblong
1.194744,1.354330,0.521461,1.415968,1.618078,2.291147,0.394977,1.587512,140.055771,Oblong
1.239125,1.399732,0.546493,1.307287,1.734443,2.267414,0.405994,1.586150,143.546860,Oblong
1.258398,1.321627,0.503880,1.501634,1.663134,2.497418,0.414680,1.586643,138.209366,Oblong
1.255352,1.372511,0.497431,1.464709,1.722984,2.523671,0.394227,1.631292,136.253052,Oblong
1.262358,1.355621,0.516992,1.426849,1.711278,2.441735,0.420591,1.594055,141.575317,Oblong
1.225888,1.309948,0.521221,1.464617,1.605850,2.351955,0.433513,1.556892,135.977081,Oblong
1.282300,1.292077,0.486008,1.592458,1.656830,2.638432,0.434013,1.587357,132.041748,Oblong
1.349381,1.379933,0.496898,1.458394,1.862055,2.715610,0.419127,1.637236,140.120422,Oblong
1.320813,1.362177,0.505653,1.451825,1.799180,2.612094,0.414799,1.613200,137.838043,Oblong
1.189770,1.390802,0.523770,1.372758,1.654734,2.271550,0.412769,1.609296,141.321014,Oblong
1.203497,1.344462,0.518551,1.434367,1.618055,2.320885,0.415667,1.584356,142.651047,Oblong
1.254708,1.345046,0.498699,1.490818,1.687640,2.515964,0.413705,1.610089,136.801987,Oblong
1.240936,1.328182,0.490900,1.533731,1.648189,2.527879,0.416916,1.607964,137.246262,Oblong
1.159656,1.312939,0.491589,1.549362,1.522558,2.358993,0.408661,1.595865,132.569107,Oblong
1.325421,1.364923,0.494554,1.481419,1.809097,2.680031,0.414284,1.629731,138.755646,Oblong
1.277117,1.361978,0.543324,1.351361,1.739406,2.350565,0.411266,1.565496,139.800278,Oblong
1.227112,1.358897,0.542531,1.356402,1.667519,2.261827,0.421997,1.564429,141.740250,Oblong
1.323612,1.324175,0.522667,1.444872,1.752695,2.532420,0.414822,1.565124,141.174026,Oblong
1.313263,1.389226,0.493985,1.457182,1.824419,2.658510,0.426892,1.647704,143.782608,Oblong
1.245219,1.309375,0.491719,1.553170,1.630459,2.532380,0.428121,1.593065,138.276291,Oblong
1.306900,1.373349,0.518357,1.404721,1.794829,2.521234,0.427003,1.604487,141.482132,Oblong
1.290426,1.339533,0.514676,1.450482,1.728568,2.507257,0.415848,1.585784,139.635910,Oblong
1.195719,1.363606,0.523431,1.401044,1.630489,2.284386,0.422636,1.591368,144.718063,Oblong
1.230351,1.328335,0.499045,1.508527,1.634318,2.465412,0.411036,1.597614,139.182968,Oblong
1.278234,1.354683,0.506234,1.458181,1.731601,2.524987,0.416233,1.607182,138.929062,Oblong
1.275454,1.387916,0.508742,1.416248,1.770222,2.507074,0.417591,1.627012,142.179428,Oblong
1.229890,1.355405,0.534490,1.380355,1.667000,2.301053,0.420030,1.571985,142.922974,Oblong
1.267498,1.331613,0.504543,1.488412,1.687817,2.512168,0.409244,1.592975,138.660995,Oblong
1.260076,1.338906,0.515831,1.447913,1.687124,2.442809,0.420512,1.583896,138.798355,Oblong
1.209919,1.334263,0.482113,1.554567,1.614351,2.509617,0.426052,1.623917,135.880219,Oblong
1.201717,1.324333,0.501979,1.504241,1.591473,2.393959,0.425919,1.590994,140.122116,Oblong
1.274497,1.271428,0.477563,1.646938,1.620431,2.668750,0.427432,1.582177,132.883011,Oblong
1.239702,1.324376,0.474609,1.590937,1.641832,2.612052,0.416250,1.626438,134.386871,Oblong
1.255916,1.409920,0.538082,1.318127,1.770741,2.334061,0.417141,1.603409,145.331238,Oblong
1.233711,1.379806,0.501979,1.443767,1.702281,2.457696,0.423829,1.630366,140.431992,Oblong
1.227044,1.332318,0.513031,1.463015,1.634812,2.391754,0.417030,1.582776,139.522202,Oblong
1.315658,1.340732,0.501550,1.487113,1.763945,2.623185,0.410434,1.603320,135.763748,Oblong
1.306060,1.342110,0.501986,1.484295,1.752875,2.601784,0.429176,1.603744,138.495483,Oblong
1.178676,1.338734,0.509836,1.465128,1.577933,2.311873,0.432582,1.591330,140.447205,Oblong
1.244455,1.366589,0.514343,1.422686,1.700659,2.419503,0.402035,1.605017,139.978653,Oblong
1.256325,1.396294,0.495432,1.445571,1.754200,2.535820,0.415744,1.650692,141.347504,Oblong
1.213853,1.316129,0.492749,1.541968,1.597587,2.463428,0.418525,1.596739,138.192352,Oblong
1.255928,1.359286,0.501106,1.468114,1.707166,2.506313,0.414241,1.617095,139.215515,Oblong
1.204299,1.313295,0.478749,1.590484,1.581599,2.515509,0.409549,1.612652,137.022217,Oblong
1.221461,1.367370,0.474921,1.539898,1.670190,2.571923,0.411769,1.658028,136.441605,Oblong
1.190968,1.323941,0.480274,1.572687,1.576772,2.479769,0.425972,1.618654,131.736816,Oblong
1.262669,1.327925,0.497168,1.514688,1.676729,2.539722,0.416175,1.599715,138.027496,Oblong
1.303777,1.341971,0.511013,1.458226,1.749631,2.551358,0.414654,1.592121,142.868210,Oblong
1.245470,1.419577,0.556988,1.264722,1.768040,2.236079,0.420859,1.585510,145.319992,Oblong
1.231213,1.363658,0.509565,1.439115,1.678953,2.416207,0.423131,1.609158,138.719025,Oblong
1.201988,1.351179,0.519662,1.424183,1.624102,2.313019,0.424958,1.587608,140.317139,Oblong
1.223440,1.364606,0.489040,1.498472,1.669514,2.501719,0.409392,1.636860,139.094177,Oblong
1.251196,1.370357,0.529263,1.378780,1.714585,2.364035,0.425274,1.588562,140.730118,Oblong
1.286795,1.399703,0.534079,1.337699,1.801131,2.409370,0.425940,1.601901,141.808533,Oblong
1.190167,1.341158,0.487668,1.528960,1.596202,2.440529,0.423269,1.621676,140.026657,Oblong
1.224431,1.315975,0.491885,1.544858,1.611320,2.489261,0.414763,1.597727,137.642929,Oblong
1.216091,1.366463,0.542038,1.350120,1.661744,2.243553,0.421762,1.570038,143.443665,Oblong
1.227333,1.408805,0.529523,1.340492,1.729073,2.317808,0.420936,1.613756,142.419296,Oblong
1.218604,1.331327,0.496166,1.513867,1.622361,2.456039,0.424970,1.603468,136.480164,Oblong
1.212302,1.347960,0.523350,1.417524,1.634136,2.316427,0.414557,1.580763,137.646820,Oblong
1.220828,1.321375,0.491897,1.538509,1.613171,2.481878,0.413536,1.601686,135.646896,Oblong
1.246176,1.325379,0.486087,1.552194,1.651655,2.563690,0.412999,1.612139,138.089905,Oblong
1.237732,1.311971,0.508153,1.499966,1.623869,2.435749,0.426312,1.574351,139.125504,Oblong
1.207906,1.305459,0.512225,1.495465,1.576872,2.358157,0.431244,1.564653,132.870789,Oblong
1.236242,1.318775,0.523496,1.448493,1.630325,2.361514,0.423135,1.560336,142.422852,Oblong
1.332179,1.380581,0.514219,1.408608,1.839181,2.590686,0.418290,1.614790,142.178726,Oblong
1.285114,1.290015,0.473286,1.637877,1.657817,2.715301,0.426261,1.601960,132.142380,Oblong
1.254132,1.326994,0.501413,1.502918,1.664226,2.501195,0.413601,1.593631,138.835037,Oblong
1.217201,1.319017,0.533386,1.421372,1.605509,2.282027,0.420680,1.548556,141.269821,Oblong
1.318597,1.331573,0.503987,1.490101,1.755808,2.616331,0.418944,1.593653,139.519257,Oblong
1.230430,1.348619,0.500554,1.481359,1.659380,2.458138,0.410496,1.610237,137.891846,Oblong
1.227694,1.334159,0.502099,1.492804,1.637938,2.445122,0.416426,1.597909,138.465073,Oblong
1.267341,1.350406,0.518287,1.428780,1.711426,2.445251,0.427227,1.588809,144.064255,Oblong
1.265382,1.334081,0.496627,1.509342,1.688123,2.547954,0.415533,1.604871,138.344086,Oblong
1.322684,1.367069,0.504515,1.449892,1.808200,2.621695,0.425464,1.618115,144.926529,Oblong
1.227815,1.355098,0.520028,1.419064,1.663810,2.361053,0.420393,1.589848,140.006302,Oblong
1.283347,1.317257,0.494803,1.534254,1.690498,2.593653,0.432391,1.594952,137.001801,Oblong
1.222338,1.318807,0.502368,1.509374,1.612027,2.433152,0.416455,1.586510,134.455460,Oblong
1.284366,1.329605,0.500926,1.501423,1.707700,2.563981,0.418723,1.596132,139.615326,Oblong
1.316314,1.377067,0.509635,1.424904,1.812652,2.582855,0.413385,1.618364,140.669708,Oblong
1.358938,1.331082,0.499857,1.502966,1.808858,2.718652,0.423970,1.598560,139.607025,Oblong
1.179384,1.306798,0.475008,1.610983,1.541216,2.482872,0.425065,1.612595,131.244217,Oblong
1.300988,1.409855,0.508126,1.395900,1.834205,2.560367,0.420926,1.642821,143.648849,Oblong
1.265930,1.401807,0.530853,1.343810,1.774589,2.384711,0.422060,1.607436,146.056183,Oblong
1.235635,1.357831,0.519553,1.417505,1.677783,2.378266,0.423555,1.592329,142.322205,Oblong
1.241672,1.316451,0.474745,1.600056,1.634600,2.615452,0.411251,1.620269,135.271652,Oblong
1.248914,1.355549,0.519030,1.421322,1.692964,2.406247,0.427563,1.591421,141.447067,Oblong
1.258882,1.323315,0.491909,1.536215,1.665896,2.559175,0.414648,1.603094,138.152252,Oblong
1.227081,1.335013,0.552883,1.354820,1.638169,2.219425,0.422902,1.536170,143.393463,Oblong
1.223054,1.321715,0.526868,1.436020,1.616529,2.321369,0.416439,1.558287,138.127243,Oblong
1.306341,1.356151,0.520165,1.417589,1.771597,2.511397,0.429637,1.590399,143.199707,Oblong
1.317253,1.331779,0.492039,1.526049,1.754290,2.677132,0.435793,1.609122,135.317200,Oblong
1.256430,1.341372,0.507539,1.468864,1.685339,2.475534,0.421928,1.596113,137.235199,Oblong
1.259965,1.386976,0.529465,1.361738,1.747541,2.379694,0.427215,1.599414,146.961456,Oblong
1.236061,1.321331,0.507616,1.490916,1.633245,2.435032,0.415268,1.581742,142.936920,Oblong
1.229415,1.329430,0.479385,1.569097,1.634421,2.564565,0.405976,1.623921,136.901703,Oblong
1.213772,1.369641,0.508348,1.436258,1.662432,2.387681,0.418535,1.614901,141.082352,Oblong
1.223219,1.353878,0.512561,1.441036,1.656088,2.386482,0.436939,1.598490,141.968048,Oblong
1.204278,1.305204,0.507272,1.510359,1.571829,2.374026,0.414100,1.570554,139.756226,Oblong
1.293954,1.417986,0.540573,1.304589,1.834808,2.393671,0.442807,1.605396,147.420273,Oblong
1.318697,1.326825,0.485831,1.551318,1.749680,2.714310,0.416133,1.613540,136.926895,Oblong
1.209525,1.366139,0.528246,1.385699,1.652379,2.289701,0.409575,1.587004,142.166656,Oblong
1.227081,1.335013,0.552883,1.354820,1.638169,2.219425,0.422902,1.536170,143.393463,Oblong
1.289394,1.383533,0.511440,1.413240,1.783918,2.521104,0.430651,1.620447,142.593460,Oblong
1.243485,1.348855,0.531531,1.394782,1.677282,2.339442,0.429125,1.571215,143.806946,Oblong
1.275893,1.366733,0.502045,1.457383,1.743806,2.541392,0.408916,1.621118,134.816193,Oblong
1.204047,1.370508,0.553842,1.317445,1.650155,2.173988,0.436143,1.558241,143.979034,Oblong
1.226995,1.355593,0.508557,1.450543,1.663307,2.412698,0.397670,1.604825,137.953278,Oblong
1.206025,1.329721,0.484420,1.552450,1.603677,2.489628,0.409403,1.617525,132.312485,Oblong
1.267389,1.327771,0.496232,1.517720,1.682803,2.554023,0.416693,1.600801,137.938843,Oblong
1.246396,1.341825,0.507749,1.467760,1.672446,2.454749,0.411516,1.596166,132.236008,Oblong
1.269063,1.370145,0.519091,1.406015,1.738801,2.444780,0.414770,1.601357,143.910751,Oblong
1.254560,1.290052,0.499038,1.553314,1.618448,2.513958,0.425482,1.569612,141.174850,Oblong
1.225744,1.400230,0.564779,1.264510,1.716324,2.170308,0.414211,1.563786,142.573212,Oblong
1.243797,1.340507,0.488514,1.527052,1.667319,2.546084,0.407355,1.620089,138.171539,Oblong
1.222813,1.336012,0.507613,1.474540,1.633693,2.408947,0.423877,1.592218,142.395020,Oblong
1.260942,1.304013,0.484013,1.584387,1.644285,2.605183,0.424332,1.598879,136.247711,Oblong
1.255352,1.372511,0.497431,1.464709,1.722984,2.523671,0.394227,1.631292,136.253052,Oblong
1.254868,1.332379,0.498923,1.504315,1.671960,2.515153,0.414903,1.600691,136.916519,Oblong
1.280363,1.309969,0.503843,1.515109,1.677235,2.541194,0.411082,1.578258,136.009521,Oblong
1.296623,1.319782,0.511242,1.482079,1.711259,2.536221,0.411149,1.576115,137.918610,Oblong
1.309507,1.365015,0.503606,1.454693,1.787496,2.600259,0.427672,1.617863,142.622025,Oblong
1.247611,1.399403,0.554250,1.289293,1.745911,2.250990,0.432391,1.576242,146.925323,Oblong
1.223182,1.312975,0.505393,1.507004,1.606007,2.420259,0.409242,1.578504,135.959717,Oblong
1.240522,1.378444,0.531698,1.364412,1.709991,2.333132,0.410223,1.590895,143.503647,Oblong
1.262801,1.394231,0.534861,1.340986,1.760637,2.360989,0.424820,1.597314,143.272293,Oblong
1.233517,1.327281,0.485988,1.550285,1.637224,2.538164,0.414178,1.613674,136.046814,Oblong
1.257026,1.323527,0.500489,1.509637,1.663709,2.511597,0.419869,1.592299,134.957245,Oblong
1.249210,1.393829,0.495327,1.448434,1.741185,2.521992,0.414755,1.649110,139.791656,Oblong
1.297766,1.314196,0.478413,1.590511,1.705519,2.712647,0.418032,1.613770,134.009750,Oblong
1.249125,1.322036,0.510738,1.481012,1.651389,2.445727,0.441302,1.578349,140.013870,Oblong
1.250847,1.394254,0.569509,1.259382,1.743998,2.196360,0.442644,1.554317,148.756348,Oblong
1.288990,1.389907,0.545252,1.319524,1.791576,2.364028,0.420733,1.581372,144.126144,Oblong
1.158076,1.380666,0.522537,1.386100,1.598917,2.216258,0.437741,1.604075,143.424850,Oblong
1.255792,1.387556,0.505857,1.424694,1.742482,2.482502,0.422777,1.630592,142.857498,Oblong
1.318658,1.392695,0.502557,1.428759,1.836489,2.623899,0.416112,1.638553,144.088669,Oblong
1.247360,1.309754,0.493207,1.548035,1.633735,2.529080,0.422152,1.591458,136.881393,Oblong
1.278718,1.314461,0.489195,1.555144,1.680825,2.613925,0.416814,1.600047,139.253281,Oblong
1.207172,1.364150,0.524381,1.397947,1.646764,2.302089,0.420665,1.590536,140.724945,Oblong
1.232902,1.336971,0.531593,1.407015,1.648354,2.319258,0.426446,1.563047,143.861725,Oblong
1.334742,1.353135,0.519563,1.422396,1.806087,2.568969,0.423638,1.589083,140.694443,Oblong
1.251567,1.394602,0.511250,1.402544,1.745438,2.448053,0.422772,1.628266,142.813232,Oblong
1.223998,1.294514,0.517266,1.493409,1.584483,2.366281,0.423197,1.550680,142.118515,Oblong
1.224370,1.335141,0.527159,1.420796,1.634706,2.322583,0.430632,1.567222,142.020004,Oblong
1.266662,1.386569,0.544516,1.324487,1.756314,2.326215,0.432221,1.580127,144.034149,Oblong
1.261275,1.357174,0.539904,1.364734,1.711769,2.336109,0.416753,1.566503,139.073776,Oblong
1.321612,1.316320,0.502994,1.510344,1.739665,2.627494,0.425851,1.583924,135.036972,Oblong
1.265080,1.359382,0.488071,1.507217,1.719728,2.592003,0.417958,1.634389,140.326981,Oblong
1.285316,1.290827,0.513728,1.507991,1.659120,2.501937,0.430509,1.552282,135.958359,Oblong
1.238450,1.323317,0.521901,1.447931,1.638862,2.372959,0.426807,1.565462,142.691940,Oblong
1.281728,1.316656,0.524137,1.449048,1.687594,2.445404,0.430193,1.558072,141.767624,Oblong
1.237453,1.357879,0.484835,1.518954,1.680311,2.552315,0.413758,1.637628,138.137543,Oblong
1.282897,1.375256,0.518619,1.402065,1.764312,2.473680,0.419310,1.605451,145.635361,Oblong
1.309222,1.415230,0.534775,1.321302,1.852851,2.448175,0.423753,1.611119,142.088806,Oblong
1.276232,1.330347,0.480645,1.563906,1.697831,2.655247,0.429444,1.622944,137.053818,Oblong
1.257241,1.369720,0.538029,1.356946,1.722068,2.336754,0.421268,1.577156,141.479355,Oblong
1.281889,1.313462,0.496874,1.532274,1.683713,2.579910,0.414710,1.589547,138.470215,Oblong
1.267743,1.387260,0.491826,1.465651,1.758689,2.577624,0.407779,1.649251,131.292908,Oblong
1.186926,1.348116,0.532612,1.392715,1.600114,2.228502,0.425383,1.569381,142.277283,Oblong
1.324150,1.397170,0.488611,1.464831,1.850063,2.710029,0.407438,1.660656,143.764511,Oblong
1.304488,1.376188,0.498910,1.456464,1.795221,2.614674,0.419718,1.631913,143.818283,Oblong
1.256176,1.352533,0.494419,1.495398,1.699019,2.540710,0.417036,1.621045,139.803375,Oblong
1.235892,1.344725,0.519342,1.431901,1.661935,2.379726,0.435302,1.583545,141.530273,Oblong
1.228805,1.364033,0.520155,1.409427,1.676131,2.362385,0.416373,1.595819,143.838974,Oblong
1.180762,1.329664,0.502552,1.496501,1.570018,2.349533,0.409551,1.594106,138.120453,Oblong
1.240673,1.330239,0.520702,1.443713,1.650391,2.382691,0.435424,1.571775,139.827560,Oblong
1.236856,1.436931,0.528330,1.317221,1.777278,2.341069,0.417384,1.633643,147.270950,Oblong
1.314258,1.352399,0.502560,1.471321,1.777401,2.615128,0.408879,1.610324,139.967361,Oblong
1.211648,1.349062,0.531385,1.394950,1.634588,2.280169,0.423771,1.571535,139.914688,Oblong
1.328908,1.332721,0.486587,1.542057,1.771064,2.731081,0.424777,1.616905,137.480103,Oblong
1.158076,1.380666,0.522537,1.386100,1.598917,2.216258,0.437741,1.604075,143.424850,Oblong
1.219339,1.325197,0.528220,1.428581,1.615864,2.308394,0.419510,1.559060,142.398926,Oblong
1.241143,1.389834,0.505017,1.424726,1.724983,2.457628,0.405109,1.633284,137.010162,Oblong
1.338008,1.352998,0.497639,1.485211,1.810322,2.688710,0.415037,1.617157,138.296173,Oblong
1.257880,1.352832,0.494350,1.495275,1.701700,2.544511,0.412969,1.621349,139.130890,Oblong
1.279560,1.381474,0.545808,1.326226,1.767678,2.344342,0.422846,1.575209,140.595474,Oblong
1.203264,1.324160,0.466480,1.618924,1.593314,2.579455,0.411889,1.637096,136.537094,Oblong
1.241985,1.357481,0.503707,1.462474,1.685971,2.465689,0.414924,1.612428,139.329590,Oblong
1.260360,1.387226,0.515914,1.397254,1.748404,2.442965,0.416076,1.617106,141.489639,Oblong
1.250234,1.351629,0.516792,1.431617,1.689852,2.419222,0.418629,1.591546,141.598816,Oblong
1.251032,1.368762,0.549427,1.329725,1.712366,2.276975,0.430303,1.562483,145.580002,Oblong
1.280986,1.353658,0.498328,1.482435,1.734017,2.570568,0.424765,1.616727,140.685532,Oblong
1.189556,1.329783,0.516253,1.456654,1.581851,2.304211,0.413553,1.576970,143.598511,Oblong
1.228967,1.360580,0.501658,1.465102,1.672109,2.449811,0.414316,1.617287,140.215286,Oblong
1.273089,1.315408,0.513447,1.480621,1.674632,2.479496,0.423111,1.570269,140.513977,Oblong
1.291761,1.345500,0.499767,1.487130,1.738064,2.584728,0.419226,1.609030,138.286316,Oblong
1.297026,1.332322,0.476125,1.576412,1.728057,2.724129,0.436330,1.630398,139.524368,Oblong
1.259986,1.280599,0.465758,1.676589,1.613537,2.705238,0.414775,1.604309,130.866379,Oblong
1.321258,1.346155,0.505655,1.469098,1.778618,2.612964,0.408934,1.601907,143.860580,Oblong
1.301736,1.379295,0.518374,1.398619,1.795477,2.511188,0.422117,1.608515,141.772705,Oblong
1.237016,1.381719,0.539860,1.340600,1.709208,2.291363,0.428562,1.582784,145.647888,Oblong
1.261599,1.314635,0.521975,1.457287,1.658542,2.416972,0.428430,1.559281,143.424026,Oblong
1.280101,1.368086,0.518966,1.408470,1.751289,2.466639,0.428226,1.600110,142.911530,Oblong
1.298613,1.352826,0.509043,1.452123,1.756798,2.551086,0.437248,1.602260,142.233353,Oblong
1.252963,1.368134,0.532624,1.372303,1.714221,2.352432,0.420701,1.582846,138.148849,Oblong
1.272709,1.356928,0.536890,1.372643,1.726974,2.370518,0.421856,1.570045,142.374313,Oblong
1.257918,1.349368,0.485236,1.527274,1.697394,2.592385,0.410443,1.630891,141.179214,Oblong
1.325448,1.382536,0.506692,1.427512,1.832479,2.615887,0.434149,1.626016,144.507645,Oblong
1.277313,1.354090,0.495104,1.491613,1.729597,2.579888,0.433947,1.621261,139.764008,Oblong
1.224309,1.326848,0.507893,1.483907,1.624472,2.410565,0.420624,1.585341,137.955322,Oblong
1.237654,1.332111,0.501662,1.496403,1.648692,2.467109,0.418564,1.596998,138.156250,Oblong
1.258259,1.304682,0.490546,1.562484,1.641629,2.565019,0.407032,1.591069,136.666245,Oblong
1.257977,1.318264,0.489376,1.550081,1.658347,2.570572,0.403607,1.602629,140.274948,Oblong
1.270071,1.358733,0.520797,1.413180,1.725688,2.438707,0.425163,1.591373,142.481186,Oblong
1.304456,1.310557,0.479473,1.591402,1.709565,2.720604,0.419347,1.609648,142.137222,Oblong
1.264702,1.345996,0.510762,1.454579,1.702284,2.476105,0.431932,1.595270,140.302719,Oblong
1.303629,1.402741,0.509270,1.399827,1.828653,2.559797,0.426210,1.636446,143.173248,Oblong
1.236786,1.316575,0.480386,1.581117,1.628322,2.574566,0.414490,1.612991,136.385117,Oblong
1.274288,1.286265,0.496549,1.565697,1.639072,2.566290,0.415918,1.569866,137.070068,Oblong
1.254627,1.347410,0.529565,1.401461,1.690496,2.369164,0.414858,1.572661,138.340927,Oblong
1.225007,1.336069,0.508963,1.470567,1.636694,2.406868,0.408885,1.590549,136.501755,Oblong
1.289539,1.355512,0.496837,1.484849,1.747986,2.595495,0.432940,1.620003,140.281616,Oblong
1.285926,1.347457,0.509741,1.455912,1.732731,2.522704,0.423053,1.597597,141.843109,Oblong
1.208984,1.294963,0.474562,1.627231,1.565589,2.547575,0.449077,1.604125,134.923065,Oblong
1.200042,1.315506,0.509925,1.490737,1.578662,2.353370,0.432226,1.574693,135.561798,Oblong
1.273632,1.299005,0.499225,1.542028,1.654454,2.551215,0.423878,1.575988,136.525284,Oblong
1.253488,1.355151,0.517166,1.426863,1.698666,2.423764,0.419522,1.593510,141.245743,Oblong
1.227333,1.408805,0.529523,1.340492,1.729073,2.317808,0.420936,1.613756,142.419296,Oblong
1.257523,1.337333,0.495487,1.509134,1.681727,2.537951,0.407269,1.608694,136.557495,Oblong
1.330663,1.406563,0.525327,1.353352,1.871661,2.533017,0.427775,1.617756,142.389435,Oblong
1.266218,1.390777,0.499678,1.438972,1.761027,2.534068,0.419897,1.641092,143.535919,Oblong
1.257962,1.328223,0.533523,1.411158,1.670854,2.357839,0.423965,1.554716,142.582291,Oblong
1.280774,1.386029,0.503994,1.431537,1.775190,2.541249,0.421710,1.632014,137.035263,Oblong
1.294631,1.353244,0.501766,1.472727,1.751951,2.580146,0.422942,1.611953,139.291809,Oblong
1.239259,1.318276,0.504813,1.502669,1.633686,2.454889,0.436759,1.583056,140.424622,Oblong
1.211860,1.365146,0.530768,1.380118,1.654366,2.283220,0.414860,1.583167,141.443115,Oblong
1.287108,1.347483,0.477158,1.555303,1.734356,2.697449,0.423279,1.640309,138.405304,Oblong
1.274218,1.331608,0.503321,1.492034,1.696759,2.531622,0.420346,1.594524,137.465225,Oblong
1.317134,1.342663,0.519007,1.435025,1.768467,2.537794,0.411621,1.582534,141.186218,Oblong
1.230463,1.355490,0.527643,1.398183,1.667880,2.332001,0.425608,1.580548,142.388458,Oblong
1.354883,1.327868,0.482625,1.560397,1.799105,2.807319,0.412538,1.618500,137.802719,Oblong
1.249825,1.353247,0.511541,1.444583,1.691322,2.443255,0.412507,1.599355,142.708450,Oblong
1.339166,1.376298,0.511494,1.420517,1.843091,2.618143,0.424786,1.615403,147.523392,Oblong
1.289301,1.324644,0.497189,1.518377,1.707864,2.593182,0.406252,1.597306,132.224426,Oblong
1.312117,1.355474,0.478669,1.541253,1.778540,2.741181,0.405769,1.644172,140.014191,Oblong
1.239259,1.318276,0.504813,1.502669,1.633686,2.454889,0.436759,1.583056,140.424622,Oblong
1.262327,1.342747,0.498456,1.494098,1.694986,2.532475,0.418281,1.608754,142.843842,Oblong
1.231284,1.440929,0.555445,1.249443,1.774194,2.216755,0.422567,1.600716,148.411346,Oblong
1.287694,1.362761,0.517251,1.418663,1.754819,2.489496,0.428110,1.598651,142.825760,Oblong
1.236522,1.347400,0.499202,1.486714,1.666090,2.476999,0.417083,1.611121,140.454391,Oblong
1.262120,1.336146,0.518331,1.443907,1.686376,2.434972,0.429315,1.578841,142.903549,Oblong
1.285377,1.356945,0.494375,1.490669,1.744186,2.600005,0.406109,1.624267,135.520523,Oblong
1.328333,1.377214,0.533035,1.362205,1.829399,2.492017,0.425023,1.588387,143.594894,Oblong
1.165347,1.293304,0.486403,1.589654,1.507148,2.395843,0.411579,1.587785,136.070068,Oblong
1.205447,1.317174,0.490679,1.547246,1.587783,2.456692,0.417201,1.600153,138.152222,Oblong
1.306077,1.313783,0.493379,1.542751,1.715901,2.647209,0.413606,1.594210,137.004593,Oblong
1.275611,1.384227,0.504215,1.432772,1.765735,2.529895,0.409290,1.630471,139.109360,Oblong
1.262762,1.337831,0.485113,1.540833,1.689363,2.603026,0.409476,1.622598,138.455536,Oblong
1.330800,1.329691,0.515949,1.457613,1.769552,2.579323,0.439020,1.577283,141.074036,Oblong
1.253207,1.375351,0.504545,1.441074,1.723599,2.483834,0.424816,1.623861,139.401154,Oblong
1.258021,1.348534,0.519520,1.427369,1.696484,2.421510,0.423995,1.585960,141.908707,Oblong
1.245430,1.296373,0.470365,1.639967,1.614541,2.647795,0.403768,1.610633,133.171539,Oblong
1.258235,1.358429,0.489272,1.504573,1.709222,2.571649,0.418559,1.632099,140.702179,Oblong
1.271483,1.333036,0.477823,1.569969,1.694932,2.660992,0.417612,1.628678,138.993835,Oblong
1.235914,1.338146,0.508200,1.470489,1.653832,2.431942,0.418575,1.592987,140.917023,Oblong
1.217752,1.376068,0.522892,1.389786,1.675711,2.328880,0.411268,1.600512,142.268494,Oblong
1.208851,1.338871,0.489386,1.526195,1.618495,2.470140,0.423306,1.617751,136.741959,Oblong
1.218804,1.326844,0.511469,1.473536,1.617163,2.382948,0.423504,1.580857,138.600311,Oblong
1.181301,1.332632,0.487297,1.539914,1.574240,2.424194,0.429823,1.615912,137.028488,Oblong
1.234030,1.360789,0.491719,1.494487,1.679255,2.509624,0.409336,1.630541,134.011200,Oblong
1.310903,1.345065,0.498030,1.492799,1.763250,2.632177,0.417159,1.610970,141.617020,Oblong
1.308256,1.292790,0.495460,1.561218,1.691301,2.640488,0.422588,1.576068,136.848541,Oblong
1.280417,1.372225,0.510635,1.427131,1.757021,2.507500,0.431491,1.613712,141.142258,Oblong
1.271278,1.372915,0.491525,1.481871,1.745357,2.586394,0.404766,1.639475,138.483780,Oblong
1.254683,1.326904,0.515087,1.463120,1.664845,2.435868,0.431450,1.576391,140.077667,Oblong
1.231114,1.311714,0.507619,1.501836,1.614869,2.425269,0.420091,1.574827,140.997223,Oblong
1.258691,1.430104,0.530412,1.318315,1.800060,2.373045,0.432271,1.626464,147.376984,Oblong
1.208745,1.360568,0.504949,1.455567,1.644580,2.393797,0.419410,1.612986,137.386032,Oblong
1.288600,1.369187,0.504640,1.447289,1.764335,2.553503,0.420909,1.619433,142.815002,Oblong
1.289248,1.359653,0.478197,1.538030,1.752929,2.696059,0.412098,1.647882,137.979279,Oblong
1.223219,1.353878,0.512561,1.441036,1.656088,2.386482,0.436939,1.598490,141.968048,Oblong
1.279601,1.371379,0.504820,1.444462,1.754817,2.534766,0.416920,1.620728,137.733292,Oblong
1.285455,1.364790,0.502544,1.458008,1.754376,2.557894,0.416339,1.619095,140.815720,Oblong
1.205317,1.320445,0.490480,1.544039,1.591555,2.457423,0.418532,1.602820,138.217972,Oblong
1.310741,1.360524,0.504560,1.456736,1.783294,2.597789,0.428355,1.613461,143.779175,Oblong
1.186576,1.378654,0.559016,1.297539,1.635878,2.122615,0.425447,1.557195,144.697708,Oblong
1.292201,1.340864,0.504956,1.476937,1.732666,2.559038,0.410861,1.599049,137.785751,Oblong
1.228125,1.296839,0.485353,1.588751,1.592681,2.530374,0.426383,1.591775,131.445190,Oblong
1.248650,1.369143,0.509693,1.432989,1.709581,2.449811,0.423992,1.612804,143.667831,Oblong
1.260266,1.331971,0.535710,1.401443,1.678638,2.352515,0.424285,1.554633,145.751953,Oblong
1.220641,1.303784,0.492790,1.556439,1.591452,2.476998,0.402634,1.587568,134.761078,Oblong
1.191237,1.344890,0.512954,1.449554,1.602083,2.322307,0.415011,1.591711,138.188019,Oblong
1.210195,1.330526,0.521774,1.440436,1.610196,2.319384,0.421625,1.570651,138.324631,Oblong
1.269769,1.369973,0.532222,1.371497,1.739549,2.385786,0.423718,1.584581,142.998322,Oblong
1.194745,1.331878,0.525835,1.427861,1.591254,2.272091,0.418202,1.566595,141.318634,Oblong
1.203183,1.325616,0.488069,1.545614,1.594958,2.465190,0.405735,1.609742,138.140793,Oblong
1.284028,1.300685,0.495334,1.552137,1.670116,2.592249,0.420307,1.582079,134.100586,Oblong
1.276519,1.339134,0.492241,1.517046,1.709429,2.593282,0.415830,1.614215,138.635574,Oblong
1.304292,1.408975,0.513182,1.383010,1.837715,2.541578,0.426688,1.635433,146.669907,Oblong
1.208651,1.354744,0.528321,1.397156,1.637413,2.287722,0.412816,1.579196,141.924438,Oblong
1.273113,1.356142,0.490493,1.503357,1.726522,2.595580,0.417945,1.628826,140.293884,Oblong
1.285894,1.324305,0.491041,1.537779,1.702917,2.618710,0.426991,1.604938,137.411270,Oblong
1.281469,1.350516,0.493371,1.500812,1.730645,2.597372,0.427891,1.620970,142.109970,Oblong
1.288600,1.369187,0.504640,1.447289,1.764335,2.553503,0.420909,1.619433,142.815002,Oblong
1.267482,1.293917,0.486840,1.587477,1.640017,2.603490,0.415237,1.587696,134.126236,Oblong
1.214407,1.351075,0.527154,1.404051,1.640754,2.303703,0.413745,1.578151,139.758499,Oblong
1.239125,1.399732,0.546493,1.307287,1.734443,2.267414,0.405994,1.586150,143.546860,Oblong
1.241351,1.341716,0.515380,1.446145,1.665540,2.408613,0.430741,1.586428,141.026825,Oblong
1.260478,1.362135,0.500133,1.467893,1.716942,2.520287,0.408791,1.620385,136.991974,Oblong
1.243593,1.372801,0.495054,1.471431,1.707205,2.512034,0.395038,1.634665,135.812668,Oblong
1.247371,1.373142,0.505501,1.440663,1.712817,2.467592,0.415520,1.621064,143.672607,Oblong
1.222971,1.307779,0.509680,1.500264,1.599377,2.399487,0.419113,1.569446,141.250793,Oblong
1.251841,1.300234,0.497230,1.546755,1.627686,2.517631,0.433261,1.579377,137.875397,Oblong
1.235416,1.241847,0.468122,1.720175,1.534197,2.639088,0.441157,1.570629,133.237762,Oblong
1.240156,1.369774,0.519846,1.404353,1.698734,2.385622,0.425164,1.600137,143.070404,Oblong
1.196728,1.364698,0.492754,1.487077,1.633173,2.428654,0.416290,1.631965,138.507599,Oblong
1.245677,1.358341,0.506452,1.453626,1.692053,2.459612,0.417076,1.609470,140.162460,Oblong
1.201301,1.364750,0.496983,1.474367,1.639475,2.417189,0.412645,1.626390,139.516403,Oblong
1.234280,1.318945,0.484906,1.563562,1.627948,2.545397,0.411051,1.608896,140.434921,Oblong
1.211528,1.322373,0.490636,1.541297,1.602092,2.469299,0.412470,1.604039,139.422470,Oblong
1.307959,1.320513,0.485447,1.559968,1.727177,2.694340,0.414679,1.609362,134.332199,Oblong
1.249501,1.332390,0.485996,1.544315,1.664824,2.571012,0.428173,1.617434,140.305832,Oblong
1.241421,1.331841,0.513776,1.461415,1.653376,2.416267,0.413958,1.581507,138.061783,Oblong
1.369258,1.337592,0.506610,1.475715,1.831508,2.702785,0.432510,1.594613,144.410049,Oblong
1.370508,1.369396,0.487194,1.498888,1.876769,2.813066,0.414127,1.642788,140.130249,Oblong
1.290330,1.367105,0.500197,1.462370,1.764017,2.579646,0.415078,1.623813,137.931244,Oblong
1.234627,1.410163,0.519438,1.365202,1.741025,2.376851,0.422933,1.627901,140.811447,Oblong
1.246742,1.349051,0.531876,1.393673,1.681918,2.344044,0.428979,1.570921,143.812546,Oblong
1.322434,1.315979,0.525112,1.447101,1.740295,2.518384,0.420631,1.556417,141.516724,Oblong
1.227134,1.323064,0.529804,1.426605,1.623577,2.316202,0.411515,1.555663,132.714066,Oblong
1.285528,1.339045,0.510968,1.461542,1.721380,2.515870,0.417183,1.590118,137.622971,Oblong
1.256480,1.305974,0.490937,1.559694,1.640930,2.559349,0.418490,1.591534,138.689392,Oblong
1.230506,1.346928,0.475916,1.560003,1.657403,2.585554,0.405253,1.641570,139.788773,Oblong
1.275395,1.345294,0.517400,1.436667,1.715781,2.465006,0.416444,1.586380,138.779327,Oblong
1.237506,1.351874,0.541780,1.365340,1.672952,2.284148,0.422447,1.560678,142.011353,Oblong
1.253501,1.328551,0.501674,1.500377,1.665340,2.498638,0.423526,1.594422,135.765152,Oblong
1.248024,1.313492,0.505955,1.504737,1.639269,2.466669,0.435052,1.578178,141.744553,Oblong
1.241771,1.317085,0.501036,1.515366,1.635517,2.478406,0.410032,1.586938,135.022186,Oblong
1.275923,1.363117,0.498258,1.472355,1.739232,2.560769,0.412878,1.623547,137.428955,Oblong
1.331228,1.327091,0.488085,1.543844,1.766661,2.727449,0.426370,1.610808,137.377869,Oblong
1.208576,1.388146,0.538247,1.338392,1.677681,2.245395,0.422188,1.589027,144.118622,Oblong
1.296010,1.359714,0.534502,1.375951,1.762202,2.424703,0.418860,1.574863,142.901871,Oblong
1.220065,1.323754,0.490385,1.540478,1.615066,2.487973,0.428005,1.605378,139.091461,Oblong
1.259171,1.306084,0.481636,1.589680,1.644584,2.614363,0.405204,1.603485,135.287689,Oblong
1.218449,1.369465,0.529620,1.378746,1.668624,2.300608,0.428973,1.587513,142.143341,Oblong
1.322213,1.399616,0.506213,1.411425,1.850590,2.611969,0.430397,1.638411,142.580338,Oblong
1.224772,1.341203,0.508860,1.465234,1.642668,2.406893,0.417854,1.594313,139.317413,Oblong
1.291284,1.369766,0.492988,1.480870,1.768758,2.619301,0.403989,1.635270,137.555191,Oblong
1.248604,1.360926,0.535799,1.371399,1.699258,2.330359,0.431179,1.574068,143.951523,Oblong
1.302509,1.397205,0.563524,1.270068,1.819873,2.311363,0.433539,1.563430,146.618530,Oblong
1.204294,1.333970,0.533878,1.404145,1.606492,2.255748,0.433043,1.558215,142.105453,Oblong
1.258276,1.329447,0.490515,1.533476,1.672811,2.565215,0.426641,1.609389,135.082932,Oblong
1.276791,1.316486,0.491253,1.546244,1.680878,2.599048,0.417833,1.598911,138.260803,Oblong
1.211353,1.343335,0.501950,1.483046,1.627253,2.413292,0.411122,1.604665,136.300415,Oblong
1.346492,1.394188,0.530911,1.351005,1.877263,2.536192,0.424097,1.602340,140.483154,Oblong
1.332268,1.327154,0.526587,1.430899,1.768124,2.530006,0.430238,1.562404,142.754425,Oblong
1.306810,1.356407,0.512451,1.438657,1.772566,2.550114,0.422111,1.600393,142.754593,Oblong
1.181231,1.330052,0.518280,1.450663,1.571098,2.279135,0.411867,1.574641,140.160416,Oblong
1.271760,1.329353,0.520234,1.445974,1.690618,2.444590,0.420829,1.571734,139.831497,Oblong
1.311311,1.340430,0.492460,1.514904,1.757721,2.662779,0.421568,1.614871,136.179810,Oblong
1.323485,1.339402,0.515928,1.447104,1.772678,2.565249,0.420387,1.584120,140.740219,Oblong
1.287694,1.362761,0.517251,1.418663,1.754819,2.489496,0.428110,1.598651,142.825760,Oblong
1.243579,1.357324,0.491903,1.497741,1.687940,2.528097,0.409992,1.627807,140.766586,Oblong
1.219441,1.360649,0.502274,1.463232,1.659231,2.427840,0.420159,1.616530,143.682114,Oblong
1.334979,1.344182,0.484467,1.535599,1.794454,2.755562,0.420387,1.628116,143.609146,Oblong
1.281854,1.340786,0.485296,1.536858,1.718692,2.641385,0.413229,1.624528,137.073593,Oblong
1.280091,1.295998,0.497116,1.552165,1.658996,2.575035,0.412432,1.576389,140.040665,Oblong
1.188326,1.353589,0.498131,1.483098,1.608505,2.385572,0.418995,1.616936,137.106140,Oblong
1.256243,1.408081,0.533933,1.330103,1.768892,2.352810,0.445714,1.607562,143.173004,Oblong
1.271349,1.436636,0.576186,1.208066,1.826466,2.206491,0.420886,1.572010,147.542145,Oblong
1.252037,1.361559,0.496008,1.480725,1.704723,2.524226,0.413135,1.625408,139.441147,Oblong
1.237881,1.339929,0.513353,1.453792,1.658673,2.411365,0.413047,1.587729,135.412628,Oblong
1.243931,1.366950,0.516058,1.417586,1.700390,2.410449,0.416207,1.603060,143.526947,Oblong
1.238127,1.337690,0.507731,1.472348,1.656230,2.438547,0.421790,1.593259,138.639252,Oblong
1.307399,1.357798,0.497736,1.479675,1.775182,2.626693,0.413866,1.620453,138.136292,Oblong
1.221834,1.340269,0.520092,1.434590,1.637586,2.349264,0.420672,1.579516,139.906464,Oblong
1.253237,1.404550,0.522295,1.363161,1.760234,2.399482,0.419335,1.620396,142.568909,Oblong
1.186576,1.378654,0.559016,1.297539,1.635878,2.122615,0.425447,1.557195,144.697708,Oblong
1.317259,1.361079,0.487239,1.507908,1.792893,2.703518,0.418185,1.636728,139.513321,Oblong
1.229552,1.335473,0.497834,1.504112,1.642033,2.469802,0.437179,1.604321,141.611130,Oblong
1.229683,1.284747,0.493010,1.578796,1.579832,2.494233,0.406346,1.573102,136.733505,Oblong
1.221059,1.347060,0.513598,1.445407,1.644840,2.377463,0.416288,1.592414,140.391388,Oblong
1.361586,1.320115,0.485061,1.561679,1.797450,2.807039,0.422737,1.609566,145.115692,Oblong
1.182896,1.362958,0.495492,1.480746,1.612238,2.387315,0.399584,1.627087,139.258911,Oblong
1.277938,1.387737,0.542197,1.329034,1.773442,2.356964,0.428870,1.583789,141.860870,Oblong
1.179453,1.340647,0.511955,1.456981,1.581230,2.303822,0.428977,1.589998,137.243469,Oblong
1.235119,1.328088,0.488209,1.542296,1.640348,2.529901,0.415705,1.611382,136.504257,Oblong
1.242449,1.353590,0.480491,1.537544,1.681766,2.585789,0.404379,1.640329,137.807419,Oblong
1.322669,1.322609,0.500530,1.510562,1.749374,2.642538,0.437090,1.591583,138.325714,Oblong
1.299544,1.341438,0.504772,1.476841,1.743258,2.574515,0.416240,1.599692,139.255096,Oblong
1.316931,1.320708,0.486282,1.557058,1.739282,2.708164,0.426267,1.608426,135.022324,Oblong
1.291557,1.306191,0.471703,1.623024,1.687020,2.738074,0.409978,1.616439,133.948730,Oblong
1.247524,1.387540,0.504388,1.428860,1.730989,2.473341,0.423416,1.632535,138.155670,Oblong
1.201301,1.364750,0.496983,1.474367,1.639475,2.417189,0.412645,1.626390,139.516403,Oblong
1.174012,1.336826,0.513379,1.457093,1.569449,2.286834,0.428147,1.585516,140.472382,Oblong
1.262107,1.311685,0.528710,1.441961,1.655487,2.387147,0.443482,1.549081,140.015640,Oblong
1.252779,1.394460,0.549750,1.304453,1.746951,2.278815,0.424753,1.578689,143.280151,Oblong
1.314643,1.370538,0.504176,1.447195,1.801769,2.607510,0.428215,1.620988,139.264832,Oblong
1.284789,1.303966,0.496350,1.545060,1.675322,2.588473,0.423445,1.583229,139.436584,Oblong
1.335221,1.332432,0.511746,1.466562,1.779092,2.609148,0.422628,1.584468,139.305969,Oblong
1.248663,1.336717,0.527215,1.418970,1.669109,2.368416,0.427291,1.568239,141.733414,Oblong
1.198844,1.360993,0.511554,1.436324,1.631618,2.343534,0.433078,1.604735,138.593384,Oblong
1.274449,1.302187,0.520339,1.475844,1.659570,2.449266,0.430221,1.552460,137.457306,Oblong
1.227147,1.343562,0.513739,1.448771,1.648748,2.388659,0.422785,1.589789,138.873749,Oblong
1.297689,1.342973,0.501963,1.483411,1.742761,2.585230,0.421137,1.604391,136.898224,Oblong
1.231069,1.426220,0.516279,1.358092,1.755775,2.384504,0.412719,1.642801,141.878067,Oblong
1.304103,1.388115,0.521481,1.381453,1.810245,2.500768,0.419479,1.610459,143.228317,Oblong
1.249860,1.308811,0.529078,1.444120,1.635831,2.362336,0.420666,1.546635,138.731186,Oblong
1.211750,1.307382,0.470332,1.626270,1.584220,2.576370,0.402231,1.619145,133.607483,Oblong
1.267854,1.301401,0.495787,1.549864,1.649987,2.557255,0.407139,1.582041,136.028809,Oblong
1.241645,1.398551,0.520953,1.372533,1.736505,2.383410,0.416298,1.618150,141.152542,Oblong
1.261383,1.426264,0.567586,1.235288,1.799066,2.222365,0.429256,1.576394,147.294846,Oblong
1.244821,1.343888,0.504425,1.475163,1.672900,2.467801,0.416525,1.601877,138.654968,Oblong
1.335178,1.346255,0.503667,1.474786,1.797491,2.650915,0.414991,1.604534,135.358734,Oblong
1.230479,1.344383,0.497095,1.496365,1.654235,2.475340,0.411439,1.611694,140.646301,Oblong
1.252214,1.344352,0.492919,1.509077,1.683416,2.540405,0.407023,1.617113,138.043533,Oblong
1.227886,1.323873,0.503345,1.500678,1.625565,2.439451,0.416902,1.588935,138.036179,Oblong
1.228713,1.328810,0.483088,1.557797,1.632725,2.543454,0.404653,1.618593,134.637726,Oblong
1.251168,1.356722,0.507913,1.451177,1.697487,2.463354,0.421608,1.606447,139.384933,Oblong
1.287694,1.361421,0.534015,1.375480,1.753092,2.411343,0.432896,1.576613,146.012024,Oblong
1.271589,1.345555,0.507677,1.463899,1.710993,2.504720,0.406578,1.598894,138.166885,Oblong
1.285183,1.320308,0.496609,1.525141,1.696838,2.587916,0.401787,1.594885,136.010117,Oblong
1.271391,1.310413,0.483059,1.579762,1.666048,2.631959,0.407772,1.604908,134.753265,Oblong
1.288842,1.372275,0.497863,1.463690,1.768645,2.588748,0.423034,1.630550,139.602310,Oblong
1.168841,1.327568,0.490536,1.535579,1.551715,2.382782,0.420010,1.607984,134.959412,Oblong
1.265019,1.334127,0.523331,1.432275,1.687695,2.417244,0.428968,1.571234,138.668213,Oblong
1.273872,1.314104,0.488506,1.557759,1.674001,2.607689,0.404417,1.600664,135.470062,Oblong
1.215264,1.399306,0.524615,1.362218,1.700526,2.316487,0.424342,1.613873,146.012466,Oblong
1.339982,1.397414,0.505417,1.415876,1.872509,2.651241,0.436774,1.637969,144.266281,Oblong
1.245854,1.352543,0.501251,1.475007,1.685070,2.485490,0.397670,1.612124,136.451401,Oblong
1.276791,1.316486,0.491253,1.546244,1.680878,2.599048,0.417833,1.598911,138.260803,Oblong
1.280092,1.336982,0.492455,1.518826,1.711460,2.599409,0.414481,1.612373,139.244965,Oblong
1.293258,1.314802,0.528216,1.439885,1.700378,2.448349,0.417880,1.551847,139.466476,Oblong
1.227044,1.332318,0.513031,1.463015,1.634812,2.391754,0.417030,1.582776,139.522202,Oblong
1.194497,1.332697,0.526113,1.426231,1.591902,2.270421,0.414466,1.566820,142.346878,Oblong
1.248650,1.369143,0.509693,1.432989,1.709581,2.449811,0.423992,1.612804,143.667831,Oblong
1.260770,1.372931,0.530509,1.372962,1.730950,2.376529,0.418540,1.588717,141.652466,Oblong
1.277656,1.365199,0.498342,1.469862,1.744254,2.563813,0.410446,1.624912,137.815781,Oblong
1.202452,1.344599,0.526758,1.411873,1.616816,2.282738,0.417279,1.574215,144.174179,Oblong
1.223907,1.378952,0.525259,1.380630,1.687709,2.330102,0.428288,1.599428,141.948395,Oblong
1.293618,1.301007,0.454706,1.690402,1.683007,2.844957,0.414740,1.634867,138.169724,Oblong
1.305915,1.334084,0.519644,1.442482,1.742200,2.513093,0.428851,1.575768,141.050369,Oblong
1.188783,1.295716,0.496238,1.555250,1.540325,2.395592,0.414748,1.577273,137.261871,Oblong
1.264447,1.349691,0.501175,1.478346,1.706613,2.522964,0.424249,1.610195,136.349365,Oblong
1.246226,1.326183,0.492659,1.530560,1.652724,2.529593,0.419048,1.604231,138.493225,Oblong
1.278621,1.326934,0.489142,1.540693,1.696646,2.614011,0.409106,1.609323,138.051010,Oblong
1.245848,1.333106,0.508333,1.475663,1.660848,2.450852,0.432817,1.589244,143.588943,Oblong
1.296627,1.364289,0.521132,1.406520,1.768973,2.488096,0.422729,1.594750,144.968491,Oblong
1.264523,1.339570,0.515941,1.446886,1.693918,2.450906,0.420670,1.584222,140.840057,Oblong
1.248885,1.394564,0.514651,1.393312,1.741650,2.426661,0.429349,1.623744,142.978638,Oblong
1.263225,1.299742,0.480202,1.602208,1.641867,2.630612,0.415528,1.600531,137.059692,Oblong
1.357446,1.328379,0.485442,1.550745,1.803202,2.796306,0.419524,1.615196,138.155701,Oblong
1.287538,1.375603,0.492702,1.475443,1.771141,2.613218,0.409751,1.639807,142.799316,Oblong
1.244794,1.340227,0.497902,1.498573,1.668306,2.500077,0.424369,1.607659,136.438354,Oblong
1.299835,1.401379,0.522516,1.365667,1.821561,2.487646,0.426839,1.617993,145.457672,Oblong
1.266505,1.299842,0.528492,1.455698,1.646256,2.396451,0.419215,1.541050,139.022888,Oblong
1.241495,1.306245,0.486225,1.574485,1.621696,2.553336,0.442779,1.597728,138.977417,Oblong
1.280237,1.370093,0.521701,1.399034,1.754044,2.453967,0.416695,1.597982,136.533569,Oblong
1.264127,1.364394,0.503826,1.454720,1.724767,2.509053,0.406973,1.617138,138.031601,Oblong
1.238964,1.330904,0.501882,1.497102,1.648941,2.468634,0.421745,1.595849,140.111450,Oblong
1.268393,1.267696,0.501907,1.571671,1.607936,2.527147,0.422882,1.549499,140.014282,Oblong
1.226339,1.341201,0.501912,1.485522,1.644767,2.443337,0.413200,1.603191,138.013123,Oblong
1.235022,1.341077,0.521609,1.429555,1.656260,2.367715,0.427698,1.578185,142.110031,Oblong
1.319860,1.276049,0.481438,1.627768,1.684205,2.741496,0.426123,1.580894,133.207489,Oblong
1.244568,1.357060,0.501625,1.469001,1.688954,2.481074,0.402826,1.614841,139.702911,Oblong
1.206785,1.375522,0.505981,1.436806,1.659960,2.385042,0.411129,1.622090,140.402145,Oblong
1.331502,1.330164,0.511630,1.469396,1.771117,2.602472,0.423676,1.583009,145.227936,Oblong
1.311444,1.356470,0.520880,1.415310,1.778935,2.517745,0.462338,1.589714,141.420700,Oblong
1.245651,1.357349,0.520281,1.416024,1.690783,2.394188,0.434885,1.591076,144.770081,Oblong
1.246080,1.344237,0.507816,1.464934,1.675027,2.453804,0.429552,1.597786,137.869797,Oblong
1.274079,1.264280,0.468754,1.687377,1.610793,2.718015,0.429582,1.587657,130.432770,Oblong
1.288034,1.364335,0.502653,1.458178,1.757310,2.562472,0.407912,1.618632,137.615768,Oblong
1.249923,1.364333,0.526127,1.393121,1.705311,2.375704,0.430103,1.588453,143.954178,Oblong
1.322105,1.349787,0.516270,1.435019,1.784560,2.560878,0.422257,1.590928,137.592712,Oblong
1.223774,1.336957,0.490538,1.524789,1.636133,2.494757,0.422823,1.614849,139.677353,Oblong
1.256307,1.341798,0.522660,1.425914,1.685710,2.403678,0.430713,1.577375,139.720123,Oblong
1.229650,1.370489,0.559458,1.304239,1.685221,2.197932,0.433929,1.551440,145.720108,Oblong
1.220377,1.311607,0.506193,1.506191,1.600655,2.410892,0.407695,1.576520,134.368500,Oblong
1.236683,1.348167,0.512933,1.446092,1.667255,2.411004,0.441054,1.594031,142.606827,Oblong
1.248797,1.340119,0.500683,1.490371,1.673536,2.494190,0.429861,1.603997,140.385361,Oblong
1.262669,1.327925,0.497168,1.514688,1.676729,2.539722,0.416175,1.599715,138.027496,Oblong
1.221178,1.428142,0.532169,1.315767,1.744016,2.294719,0.411422,1.622877,143.944763,Oblong
1.233347,1.362825,0.517202,1.418731,1.680836,2.384654,0.416379,1.598757,136.681213,Oblong
1.331002,1.332652,0.471823,1.590391,1.773764,2.820977,0.440156,1.636385,142.019577,Oblong
1.313200,1.365086,0.529478,1.383541,1.792631,2.480179,0.417537,1.584746,145.683929,Oblong
1.240074,1.319683,0.479949,1.578829,1.636504,2.583760,0.402434,1.615891,131.054184,Oblong
1.268443,1.307248,0.487397,1.569491,1.658170,2.602484,0.416973,1.596981,137.673767,Oblong
1.227157,1.313116,0.498160,1.528720,1.611400,2.463380,0.406170,1.587671,135.730042,Oblong
1.243728,1.379157,0.566252,1.280491,1.715296,2.196421,0.437515,1.548788,147.256836,Oblong
1.246653,1.316113,0.521434,1.457161,1.640737,2.390818,0.425641,1.560979,140.200790,Oblong
1.250693,1.342071,0.495035,1.505182,1.678518,2.526475,0.427887,1.612706,141.867279,Oblong
1.262535,1.358672,0.543762,1.353558,1.715371,2.321853,0.437991,1.562775,145.960510,Oblong
1.286784,1.379371,0.526034,1.378176,1.774953,2.446198,0.422575,1.598718,140.090240,Oblong
1.242427,1.331986,0.500539,1.499901,1.654895,2.482180,0.426079,1.598341,137.710861,Oblong
1.246450,1.336909,0.493656,1.515214,1.666390,2.524939,0.425642,1.610760,141.213577,Oblong
1.280033,1.376941,0.523843,1.386383,1.762531,2.443542,0.423227,1.599884,145.010223,Oblong
1.282221,1.344527,0.487073,1.526990,1.723981,2.632502,0.403795,1.624921,137.759766,Oblong
1.266277,1.374883,0.519068,1.401232,1.740983,2.439521,0.426948,1.604618,144.153687,Oblong
1.212419,1.380305,0.501790,1.443788,1.673507,2.416189,0.412988,1.630966,136.078415,Oblong
1.205317,1.320445,0.490480,1.544039,1.591555,2.457423,0.418532,1.602820,138.217972,Oblong
1.263053,1.291230,0.487955,1.587146,1.630892,2.588464,0.455112,1.584271,136.985641,Oblong
1.280802,1.437424,0.561496,1.238991,1.841056,2.281053,0.417618,1.590856,146.300476,Oblong
1.282657,1.418469,0.522341,1.349665,1.819409,2.455593,0.422713,1.629559,143.628647,Oblong
1.186780,1.320124,0.488466,1.550782,1.566696,2.429604,0.403858,1.605174,128.643677,Oblong
1.305366,1.343306,0.497012,1.497814,1.753505,2.626426,0.415723,1.611027,136.219315,Oblong
1.233626,1.324565,0.525935,1.435471,1.634017,2.345585,0.415553,1.561402,141.348831,Oblong
1.250693,1.313459,0.488369,1.558962,1.642735,2.560961,0.417414,1.600362,137.613235,Oblong
1.240161,1.313209,0.566288,1.344711,1.628591,2.189984,0.457249,1.506272,146.816971,Oblong
1.292342,1.305814,0.521969,1.467148,1.687559,2.475900,0.421308,1.553067,139.489365,Oblong
1.271155,1.358705,0.477952,1.539893,1.727124,2.659587,0.403167,1.647519,137.503494,Oblong
1.272728,1.389398,0.542082,1.327725,1.768326,2.347851,0.430381,1.585014,143.987183,Oblong
1.251976,1.345166,0.498931,1.489991,1.684116,2.509317,0.421187,1.609874,140.850525,Oblong
1.242810,1.412984,0.523750,1.351259,1.756070,2.372905,0.405665,1.624072,141.120255,Oblong
1.280898,1.341647,0.504974,1.476020,1.718513,2.536561,0.424934,1.599582,139.929382,Oblong
1.256258,1.371091,0.501937,1.453063,1.722445,2.502821,0.415129,1.624322,141.408661,Oblong
1.318153,1.319891,0.490722,1.543925,1.739818,2.686150,0.424295,1.602102,134.328308,Oblong
1.205447,1.317174,0.490679,1.547246,1.587783,2.456692,0.417201,1.600153,138.152222,Oblong
1.257880,1.352832,0.494350,1.495275,1.701700,2.544511,0.412969,1.621349,139.130890,Oblong
1.209207,1.324534,0.514606,1.467109,1.601636,2.349774,0.411892,1.575314,136.509644,Oblong
1.180299,1.315221,0.490017,1.551637,1.552354,2.408689,0.409207,1.599558,135.216934,Oblong
1.223940,1.357615,0.549282,1.340998,1.661640,2.228255,0.418858,1.555370,140.728043,Oblong
1.294046,1.341532,0.488819,1.524934,1.736004,2.647291,0.411503,1.620436,141.283905,Oblong
1.249894,1.344732,0.494568,1.503620,1.680773,2.527243,0.410793,1.615234,139.827118,Oblong
1.224157,1.333978,0.518188,1.446652,1.632999,2.362382,0.417341,1.577505,134.703125,Oblong
1.249825,1.353247,0.511541,1.444583,1.691322,2.443255,0.412507,1.599355,142.708450,Oblong
1.193903,1.384678,0.488448,1.478539,1.653171,2.444279,0.419947,1.652022,138.254578,Oblong
1.190167,1.341158,0.487668,1.528960,1.596202,2.440529,0.423269,1.621676,140.026657,Oblong
1.252428,1.320013,0.492584,1.537949,1.653221,2.542569,0.409254,1.599805,138.774918,Oblong
1.251298,1.374222,0.520642,1.397668,1.719561,2.403375,0.423839,1.602145,145.141968,Oblong
1.217313,1.299855,0.504068,1.526215,1.582331,2.414977,0.422429,1.570617,137.427322,Oblong
1.263127,1.319912,0.519478,1.458438,1.667216,2.431532,0.421611,1.566043,140.316498,Oblong
1.283461,1.295950,0.517129,1.492151,1.663301,2.481896,0.435401,1.551874,137.678391,Oblong
1.302001,1.382872,0.537555,1.345225,1.800500,2.422079,0.420217,1.586435,141.929779,Oblong
1.215537,1.347898,0.495721,1.496600,1.638420,2.452058,0.427820,1.616009,140.058167,Oblong
1.248945,1.344243,0.509042,1.461398,1.678885,2.453520,0.423855,1.596226,140.430054,Oblong
1.251427,1.321444,0.494847,1.529258,1.653690,2.528919,0.414448,1.597962,136.951263,Oblong
1.277307,1.370892,0.518791,1.406061,1.751050,2.462082,0.439806,1.602252,141.544754,Oblong
1.270799,1.289726,0.500274,1.549867,1.638982,2.540203,0.442216,1.567849,135.704498,Oblong
1.211855,1.373340,0.513242,1.418731,1.664289,2.361179,0.423195,1.611093,141.843750,Oblong
1.276743,1.364551,0.515120,1.422662,1.742180,2.478533,0.422414,1.602612,143.682983,Oblong
1.238454,1.370639,0.503712,1.448420,1.697473,2.458654,0.412005,1.621667,141.963943,Oblong
1.216219,1.312617,0.479768,1.587926,1.596429,2.535012,0.413886,1.610818,137.831329,Oblong
1.196073,1.366551,0.469899,1.557289,1.634494,2.545380,0.404178,1.664352,138.482040,Oblong
1.214584,1.429768,0.497431,1.406051,1.736573,2.441710,0.414838,1.671059,143.001648,Oblong
1.260865,1.358623,0.489261,1.504390,1.713041,2.577082,0.424808,1.632253,144.009033,Oblong
1.203582,1.296829,0.482413,1.598447,1.560840,2.494919,0.406729,1.595501,134.650314,Oblong
1.252274,1.345330,0.518942,1.432361,1.684722,2.413131,0.426280,1.584468,142.724121,Oblong
1.217890,1.313033,0.507322,1.501208,1.599130,2.400627,0.434324,1.576147,139.631561,Oblong
1.310136,1.351243,0.507788,1.457419,1.770312,2.580085,0.415722,1.602761,141.030807,Oblong
1.242512,1.440207,0.573534,1.210643,1.789475,2.166415,0.421383,1.577438,150.785461,Oblong
1.301512,1.410212,0.551634,1.285477,1.835407,2.359374,0.415144,1.586361,142.680954,Oblong
1.219759,1.329910,0.498599,1.508087,1.622169,2.446372,0.419486,1.599323,136.813049,Oblong
1.287071,1.350959,0.485011,1.526182,1.738780,2.653694,0.412212,1.632352,135.861206,Oblong
1.319312,1.319555,0.506925,1.494956,1.740905,2.602576,0.415642,1.581332,139.072052,Oblong
1.277017,1.328801,0.504416,1.491939,1.696902,2.531673,0.417180,1.591122,140.109192,Oblong
1.257691,1.346939,0.523318,1.418686,1.694033,2.403301,0.418708,1.580101,137.468384,Oblong
1.222071,1.342272,0.502500,1.482599,1.640351,2.431984,0.425112,1.603200,141.703857,Oblong
1.220441,1.320478,0.510350,1.483886,1.611565,2.391380,0.424453,1.577721,138.812576,Oblong
1.158700,1.353130,0.515356,1.434013,1.567870,2.248346,0.411759,1.594408,142.129791,Oblong
1.209560,1.300707,0.505093,1.522122,1.573283,2.394728,0.419212,1.569975,138.024933,Oblong
1.170635,1.339221,0.514396,1.451610,1.567739,2.275745,0.432807,1.585918,139.247787,Oblong
1.248562,1.304494,0.516007,1.485603,1.628740,2.419661,0.424017,1.559347,137.763245,Oblong
1.237930,1.308552,0.489940,1.559789,1.619896,2.526696,0.404946,1.594714,136.537033,Oblong
1.330051,1.335806,0.484973,1.543613,1.776691,2.742524,0.412385,1.621291,136.049072,Oblong
1.274996,1.370601,0.538986,1.353665,1.747511,2.365545,0.416559,1.576549,145.107040,Oblong
1.327955,1.352949,0.510880,1.446770,1.796655,2.599347,0.425173,1.599992,139.209915,Oblong
1.237506,1.351874,0.541780,1.365340,1.672952,2.284148,0.422447,1.560678,142.011353,Oblong
1.275278,1.354643,0.508101,1.452865,1.727546,2.509892,0.418296,1.604747,140.838867,Oblong
1.248729,1.380119,0.501472,1.444896,1.723395,2.490125,0.411693,1.631258,139.478058,Oblong
1.279082,1.401082,0.512789,1.391868,1.792099,2.494364,0.406988,1.630626,139.948029,Oblong
1.320609,1.363673,0.505640,1.450268,1.800878,2.611755,0.421456,1.614265,141.401184,Oblong
1.175019,1.348160,0.485698,1.527186,1.584113,2.419235,0.419049,1.629394,139.780991,Oblong
1.274624,1.371792,0.504501,1.444940,1.748519,2.526505,0.420623,1.621437,140.848145,Oblong
1.186926,1.348116,0.532612,1.392715,1.600114,2.228502,0.425383,1.569381,142.277283,Oblong
1.385805,1.286826,0.495935,1.566953,1.783289,2.794330,0.421619,1.571042,140.559616,Oblong
1.249348,1.325874,0.486123,1.551501,1.656477,2.570026,0.433946,1.612458,137.154861,Oblong
1.272266,1.323156,0.491236,1.538504,1.683407,2.589928,0.415030,1.603843,139.910309,Oblong
1.275471,1.326985,0.490816,1.535379,1.692531,2.598676,0.423132,1.607195,137.315567,Oblong
1.258166,1.343524,0.478356,1.555978,1.690377,2.630189,0.417807,1.635768,135.995285,Oblong
1.221697,1.346394,0.513294,1.446976,1.644887,2.380112,0.424953,1.592333,141.969559,Oblong
1.251912,1.335990,0.494214,1.514544,1.672541,2.533136,0.433613,1.609370,139.145813,Oblong
1.274662,1.358102,0.519213,1.418149,1.731121,2.454988,0.424337,1.592947,142.010178,Oblong
1.228805,1.364033,0.520155,1.409427,1.676131,2.362385,0.416373,1.595819,143.838974,Oblong
1.180762,1.329664,0.502552,1.496501,1.570018,2.349533,0.409551,1.594106,138.120453,Oblong
1.258224,1.329223,0.511344,1.471258,1.672461,2.460621,0.422444,1.582700,141.225311,Oblong
1.277830,1.340266,0.486138,1.534792,1.712631,2.628534,0.412288,1.623036,136.963943,Oblong
1.316426,1.338649,0.496703,1.503961,1.762232,2.650328,0.423102,1.608072,138.897491,Oblong
1.267536,1.346163,0.489527,1.517489,1.706310,2.589307,0.428124,1.622877,142.317719,Oblong
1.271819,1.321732,0.499764,1.513881,1.681004,2.544841,0.415159,1.591917,137.437454,Oblong
1.229849,1.387730,0.502653,1.433596,1.706697,2.446715,0.403675,1.634983,136.576950,Oblong
1.270520,1.281717,0.488118,1.598390,1.628447,2.602893,0.416616,1.576886,134.843964,Oblong
1.163760,1.328415,0.489464,1.537962,1.545956,2.377622,0.409071,1.609994,139.770126,Heart
1.172856,1.331281,0.504120,1.490035,1.561402,2.326544,0.419525,1.593276,133.541428,Heart
1.172027,1.343576,0.498605,1.492729,1.574707,2.350611,0.418163,1.609156,137.137039,Heart
1.149487,1.370223,0.537983,1.356564,1.575054,2.136660,0.428818,1.577547,144.159912,Heart
1.220432,1.362238,0.503883,1.456858,1.662519,2.422054,0.446774,1.615548,140.305786,Heart
1.212112,1.386570,0.538724,1.338727,1.680678,2.249969,0.413712,1.587392,143.754715,Heart
1.148618,1.395005,0.530577,1.351064,1.602328,2.164847,0.402396,1.603309,138.255600,Heart
1.137418,1.339556,0.511332,1.459945,1.523634,2.224422,0.400584,1.590017,138.647507,Heart
1.173344,1.396249,0.550624,1.300715,1.638281,2.130936,0.428271,1.578746,143.916565,Heart
1.203152,1.419224,0.549262,1.282832,1.707542,2.190489,0.435465,1.595059,146.678238,Heart
1.242510,1.378416,0.505268,1.435812,1.712697,2.459111,0.411256,1.625041,139.467789,Heart
1.250037,1.399147,0.514343,1.389581,1.748985,2.430356,0.418276,1.627254,141.756943,Heart
1.185987,1.367731,0.535855,1.364431,1.622111,2.213259,0.427933,1.578540,143.726959,Heart
1.174502,1.389685,0.521149,1.380772,1.632188,2.253678,0.425142,1.611946,138.533905,Heart
1.197922,1.338609,0.527098,1.417278,1.603549,2.272676,0.416716,1.569684,140.329422,Heart
1.194350,1.355850,0.532154,1.385961,1.619359,2.244369,0.442618,1.575177,139.745087,Heart
1.160501,1.385445,0.525345,1.373934,1.607810,2.209025,0.412808,1.603676,140.818481,Heart
1.193449,1.345670,0.501617,1.481458,1.605989,2.379205,0.415868,1.606760,138.973770,Heart
1.170686,1.346651,0.535551,1.386577,1.576505,2.185945,0.442453,1.564781,144.297348,Heart
1.241753,1.354043,0.536354,1.376944,1.681387,2.315175,0.432001,1.568772,141.437576,Heart
1.197919,1.369874,0.508894,1.434473,1.640999,2.353968,0.411287,1.614351,140.169037,Heart
1.186034,1.326360,0.517953,1.455621,1.573109,2.289851,0.405905,1.572456,139.429993,Heart
1.198972,1.371411,0.560461,1.301028,1.644283,2.139258,0.433908,1.550823,146.333344,Heart
1.231726,1.346526,0.498803,1.488867,1.658551,2.469361,0.410559,1.611013,138.975937,Heart
1.168021,1.339811,0.531279,1.404862,1.564928,2.198507,0.412641,1.565370,138.356232,Heart
1.191934,1.361641,0.519773,1.412941,1.622986,2.293183,0.406803,1.594666,139.880508,Heart
1.166426,1.400922,0.554938,1.286297,1.634072,2.101902,0.406179,1.576350,146.592499,Heart
1.218691,1.375807,0.511442,1.421170,1.676683,2.382852,0.419779,1.615133,140.982742,Heart
1.209769,1.369410,0.515149,1.417534,1.656670,2.348387,0.431327,1.605922,143.563324,Heart
1.216574,1.386964,0.527089,1.367888,1.687345,2.308099,0.410707,1.602450,142.557083,Heart
1.182824,1.343725,0.503626,1.477683,1.589391,2.348617,0.414344,1.602788,138.372910,Heart
1.218008,1.384930,0.539712,1.337858,1.686857,2.256775,0.420943,1.585075,138.759354,Heart
1.224809,1.373012,0.513971,1.417056,1.681677,2.383030,0.416480,1.609921,138.193176,Heart
1.173654,1.395462,0.533176,1.344038,1.637789,2.201250,0.418139,1.600275,143.023026,Heart
1.201918,1.302728,0.469202,1.636012,1.565772,2.561622,0.420385,1.617048,139.114487,Heart
1.173136,1.342106,0.529928,1.406036,1.574473,2.213765,0.414929,1.568596,140.959396,Heart
1.240294,1.338257,0.514816,1.451471,1.659832,2.409198,0.405263,1.584715,142.280045,Heart
1.261216,1.428681,0.551324,1.269573,1.801876,2.287613,0.418116,1.598376,143.059845,Heart
1.274616,1.361356,0.511762,1.435356,1.735206,2.490639,0.406085,1.604719,143.570450,Heart
1.203790,1.370731,0.511270,1.426913,1.650072,2.354508,0.404737,1.611853,135.212402,Heart
1.183346,1.325298,0.527850,1.429472,1.568286,2.241821,0.408645,1.559579,138.193649,Heart
1.174014,1.393681,0.517589,1.386281,1.636202,2.268235,0.422727,1.619284,144.634125,Heart
1.261035,1.394997,0.530752,1.350626,1.759140,2.375942,0.430093,1.603079,142.164581,Heart
1.219118,1.356943,0.529065,1.392930,1.654274,2.304288,0.422147,1.579759,138.685425,Heart
1.233508,1.408274,0.544780,1.303441,1.737117,2.264230,0.428638,1.593791,144.805298,Heart
1.215098,1.384491,0.531709,1.358427,1.682292,2.285270,0.416579,1.594902,140.684540,Heart
1.196854,1.364479,0.554927,1.320679,1.633082,2.156777,0.414002,1.553027,142.077560,Heart
1.233688,1.347416,0.514130,1.443529,1.662291,2.399566,0.406404,1.591988,137.390106,Heart
1.173682,1.349329,0.517330,1.432565,1.583683,2.268729,0.411175,1.589270,140.119202,Heart
1.257845,1.314459,0.498562,1.525926,1.653386,2.522943,0.442781,1.588144,138.050461,Heart
1.152271,1.350528,0.534455,1.385433,1.556175,2.155975,0.408598,1.568744,139.457245,Heart
1.182166,1.378799,0.535094,1.355404,1.629970,2.209267,0.412152,1.586844,139.984772,Heart
1.231525,1.418297,0.549672,1.282712,1.746669,2.240473,0.430216,1.593952,144.863663,Heart
1.191176,1.401948,0.573656,1.243416,1.669967,2.076465,0.436523,1.554063,147.077515,Heart
1.260213,1.342076,0.491893,1.514789,1.691301,2.561964,0.408605,1.616805,136.016327,Heart
1.200356,1.404518,0.559325,1.272943,1.685921,2.146081,0.441793,1.573177,148.186401,Heart
1.169556,1.420741,0.553351,1.271993,1.661636,2.113589,0.425098,1.590825,148.223190,Heart
1.255223,1.374606,0.535767,1.357831,1.725437,2.342851,0.446038,1.583220,146.198547,Heart
1.194407,1.348193,0.521131,1.423315,1.610292,2.291952,0.405628,1.583701,137.168488,Heart
1.227046,1.384385,0.514330,1.404432,1.698704,2.385714,0.405713,1.617243,140.751663,Heart
1.192215,1.357796,0.520531,1.414877,1.618784,2.290381,0.427397,1.591066,137.522110,Heart
1.219478,1.347342,0.522668,1.420027,1.643053,2.333179,0.418042,1.581190,140.884979,Heart
1.125140,1.421347,0.604454,1.163956,1.599215,1.861416,0.443344,1.529038,152.863632,Heart
1.243272,1.387338,0.517204,1.393657,1.724838,2.403832,0.421082,1.615497,140.526276,Heart
1.206102,1.345275,0.523418,1.420169,1.622539,2.304280,0.415616,1.578830,142.405884,Heart
1.198532,1.396154,0.516909,1.385646,1.673335,2.318650,0.423816,1.621846,143.301270,Heart
1.180132,1.362580,0.520933,1.408821,1.608025,2.265419,0.413958,1.593835,143.216507,Heart
1.204785,1.408258,0.544938,1.303079,1.696647,2.210865,0.436167,1.593580,147.822281,Heart
1.178786,1.388977,0.535942,1.343343,1.637306,2.199463,0.417313,1.592487,141.764984,Heart
1.247607,1.348202,0.506841,1.463433,1.682027,2.461535,0.427633,1.601833,139.972794,Heart
1.180624,1.401516,0.528565,1.349905,1.654663,2.233639,0.414293,1.610204,139.298813,Heart
1.204037,1.351545,0.506616,1.460463,1.627310,2.376625,0.426424,1.604480,141.873199,Heart
1.173100,1.377076,0.514424,1.411630,1.615448,2.280415,0.417253,1.612122,136.001846,Heart
1.184712,1.361972,0.549796,1.335457,1.613544,2.154819,0.424850,1.557601,139.941315,Heart
1.208377,1.378677,0.518400,1.399175,1.665962,2.330973,0.412596,1.608062,140.609375,Heart
1.155318,1.369057,0.535874,1.363061,1.581697,2.155950,0.409862,1.579399,143.817566,Heart
1.201708,1.397570,0.535811,1.335409,1.679472,2.242782,0.416835,1.598288,146.361603,Heart
1.203972,1.387877,0.534024,1.349236,1.670964,2.254525,0.419268,1.594198,143.946320,Heart
1.174630,1.384763,0.515060,1.402060,1.626585,2.280570,0.430622,1.616547,142.820007,Heart
1.218082,1.346266,0.513541,1.446419,1.639862,2.371927,0.426481,1.591930,142.208542,Heart
1.226602,1.342803,0.524952,1.418628,1.647084,2.336600,0.419608,1.575222,140.000351,Heart
1.220960,1.388866,0.533562,1.349444,1.695749,2.288318,0.428541,1.595438,144.085083,Heart
1.217436,1.368242,0.527225,1.386249,1.665747,2.309139,0.406558,1.589712,140.097900,Heart
1.247686,1.291523,0.500664,1.546507,1.611415,2.492065,0.420775,1.568697,132.443298,Heart
1.211034,1.418369,0.534910,1.318046,1.717692,2.263998,0.396735,1.612975,141.089539,Heart
1.239425,1.372624,0.529923,1.374789,1.701264,2.338879,0.415850,1.589252,147.964676,Heart
1.192759,1.335124,0.503685,1.487029,1.592481,2.368066,0.426436,1.596578,139.176666,Heart
1.195000,1.379850,0.536294,1.351341,1.648920,2.228254,0.407442,1.586029,139.829391,Heart
1.223325,1.399026,0.554465,1.289139,1.711464,2.206315,0.434044,1.575736,141.981445,Heart
1.166541,1.377341,0.493696,1.470616,1.606724,2.362874,0.399277,1.639704,138.295303,Heart
1.223816,1.370591,0.534870,1.364093,1.677351,2.288063,0.436258,1.581675,142.288284,Heart
1.221450,1.364726,0.525338,1.394812,1.666945,2.325075,0.415330,1.589716,140.376282,Heart
1.283569,1.320819,0.533006,1.420445,1.695362,2.408169,0.431852,1.550252,145.527939,Heart
1.216871,1.350955,0.529218,1.398700,1.643938,2.299375,0.414063,1.575504,139.293320,Heart
1.188955,1.368045,0.535567,1.364854,1.626544,2.219995,0.411923,1.579109,143.911758,Heart
1.268694,1.379461,0.538357,1.346542,1.750114,2.356601,0.424115,1.583182,141.704636,Heart
1.249270,1.379991,0.541933,1.337145,1.723982,2.305213,0.439984,1.579062,144.397003,Heart
1.204094,1.337274,0.498422,1.500316,1.610204,2.415814,0.402456,1.604864,135.165131,Heart
1.194626,1.363739,0.527017,1.391374,1.629158,2.266768,0.413669,1.586929,140.527420,Heart
1.213512,1.390403,0.491807,1.462394,1.687271,2.467456,0.404926,1.651497,140.602539,Heart
1.201685,1.373191,0.531380,1.370451,1.650143,2.261441,0.414309,1.587791,140.368484,Heart
1.212708,1.323803,0.552687,1.366776,1.605386,2.194203,0.444707,1.528951,143.227295,Heart
1.213089,1.351908,0.517417,1.429591,1.639984,2.344507,0.429632,1.590947,140.414413,Heart
1.172866,1.330666,0.495684,1.516095,1.560692,2.366157,0.424351,1.603608,138.268341,Heart
1.207845,1.360168,0.512560,1.434376,1.642873,2.356497,0.426163,1.602869,139.545197,Heart
1.168198,1.329591,0.500739,1.502002,1.553226,2.332949,0.409348,1.596361,136.042023,Heart
1.212842,1.360593,0.539416,1.362537,1.650184,2.248437,0.431966,1.569379,142.329483,Heart
1.205083,1.366681,0.532282,1.374647,1.646965,2.263996,0.403825,1.582302,139.966873,Heart
1.185049,1.365424,0.491893,1.488887,1.618095,2.409160,0.401730,1.633631,140.859238,Heart
1.228312,1.367871,0.522494,1.399179,1.680173,2.350863,0.421086,1.595459,139.662109,Heart
1.176629,1.394229,0.557389,1.286790,1.640491,2.110968,0.434879,1.569082,146.025406,Heart
1.270339,1.330249,0.515600,1.457988,1.689867,2.463807,0.408999,1.578110,140.313858,Heart
1.222649,1.348302,0.523104,1.417831,1.648500,2.337295,0.433960,1.581305,140.273987,Heart
1.209978,1.403584,0.511052,1.394109,1.698305,2.367622,0.442072,1.634636,142.282669,Heart
1.189324,1.371096,0.522021,1.397154,1.630676,2.278306,0.433992,1.598255,138.749878,Heart
1.176410,1.314030,0.507600,1.499246,1.545838,2.317591,0.419361,1.576519,137.063766,Heart
1.239136,1.370608,0.508279,1.435439,1.698369,2.437906,0.421539,1.615663,140.311935,Heart
1.157540,1.349925,0.524607,1.412071,1.562593,2.206491,0.407860,1.580542,140.518738,Heart
1.216947,1.386656,0.511846,1.408939,1.687487,2.377565,0.430961,1.622053,144.455154,Heart
1.259871,1.388410,0.540802,1.331816,1.749218,2.329637,0.409648,1.585980,142.122528,Heart
1.150596,1.347222,0.529052,1.403015,1.550108,2.174825,0.405550,1.573168,136.366577,Heart
1.198094,1.369914,0.519401,1.405414,1.641285,2.306685,0.417230,1.600802,143.951416,Heart
1.216371,1.331470,0.503954,1.490313,1.619562,2.413654,0.417843,1.593621,139.416565,Heart
1.170060,1.329758,0.508588,1.478638,1.555896,2.300606,0.413017,1.586541,138.558228,Heart
1.233377,1.392743,0.565095,1.270596,1.717777,2.182600,0.438342,1.558722,144.158005,Heart
1.218388,1.391459,0.533151,1.347967,1.695336,2.285256,0.410458,1.597672,141.060394,Heart
1.175801,1.451972,0.554231,1.242657,1.707230,2.121502,0.391508,1.609076,144.313843,Heart
1.188031,1.370871,0.517119,1.410631,1.628637,2.297405,0.407901,1.604387,142.288589,Heart
1.221818,1.341618,0.491756,1.515728,1.639214,2.484602,0.405216,1.616652,137.376144,Heart
1.261688,1.334101,0.520834,1.439169,1.683219,2.422437,0.436372,1.574304,143.500687,Heart
1.182916,1.382402,0.518248,1.395815,1.635265,2.282528,0.408151,1.610790,141.477127,Heart
1.238532,1.394802,0.536571,1.336165,1.727506,2.308234,0.420861,1.595508,143.823639,Heart
1.201610,1.328959,0.520878,1.444618,1.596890,2.306895,0.431273,1.570665,140.350342,Heart
1.215276,1.397754,0.516332,1.385607,1.698658,2.353672,0.416807,1.623686,143.572098,Heart
1.203730,1.386094,0.511336,1.410915,1.668483,2.354088,0.430501,1.622339,141.353958,Heart
1.155053,1.329969,0.501402,1.499589,1.536185,2.303646,0.405954,1.595788,134.746826,Heart
1.229586,1.382728,0.541183,1.336347,1.700183,2.272035,0.430880,1.581789,145.212143,Heart
1.177600,1.382378,0.548102,1.319812,1.627889,2.148508,0.418905,1.572955,147.625549,Heart
1.224774,1.378309,0.492681,1.472609,1.688117,2.485935,0.430503,1.641756,140.180023,Heart
1.178519,1.282790,0.494100,1.577718,1.511792,2.385182,0.433850,1.570288,132.589371,Heart
1.202218,1.376640,0.527111,1.378089,1.655022,2.280768,0.396494,1.595510,140.118820,Heart
1.204684,1.354362,0.508454,1.452157,1.631578,2.369307,0.413526,1.604095,137.009048,Heart
1.172583,1.359372,0.524592,1.402298,1.593976,2.235228,0.428575,1.587017,141.647156,Heart
1.214322,1.342305,0.516963,1.441083,1.629990,2.348952,0.417138,1.584849,139.666519,Heart
1.229749,1.399312,0.530985,1.345869,1.720803,2.315976,0.409813,1.605623,146.066040,Heart
1.174608,1.345866,0.520037,1.428774,1.580865,2.258698,0.419592,1.583465,139.869675,Heart
1.227359,1.368802,0.497066,1.469758,1.680011,2.469208,0.404058,1.629153,137.031891,Heart
1.205308,1.353441,0.530892,1.391729,1.631313,2.270345,0.440027,1.575114,138.464905,Heart
1.185904,1.347421,0.510304,1.454345,1.597912,2.323915,0.415083,1.596854,139.502121,Heart
1.184864,1.358451,0.524857,1.402540,1.609580,2.257500,0.435286,1.586056,142.683899,Heart
1.150832,1.392901,0.525878,1.365195,1.602994,2.188399,0.404122,1.607970,137.917587,Heart
1.212624,1.365019,0.524474,1.396809,1.655256,2.312076,0.421403,1.591008,142.011597,Heart
1.198108,1.366710,0.517317,1.414382,1.637466,2.316002,0.413305,1.601279,140.872696,Heart
1.237860,1.350027,0.536250,1.381307,1.671145,2.308364,0.426621,1.566200,144.745392,Heart
1.191714,1.379460,0.517138,1.401794,1.643922,2.304439,0.418108,1.610228,140.425308,Heart
1.157570,1.332532,0.530800,1.413811,1.542499,2.180802,0.427613,1.560974,141.586166,Heart
1.311527,1.354503,0.534522,1.381194,1.776466,2.453644,0.426110,1.571338,138.184814,Heart
1.254137,1.330335,0.501211,1.499750,1.668422,2.502215,0.406060,1.596296,137.109741,Heart
1.221470,1.423675,0.573143,1.225537,1.738977,2.131180,0.440180,1.567951,147.292908,Heart
1.189947,1.382542,0.523118,1.382679,1.645152,2.274719,0.410872,1.604591,141.465988,Heart
1.204877,1.387411,0.511625,1.408781,1.671660,2.355003,0.436018,1.622861,141.686066,Heart
1.208157,1.390478,0.516490,1.392431,1.679916,2.339167,0.436516,1.618559,141.973068,Heart
1.221317,1.347054,0.526396,1.410271,1.645180,2.320149,0.432647,1.576346,141.928833,Heart
1.228617,1.293283,0.516027,1.498422,1.588950,2.380917,0.415825,1.551286,135.152023,Heart
1.168393,1.364311,0.527701,1.388988,1.594051,2.214117,0.419519,1.586455,136.669159,Heart
1.207484,1.322497,0.503286,1.502417,1.596895,2.399202,0.407919,1.588019,133.943909,Heart
1.236604,1.383576,0.523501,1.380635,1.710936,2.362179,0.396434,1.604794,140.163544,Heart
1.144895,1.330835,0.531607,1.413466,1.523667,2.153651,0.409715,1.558829,135.756470,Heart
1.159231,1.334373,0.534180,1.402927,1.546847,2.170113,0.417831,1.558123,140.877884,Heart
1.225436,1.366717,0.513765,1.424154,1.674825,2.385208,0.421776,1.605852,145.252228,Heart
1.183915,1.390693,0.527472,1.363230,1.646463,2.244508,0.426183,1.604444,139.401184,Heart
1.247975,1.376042,0.541971,1.340888,1.717266,2.302662,0.426016,1.576426,145.076141,Heart
1.286885,1.390431,0.502263,1.431922,1.789324,2.562172,0.426931,1.637378,141.459427,Heart
1.226663,1.386984,0.534722,1.348344,1.701362,2.294022,0.432119,1.592723,142.786240,Heart
1.227832,1.377474,0.517472,1.402911,1.691306,2.372752,0.421658,1.608443,142.397156,Heart
1.165057,1.395910,0.525129,1.364196,1.626315,2.218611,0.405269,1.610945,138.942673,Heart
1.221113,1.361762,0.532625,1.378723,1.662866,2.292633,0.417190,1.578573,143.555161,Heart
1.214488,1.377530,0.528683,1.373104,1.672993,2.297193,0.418834,1.594107,141.704178,Heart
1.213547,1.324358,0.498754,1.513938,1.607171,2.433157,0.405138,1.595104,134.456192,Heart
1.239220,1.340039,0.501965,1.486652,1.660602,2.468737,0.410918,1.602292,135.843750,Heart
1.220429,1.371434,0.498558,1.462546,1.673738,2.447918,0.397325,1.629033,137.969742,Heart
1.215672,1.386275,0.536941,1.343459,1.685256,2.264072,0.420203,1.589448,145.478973,Heart
1.162186,1.371470,0.525813,1.386699,1.593903,2.210265,0.398312,1.593679,139.561752,Heart
1.178283,1.398603,0.534495,1.337710,1.647950,2.204480,0.422700,1.600649,141.538071,Heart
1.238368,1.349656,0.486068,1.524332,1.671371,2.547724,0.428771,1.629995,138.110016,Heart
1.190052,1.399444,0.517620,1.380491,1.665411,2.299085,0.430287,1.623127,142.444122,Heart
1.199658,1.354590,0.540545,1.365714,1.625045,2.219348,0.413405,1.563996,141.919617,Heart
1.257025,1.329990,0.501138,1.500355,1.671831,2.508340,0.437447,1.596140,139.662582,Heart
1.213535,1.351350,0.524424,1.411073,1.639911,2.314034,0.419791,1.581747,139.931732,Heart
1.127829,1.304214,0.498246,1.538890,1.470931,2.263601,0.450387,1.581039,136.004501,Heart
1.204601,1.342800,0.544036,1.368867,1.617538,2.214194,0.443970,1.551893,146.973785,Heart
1.170262,1.338237,0.503153,1.485138,1.566087,2.325855,0.410526,1.599482,134.293579,Heart
1.254117,1.359676,0.517387,1.421506,1.705194,2.423944,0.413686,1.596352,139.181519,Heart
1.162151,1.351083,0.507369,1.458794,1.570162,2.290543,0.414477,1.603185,137.307236,Heart
1.198189,1.378792,0.525502,1.380152,1.652053,2.280085,0.434308,1.599010,139.542282,Heart
1.178646,1.377795,0.526193,1.379338,1.623932,2.239951,0.408094,1.597457,140.092194,Heart
1.174513,1.414147,0.561711,1.258903,1.660934,2.090954,0.417601,1.576228,144.907639,Heart
1.184367,1.300483,0.495326,1.552402,1.540249,2.391085,0.402273,1.581939,132.080643,Heart
1.149548,1.347400,0.511444,1.451128,1.548901,2.247654,0.422505,1.595388,138.774841,Heart
1.211674,1.342254,0.509002,1.463680,1.626374,2.380491,0.415507,1.594875,139.303207,Heart
1.221676,1.403284,0.524985,1.357399,1.714359,2.327069,0.410091,1.616032,142.357483,Heart
1.185534,1.379347,0.531392,1.364304,1.635263,2.230996,0.418887,1.591884,140.412628,Heart
1.132996,1.360890,0.542518,1.354448,1.541883,2.088401,0.420480,1.565764,141.131622,Heart
1.165049,1.359574,0.532705,1.380735,1.583970,2.187042,0.411411,1.577001,140.120682,Heart
1.234168,1.378882,0.525960,1.378859,1.701772,2.346504,0.433137,1.598484,141.494080,Heart
1.280102,1.378222,0.539186,1.345681,1.764265,2.374139,0.425680,1.581330,141.918167,Heart
1.197397,1.342074,0.531841,1.401013,1.606994,2.251420,0.416697,1.566224,138.979568,Heart
1.222685,1.399606,0.532159,1.342619,1.711278,2.297595,0.420952,1.604305,140.498779,Heart
1.177537,1.337119,0.484079,1.544949,1.574507,2.432532,0.422612,1.623435,135.842575,Heart
1.200445,1.361317,0.544327,1.349524,1.634186,2.205374,0.410464,1.563831,140.897720,Heart
1.223040,1.371785,0.540057,1.349815,1.677747,2.264649,0.432525,1.576002,143.185577,Heart
1.240826,1.376353,0.517949,1.402758,1.707816,2.395652,0.416286,1.607062,140.905640,Heart
1.234105,1.370561,0.517625,1.409569,1.691416,2.384168,0.423486,1.603523,140.853653,Heart
1.193825,1.366517,0.523177,1.398737,1.631382,2.281875,0.415121,1.593670,143.011047,Heart
1.251204,1.337400,0.531326,1.407269,1.673360,2.354868,0.413563,1.563666,138.778259,Heart
1.200712,1.337511,0.532036,1.405275,1.605966,2.256823,0.415821,1.562874,138.001205,Heart
1.229808,1.387257,0.501361,1.437780,1.706060,2.452939,0.412116,1.636382,139.480362,Heart
1.192396,1.330849,0.527587,1.424219,1.586898,2.260091,0.425303,1.563737,140.461487,Heart
1.191910,1.329211,0.502250,1.497911,1.584299,2.373139,0.406552,1.594163,137.097717,Heart
1.211195,1.356217,0.514891,1.432041,1.642643,2.352333,0.407295,1.597143,138.765289,Heart
1.177665,1.408043,0.551650,1.287420,1.658203,2.134804,0.431338,1.584967,144.193924,Heart
1.161786,1.340976,0.509676,1.463136,1.557928,2.279460,0.422692,1.593116,140.265381,Heart
1.180916,1.383527,0.535420,1.349952,1.633829,2.205591,0.421225,1.589560,144.746994,Heart
1.154912,1.386366,0.537549,1.341851,1.601130,2.148478,0.423166,1.588740,141.105789,Heart
1.233914,1.347265,0.513527,1.445385,1.662409,2.402821,0.412389,1.592646,137.881119,Heart
1.209264,1.346241,0.505214,1.470286,1.627961,2.393567,0.407189,1.602534,138.015488,Heart
1.212379,1.396858,0.524305,1.365412,1.693522,2.312355,0.411559,1.612647,142.191956,Heart
1.218247,1.347405,0.514841,1.441546,1.641472,2.366257,0.416508,1.591079,139.297775,Heart
1.191656,1.390141,0.518195,1.388186,1.656569,2.299627,0.414046,1.616101,142.255157,Heart
1.244686,1.329087,0.513760,1.464489,1.654296,2.422699,0.408222,1.579584,138.281387,Heart
1.230538,1.329335,0.503226,1.494865,1.635798,2.445297,0.410289,1.593014,138.457047,Heart
1.211964,1.345350,0.524276,1.417767,1.630516,2.311693,0.416174,1.577814,141.499649,Heart
1.244678,1.363201,0.489555,1.498438,1.696746,2.542470,0.405643,1.635159,139.406036,Heart
1.171031,1.364610,0.527278,1.389798,1.598001,2.220899,0.400908,1.587191,141.662262,Heart
1.207552,1.338444,0.499106,1.496949,1.616241,2.419431,0.427672,1.604824,134.915390,Heart
1.199095,1.332883,0.509839,1.471551,1.598253,2.351911,0.416924,1.587186,137.256546,Heart
1.214466,1.334890,0.483919,1.548040,1.621179,2.509650,0.405358,1.622002,138.770569,Heart
1.182077,1.390319,0.523062,1.375093,1.643464,2.259916,0.417469,1.609889,139.031067,Heart
1.189842,1.355222,0.511818,1.441697,1.612500,2.324737,0.417455,1.600379,137.945190,Heart
1.225676,1.354669,0.523176,1.410972,1.660386,2.342759,0.415069,1.585585,142.467590,Heart
1.198566,1.330885,0.527024,1.425704,1.595155,2.274218,0.425636,1.564452,142.085251,Heart
1.272585,1.367891,0.507745,1.439801,1.740758,2.506344,0.431278,1.614469,141.128754,Heart
1.228173,1.360633,0.531354,1.383169,1.671092,2.311404,0.409613,1.579398,140.212509,Heart
1.186034,1.326360,0.517953,1.455621,1.573109,2.289851,0.405905,1.572456,139.429993,Heart
1.192218,1.352567,0.512017,1.443966,1.612554,2.328474,0.414277,1.598271,140.167984,Heart
1.185643,1.329145,0.520799,1.444634,1.575891,2.276586,0.413113,1.570892,135.397171,Heart
1.200204,1.376983,0.538318,1.349064,1.652661,2.229545,0.413806,1.581599,141.825760,Heart
1.209526,1.344046,0.517864,1.436715,1.625659,2.335607,0.427547,1.584930,140.836334,Heart
1.214889,1.343217,0.504114,1.476812,1.631859,2.409948,0.413223,1.601800,137.955078,Heart
1.206523,1.323003,0.508449,1.486592,1.596233,2.372947,0.415247,1.581896,138.642838,Heart
1.194598,1.348960,0.528957,1.401461,1.611464,2.258404,0.421016,1.574470,140.527664,Heart
1.222571,1.337275,0.508268,1.471251,1.634914,2.405368,0.420006,1.592284,141.120697,Heart
1.271671,1.362654,0.521396,1.407494,1.732848,2.438973,0.416865,1.593298,139.932404,Heart
1.255686,1.415537,0.526451,1.341902,1.777470,2.385191,0.433355,1.622196,144.644638,Heart
1.204128,1.357938,0.540788,1.361737,1.635132,2.226619,0.434276,1.565928,141.677704,Heart
1.133630,1.340777,0.525951,1.418071,1.519945,2.155389,0.401259,1.572589,136.179031,Heart
1.186931,1.344848,0.518969,1.432798,1.596242,2.287092,0.406359,1.584099,138.243469,Heart
1.225124,1.345089,0.506451,1.467950,1.647900,2.419035,0.416657,1.600132,138.740311,Heart
1.210864,1.305758,0.500204,1.531053,1.581095,2.420740,0.409372,1.579726,135.039841,Heart
1.205542,1.323439,0.499396,1.513043,1.595461,2.414002,0.422655,1.593622,132.584686,Heart
1.228991,1.390818,0.541838,1.326966,1.709303,2.268187,0.424106,1.586244,144.737228,Heart
1.234045,1.346772,0.505201,1.469744,1.661978,2.442682,0.431723,1.602927,135.664871,Heart
1.200257,1.335045,0.509999,1.468706,1.602397,2.353450,0.415033,1.588515,139.445816,Heart
1.206670,1.336136,0.521930,1.433960,1.612275,2.311937,0.412048,1.574360,135.910065,Heart
1.279131,1.338120,0.521746,1.432339,1.711630,2.451635,0.422975,1.575965,138.180969,Heart
1.137563,1.361163,0.537241,1.367479,1.548408,2.117416,0.417311,1.572442,141.869507,Heart
1.194811,1.319986,0.488209,1.551761,1.577134,2.447335,0.403104,1.605404,133.627686,Heart
1.167127,1.372902,0.517838,1.406586,1.602352,2.253846,0.412007,1.604850,140.569748,Heart
1.222329,1.319384,0.486565,1.557714,1.612721,2.512157,0.399531,1.607078,134.208130,Heart
1.206102,1.345275,0.523418,1.420169,1.622539,2.304280,0.415616,1.578830,142.405884,Heart
1.230790,1.347913,0.525663,1.411337,1.658997,2.341404,0.426192,1.577846,141.527496,Heart
1.188866,1.356058,0.530877,1.389081,1.612171,2.239437,0.412195,1.576903,139.473267,Heart
1.195797,1.360504,0.504185,1.457843,1.626886,2.371744,0.412568,1.613936,137.849869,Heart
1.177656,1.300747,0.515294,1.491943,1.531832,2.285406,0.414064,1.557532,136.820740,Heart
1.249605,1.374587,0.505860,1.438126,1.717691,2.470256,0.422502,1.621598,137.939957,Heart
1.233158,1.369109,0.536859,1.360510,1.688328,2.296986,0.440863,1.578207,141.915253,Heart
1.182534,1.364248,0.503934,1.454564,1.613269,2.346604,0.427956,1.616895,138.677261,Heart
1.223736,1.388897,0.520555,1.383132,1.699643,2.350831,0.412159,1.612188,141.781860,Heart
1.187253,1.362949,0.539372,1.360290,1.618166,2.201175,0.435659,1.570999,141.604889,Heart
1.195965,1.356019,0.509060,1.448656,1.621750,2.349358,0.418414,1.604476,141.294830,Heart
1.201281,1.354826,0.534113,1.381920,1.627527,2.249113,0.420444,1.572060,141.651947,Heart
1.179687,1.338329,0.514444,1.452443,1.578810,2.293131,0.413107,1.585233,139.857712,Heart
1.236445,1.348773,0.531442,1.395100,1.667683,2.326585,0.429030,1.571269,142.161697,Heart
1.198571,1.364791,0.528216,1.387148,1.635799,2.269094,0.401815,1.586132,141.273209,Heart
1.184390,1.354051,0.544614,1.356052,1.603724,2.174732,0.431175,1.558678,142.544693,Heart
1.211195,1.356217,0.514891,1.432041,1.642643,2.352333,0.407295,1.597143,138.765289,Heart
1.264664,1.323499,0.515892,1.464596,1.673782,2.451414,0.431673,1.572989,140.230652,Heart
1.241287,1.378687,0.526575,1.377444,1.711347,2.357285,0.422985,1.597569,142.697372,Heart
1.234117,1.344142,0.505946,1.470452,1.658829,2.439229,0.416756,1.600109,140.310989,Heart
1.221473,1.345412,0.504994,1.471833,1.643383,2.418786,0.422486,1.602229,138.891632,Heart
1.216654,1.386641,0.528011,1.365819,1.687063,2.304222,0.410863,1.601053,138.034180,Heart
1.114234,1.282421,0.525917,1.482696,1.428917,2.118649,0.447059,1.531754,138.211578,Heart
1.218094,1.331004,0.508678,1.476990,1.621289,2.394628,0.420090,1.587314,138.336731,Heart
1.240253,1.375932,0.540501,1.344641,1.706504,2.294636,0.437971,1.578182,143.709991,Heart
1.165347,1.293304,0.486403,1.589654,1.507148,2.395843,0.411579,1.587785,136.070068,Heart
1.177692,1.343364,0.512511,1.452455,1.582069,2.297884,0.409081,1.591202,139.822495,Heart
1.202594,1.425463,0.571355,1.227829,1.714254,2.104810,0.422797,1.571238,145.904465,Heart
1.168379,1.374529,0.512114,1.420624,1.605971,2.281481,0.418881,1.613376,138.652603,Heart
1.205741,1.339729,0.519938,1.435593,1.615365,2.319007,0.417678,1.579332,139.269394,Heart
1.218550,1.353929,0.525042,1.406729,1.649830,2.320863,0.418142,1.582738,141.142426,Heart
1.184346,1.335774,0.491506,1.523133,1.582019,2.409625,0.413001,1.612726,138.631485,Heart
1.177692,1.343364,0.512511,1.452455,1.582069,2.297884,0.409081,1.591202,139.822495,Heart
1.224715,1.391188,0.534947,1.343704,1.703809,2.289415,0.424590,1.595205,141.412689,Heart
1.198539,1.311822,0.500870,1.521948,1.572271,2.392914,0.401783,1.583320,136.124390,Heart
1.245765,1.338167,0.503783,1.483360,1.667041,2.472823,0.417824,1.598627,140.941940,Heart
1.209410,1.306235,0.492293,1.555088,1.579774,2.456687,0.423506,1.590012,132.546539,Heart
1.251964,1.384235,0.509959,1.416627,1.733012,2.455031,0.414983,1.622877,142.285309,Heart
1.203622,1.410488,0.557476,1.271759,1.697694,2.159058,0.438198,1.579217,146.799957,Heart
1.187567,1.325515,0.515334,1.463950,1.574139,2.304461,0.435783,1.575104,140.821228,Heart
1.214889,1.343217,0.504114,1.476812,1.631859,2.409948,0.413223,1.601800,137.955078,Heart
1.115925,1.285161,0.527174,1.476008,1.434143,2.116807,0.448182,1.532231,138.526367,Heart
1.250362,1.382494,0.510912,1.415763,1.728618,2.447313,0.421897,1.620427,137.979767,Heart
1.222458,1.383860,0.532314,1.357501,1.691711,2.296499,0.419974,1.593714,145.730774,Heart
1.172197,1.283633,0.495648,1.571758,1.504671,2.364978,0.433211,1.569013,132.880615,Heart
1.200500,1.362136,0.509222,1.441691,1.635244,2.357517,0.416914,1.608541,138.421600,Heart
1.232190,1.318083,0.510755,1.485403,1.624129,2.412486,0.415704,1.575507,134.821182,Heart
1.243272,1.347045,0.535864,1.385361,1.674743,2.320124,0.433069,1.564663,141.692993,Heart
1.201143,1.345097,0.508444,1.462187,1.615654,2.362387,0.407440,1.597591,138.534958,Heart
1.206540,1.303360,0.519093,1.478054,1.572556,2.324322,0.415596,1.554798,138.902756,Heart
1.171974,1.348950,0.513307,1.444198,1.580934,2.283182,0.403336,1.594102,138.322723,Heart
1.239268,1.345775,0.523947,1.418209,1.667776,2.365255,0.421138,1.578516,137.090683,Heart
1.224919,1.379767,0.534015,1.357191,1.690103,2.293793,0.431212,1.588846,143.163284,Heart
1.222892,1.362545,0.535036,1.371722,1.666245,2.285625,0.432571,1.576098,142.212494,Heart
1.264493,1.332528,0.518987,1.445997,1.684972,2.436465,0.435788,1.575498,143.130127,Heart
1.202951,1.334623,0.505829,1.481281,1.605486,2.378176,0.411561,1.593493,135.383377,Heart
1.199095,1.347267,0.493141,1.505133,1.615501,2.431544,0.435220,1.618929,138.111923,Heart
1.202654,1.409078,0.538292,1.318399,1.694635,2.234204,0.417996,1.602595,143.446396,Heart
1.140462,1.390877,0.529104,1.358846,1.586242,2.155459,0.399624,1.602467,142.148499,Heart
1.296685,1.338319,0.458838,1.628477,1.735377,2.826022,0.403341,1.658315,144.072449,Heart
1.247124,1.319914,0.491711,1.540793,1.646096,2.536293,0.415432,1.600850,138.166336,Heart
1.297742,1.387200,0.506198,1.424099,1.800228,2.563703,0.460821,1.629892,145.121948,Heart
1.169924,1.380200,0.509963,1.420755,1.614729,2.294135,0.426988,1.620094,138.858093,Heart
1.200579,1.402883,0.543656,1.311157,1.684272,2.208345,0.414517,1.591756,143.454910,Heart
1.186228,1.360410,0.541421,1.357673,1.613757,2.190953,0.425222,1.566792,140.981766,Heart
1.180310,1.383572,0.548322,1.318143,1.633043,2.152585,0.424084,1.573454,143.709412,Heart
1.169878,1.372920,0.526526,1.383360,1.606148,2.221881,0.424040,1.593752,135.845367,Heart
1.162745,1.368152,0.504861,1.447752,1.590813,2.303102,0.391785,1.618420,137.919357,Heart
1.168122,1.372111,0.522254,1.395496,1.602793,2.236691,0.412776,1.598646,143.617554,Heart
1.229665,1.381469,0.504785,1.434012,1.698744,2.436020,0.404669,1.627801,141.149765,Heart
1.206603,1.339488,0.519862,1.436063,1.616230,2.321008,0.407477,1.579260,138.036209,Heart
1.208610,1.369919,0.520193,1.403269,1.655698,2.323390,0.400693,1.599791,137.996201,Heart
1.182709,1.372593,0.542703,1.342443,1.623378,2.179293,0.418835,1.573254,143.016693,Heart
1.222707,1.348444,0.516236,1.436542,1.648752,2.368502,0.422912,1.590038,136.306107,Heart
1.209665,1.414591,0.529258,1.335677,1.711182,2.285586,0.430631,1.617892,144.776962,Heart
1.260218,1.341182,0.509299,1.463995,1.690182,2.474419,0.436202,1.593740,140.455246,Heart
1.234099,1.341601,0.524007,1.422458,1.655669,2.355120,0.440348,1.575566,143.216431,Heart
1.255987,1.373102,0.529203,1.376180,1.724598,2.373358,0.434416,1.590481,142.639816,Heart
1.165159,1.388425,0.535610,1.344712,1.617736,2.175389,0.412482,1.592547,140.269867,Heart
1.222999,1.372589,0.522012,1.395658,1.678674,2.342855,0.420197,1.599280,143.569122,Heart
1.201437,1.371156,0.521229,1.399215,1.647358,2.305008,0.412347,1.599308,140.957474,Heart
1.212112,1.386570,0.538724,1.338727,1.680678,2.249969,0.413712,1.587392,143.754715,Heart
1.208688,1.367642,0.524096,1.395136,1.653052,2.306232,0.418764,1.593268,144.247650,Heart
1.100425,1.339345,0.492805,1.515070,1.473850,2.232985,0.408584,1.613635,139.045090,Heart
1.143250,1.385754,0.530123,1.361248,1.584264,2.156576,0.403417,1.597761,141.111023,Heart
1.215173,1.350327,0.510848,1.449669,1.640881,2.378735,0.414077,1.598198,139.062912,Heart
1.209499,1.322300,0.499091,1.515269,1.599321,2.423401,0.417040,1.593182,140.383911,Heart
1.204093,1.424320,0.550359,1.275695,1.715014,2.187834,0.431999,1.596873,147.177322,Heart
1.232204,1.394409,0.553430,1.295828,1.718197,2.226487,0.445530,1.574085,147.313965,Heart
1.316085,1.391897,0.541107,1.327731,1.831854,2.432210,0.429212,1.587868,143.678131,Heart
1.028689,1.321960,0.540805,1.398753,1.359886,1.902145,0.418144,1.541714,138.131210,Heart
1.275719,1.333362,0.529697,1.415873,1.700995,2.408394,0.428024,1.562890,137.886856,Heart
1.232584,1.324238,0.491617,1.536058,1.632234,2.507207,0.397825,1.604148,135.591461,Heart
1.250267,1.347251,0.509662,1.456361,1.684423,2.453129,0.423595,1.597553,135.801590,Heart
1.167489,1.419916,0.554588,1.269891,1.657736,2.105145,0.420720,1.588744,147.375793,Heart
1.254765,1.391861,0.545774,1.316411,1.746460,2.299058,0.438576,1.581983,148.714050,Heart
1.271671,1.362654,0.521396,1.407494,1.732848,2.438973,0.416865,1.593298,139.932404,Heart
1.171823,1.339694,0.507068,1.472068,1.569885,2.310978,0.417429,1.595523,136.086426,Heart
1.188174,1.341326,0.517959,1.439364,1.593728,2.293956,0.420096,1.582917,137.447769,Heart
1.193297,1.374177,0.505786,1.438766,1.639801,2.359291,0.399899,1.621409,137.410416,Heart
1.171232,1.333993,0.490581,1.528045,1.562415,2.387441,0.417171,1.612630,140.388916,Heart
1.221473,1.345412,0.504994,1.471833,1.643383,2.418786,0.422486,1.602229,138.891632,Heart
1.181219,1.358817,0.520337,1.414343,1.605059,2.270104,0.445378,1.592013,142.994583,Heart
1.177772,1.421697,0.533126,1.319360,1.674435,2.209183,0.407025,1.617455,143.911209,Heart
1.175808,1.373151,0.526883,1.382188,1.614563,2.231630,0.441804,1.593454,143.144592,Heart
1.291695,1.365321,0.539998,1.356353,1.763579,2.392034,0.429316,1.571800,144.388260,Heart
1.278415,1.448716,0.519525,1.328650,1.852059,2.460738,0.437164,1.653178,145.253738,Heart
1.193668,1.314801,0.509140,1.493835,1.569437,2.344480,0.428871,1.575161,138.872925,Heart
1.209803,1.370209,0.513792,1.420448,1.657683,2.354652,0.425402,1.608224,141.346390,Heart
1.207582,1.359465,0.525307,1.400293,1.641666,2.298813,0.423424,1.586181,142.139786,Heart
1.190052,1.336841,0.530679,1.409575,1.590910,2.242507,0.404734,1.564074,138.567017,Heart
1.253895,1.342469,0.513789,1.449811,1.683316,2.440489,0.423139,1.588960,139.282578,Heart
1.212563,1.382419,0.513900,1.407608,1.676269,2.359530,0.432945,1.616462,143.639893,Heart
1.213788,1.372726,0.527108,1.382028,1.666198,2.302732,0.424329,1.592883,144.914352,Heart
1.234642,1.369557,0.498182,1.465655,1.690913,2.478296,0.408218,1.628207,136.425781,Heart
1.218717,1.359939,0.540668,1.360036,1.657380,2.254096,0.432658,1.567404,143.735580,Heart
1.313455,1.385625,0.551062,1.309645,1.819956,2.383496,0.432163,1.571390,143.683563,Heart
1.243300,1.396234,0.530828,1.349237,1.735938,2.342191,0.429204,1.603797,141.678452,Heart
1.221498,1.399445,0.499156,1.431555,1.709419,2.447127,0.419849,1.647819,141.728333,Heart
1.337484,1.368828,0.540175,1.352436,1.830785,2.476021,0.427764,1.573902,141.405563,Heart
1.172406,1.378238,0.554965,1.307405,1.615855,2.112577,0.413016,1.561855,142.064346,Heart
1.260487,1.331203,0.502754,1.494171,1.677964,2.507166,0.412021,1.594955,137.810303,Heart
1.201963,1.362518,0.516655,1.420552,1.637696,2.326433,0.423862,1.599245,140.600723,Heart
1.194687,1.394026,0.507874,1.412449,1.665424,2.352327,0.429024,1.632358,139.866364,Heart
1.209230,1.407684,0.546061,1.300930,1.702213,2.214461,0.413039,1.591789,142.378693,Heart
1.145474,1.358278,0.528519,1.392998,1.555873,2.167327,0.414718,1.581346,140.914017,Heart
1.208972,1.366410,0.524738,1.394685,1.651952,2.303953,0.440998,1.591619,140.874908,Heart
1.230536,1.368314,0.509877,1.433339,1.683758,2.413396,0.422290,1.611988,139.949112,Heart
1.215178,1.296062,0.501621,1.538150,1.574947,2.422504,0.412512,1.570859,135.523499,Heart
1.155685,1.366724,0.495270,1.477329,1.579503,2.333446,0.407851,1.630063,140.619095,Heart
1.194680,1.360114,0.523151,1.405392,1.624901,2.283624,0.414599,1.589340,137.593964,Heart
1.161350,1.317100,0.507891,1.494894,1.529613,2.286610,0.411452,1.578363,138.455780,Heart
1.241243,1.389070,0.545332,1.320124,1.724174,2.276122,0.430291,1.580730,144.489182,Heart
1.208534,1.361340,0.526589,1.394960,1.645225,2.295024,0.411490,1.585843,138.821167,Heart
1.161921,1.343388,0.529549,1.405698,1.560911,2.194170,0.415287,1.569938,139.779007,Heart
1.225140,1.362885,0.506405,1.448914,1.669724,2.419288,0.425341,1.612717,139.506653,Heart
1.186646,1.340940,0.516962,1.442554,1.591221,2.295422,0.415122,1.583898,140.004288,Heart
1.316968,1.379847,0.528178,1.372109,1.817214,2.493416,0.429743,1.596301,140.725906,Heart
1.214012,1.373167,0.511509,1.423717,1.667041,2.373394,0.432173,1.613225,139.363495,Heart
1.184390,1.354051,0.544614,1.356052,1.603724,2.174732,0.431175,1.558678,142.544693,Heart
1.279844,1.371378,0.517919,1.407930,1.755149,2.471127,0.430166,1.603704,140.929398,Heart
1.162802,1.389206,0.550326,1.308016,1.615371,2.112931,0.425500,1.574602,143.242538,Heart
1.183063,1.415536,0.544137,1.298288,1.674669,2.174202,0.428694,1.599254,142.600418,Heart
1.229578,1.329635,0.512647,1.467064,1.634890,2.398489,0.421940,1.581362,135.148132,Heart
1.123347,1.388433,0.522794,1.377669,1.559691,2.148738,0.416812,1.608971,139.949875,Heart
1.234895,1.359546,0.521535,1.410337,1.678897,2.367810,0.421409,1.590995,141.036621,Heart
1.203226,1.364862,0.502349,1.458497,1.642238,2.395199,0.429851,1.619402,141.247971,Heart
1.143250,1.385754,0.530123,1.361248,1.584264,2.156576,0.403417,1.597761,141.111023,Heart
1.221450,1.364726,0.525338,1.394812,1.666945,2.325075,0.415330,1.589716,140.376282,Heart
1.227812,1.333749,0.499192,1.501961,1.637594,2.459602,0.407104,1.601335,134.100571,Heart
1.263113,1.415154,0.529055,1.335659,1.787500,2.387490,0.424790,1.618527,147.012146,Heart
1.189172,1.347186,0.507892,1.461508,1.602036,2.341388,0.412688,1.599770,139.252213,Heart
1.198258,1.334316,0.525113,1.427212,1.598855,2.281905,0.425462,1.569168,141.719620,Heart
1.243501,1.378862,0.532048,1.363102,1.714617,2.337197,0.432297,1.590731,144.138199,Heart
1.223180,1.315893,0.522969,1.453126,1.609574,2.338915,0.425624,1.558957,139.018326,Heart
1.173152,1.397178,0.539701,1.326158,1.639102,2.173709,0.411936,1.593081,142.597748,Heart
1.193204,1.365884,0.489877,1.494512,1.629778,2.435723,0.404481,1.636657,136.514221,Heart
1.189029,1.318268,0.510503,1.485929,1.567459,2.329132,0.421974,1.575952,134.964371,Heart
1.241787,1.365664,0.516496,1.417716,1.695864,2.404254,0.421279,1.601614,142.379807,Heart
1.195258,1.329443,0.518376,1.451061,1.589027,2.305775,0.434094,1.574096,139.152527,Heart
1.165599,1.358787,0.525176,1.401340,1.583801,2.219443,0.408325,1.585883,138.271179,Heart
1.244686,1.329087,0.513760,1.464489,1.654296,2.422699,0.408222,1.579584,138.281387,Heart
1.203805,1.331084,0.521739,1.439930,1.602366,2.307295,0.427558,1.571084,141.589371,Heart
1.221390,1.388767,0.523335,1.375913,1.696227,2.333860,0.413924,1.608495,143.570786,Heart
1.165460,1.302567,0.500168,1.534914,1.518090,2.330138,0.410879,1.577433,136.760025,Heart
1.195001,1.356052,0.529419,1.392914,1.620483,2.257193,0.435585,1.578714,135.228043,Heart
1.158744,1.312791,0.501226,1.519745,1.521188,2.311818,0.413165,1.583579,131.304642,Heart
1.273189,1.396849,0.517736,1.382746,1.778454,2.459150,0.414914,1.621228,144.999008,Heart
1.243782,1.391498,0.533076,1.348120,1.730721,2.333220,0.421016,1.597795,142.337112,Heart
1.209604,1.359663,0.507415,1.449457,1.644653,2.383855,0.420631,1.609151,138.311432,Heart
1.237145,1.368870,0.498593,1.465183,1.693490,2.481273,0.404605,1.627177,137.494156,Heart
1.198624,1.370152,0.507859,1.437104,1.642297,2.360152,0.406341,1.615894,138.373413,Heart
1.186080,1.339448,0.506617,1.473651,1.588693,2.341179,0.402890,1.595924,136.467026,Heart
1.205534,1.404589,0.536528,1.326962,1.693280,2.246918,0.406295,1.601948,141.393936,Heart
1.229667,1.361777,0.527353,1.392491,1.674532,2.331771,0.435694,1.585178,143.320068,Heart
1.247084,1.335223,0.511479,1.464261,1.665134,2.438191,0.409973,1.586775,136.965195,Heart
1.242897,1.345413,0.526184,1.412560,1.672210,2.362097,0.420307,1.575485,136.477051,Heart
1.187918,1.314246,0.502553,1.514054,1.561216,2.363765,0.405342,1.582972,136.404831,Heart
1.161628,1.374208,0.543062,1.339980,1.596319,2.139035,0.427217,1.573869,140.920547,Heart
1.220347,1.339513,0.544679,1.370607,1.634671,2.240491,0.419867,1.548924,138.600571,Heart
1.212515,1.390943,0.523929,1.372203,1.686540,2.314275,0.411514,1.609185,143.430710,Heart
1.157540,1.349925,0.524607,1.412071,1.562593,2.206491,0.407860,1.580542,140.518738,Heart
1.229948,1.372410,0.512142,1.422741,1.687993,2.401577,0.423550,1.611880,141.128204,Heart
1.173685,1.360094,0.557654,1.318459,1.596322,2.104684,0.420969,1.546914,141.585281,Heart
1.112313,1.341709,0.494589,1.506944,1.492400,2.248963,0.407453,1.613024,138.802338,Heart
1.178566,1.388337,0.543950,1.324178,1.636246,2.166682,0.415522,1.581983,141.385468,Heart
1.208448,1.358342,0.545872,1.348652,1.641486,2.213794,0.424510,1.559985,142.799301,Heart
1.174315,1.362661,0.511541,1.434603,1.600194,2.295643,0.412537,1.605911,139.771332,Heart
1.180824,1.361631,0.494570,1.484954,1.607846,2.387578,0.425745,1.627361,141.279724,Heart
1.185143,1.303855,0.486646,1.576006,1.545256,2.435332,0.406019,1.595403,136.116806,Heart
1.253077,1.364127,0.510718,1.435371,1.709356,2.453561,0.431192,1.607991,141.780716,Heart
1.151042,1.327306,0.508245,1.482368,1.527785,2.264740,0.402025,1.585225,133.995300,Heart
1.177313,1.308474,0.516283,1.480292,1.540484,2.280366,0.423948,1.561851,134.203156,Heart
1.243704,1.393085,0.526826,1.362558,1.732586,2.360748,0.433168,1.606868,141.686050,Heart
1.220182,1.327816,0.509678,1.477631,1.620177,2.394023,0.413391,1.583789,137.955856,Heart
1.218094,1.331004,0.508678,1.476990,1.621289,2.394628,0.420090,1.587314,138.336731,Heart
1.160329,1.345392,0.516435,1.439248,1.561097,2.246805,0.436952,1.587663,140.641312,Heart
1.210247,1.362801,0.551077,1.331543,1.649326,2.196149,0.439496,1.556590,146.093216,Heart
1.103973,1.373441,0.524580,1.387965,1.516242,2.104491,0.409017,1.596580,140.353485,Heart
1.231741,1.361319,0.504991,1.454642,1.676793,2.439134,0.421009,1.613459,141.638489,Heart
1.186870,1.383886,0.513768,1.406477,1.642492,2.310128,0.406265,1.617637,141.074005,Heart
1.225345,1.333930,0.516043,1.452717,1.634525,2.374503,0.415336,1.580144,137.556931,Heart
1.129807,1.363710,0.530997,1.380975,1.540729,2.127708,0.401057,1.581915,141.505692,Heart
1.233392,1.306773,0.530529,1.442416,1.611763,2.324833,0.427825,1.543480,142.384140,Heart
1.194100,1.394490,0.532856,1.345782,1.665160,2.240943,0.424032,1.600046,142.100510,Heart
1.225784,1.404498,0.562401,1.265998,1.721611,2.179556,0.440931,1.569368,147.430954,Heart
1.203327,1.356614,0.521812,1.412632,1.632451,2.306052,0.411646,1.588636,137.649872,Heart
1.185987,1.367731,0.535855,1.364431,1.622111,2.213259,0.427933,1.578540,143.726959,Heart
1.209100,1.379532,0.536992,1.349896,1.667992,2.251616,0.414502,1.584942,142.214600,Heart
1.227327,1.380871,0.534586,1.354656,1.694781,2.295846,0.431227,1.588857,145.764511,Heart
1.209763,1.338399,0.531996,1.404449,1.619146,2.274008,0.444313,1.563529,143.654221,Heart
1.128466,1.296732,0.506301,1.523145,1.463317,2.228844,0.413649,1.565594,134.743729,Heart
1.254715,1.356723,0.500106,1.473826,1.702301,2.508896,0.405535,1.616584,137.440277,Heart
1.213058,1.391839,0.530839,1.353467,1.688382,2.285170,0.409548,1.600880,141.324829,Heart
1.193254,1.386228,0.527115,1.368549,1.654122,2.263747,0.409625,1.601927,141.671860,Heart
1.161255,1.334864,0.521610,1.436207,1.550117,2.226288,0.393672,1.573873,137.474121,Heart
1.160584,1.340841,0.481041,1.550388,1.556159,2.412650,0.419630,1.630202,134.138885,Heart
1.168021,1.339811,0.531279,1.404862,1.564928,2.198507,0.412641,1.565370,138.356232,Heart
1.279131,1.338120,0.521746,1.432339,1.711630,2.451635,0.422975,1.575965,138.180969,Heart
1.193757,1.376231,0.531100,1.368145,1.642886,2.247705,0.422331,1.590176,141.436096,Heart
1.244494,1.380173,0.495929,1.460989,1.717618,2.509421,0.415030,1.638705,145.048035,Heart
1.159168,1.383039,0.521247,1.387146,1.603174,2.223835,0.411916,1.607339,140.467789,Heart
1.233368,1.385893,0.555295,1.299411,1.709315,2.221103,0.433423,1.566353,143.560715,Heart
1.215016,1.344779,0.517198,1.437778,1.633929,2.349228,0.410977,1.586276,141.174896,Heart
1.266512,1.350762,0.537573,1.377157,1.710756,2.355979,0.434640,1.565073,142.275970,Heart
1.297753,1.382003,0.543842,1.330510,1.793499,2.386267,0.425764,1.577997,142.530777,Heart
1.171971,1.356767,0.500453,1.472759,1.590092,2.341821,0.412279,1.616163,138.292587,Heart
1.302206,1.369128,0.516167,1.415029,1.782887,2.522835,0.403621,1.604416,146.935211,Heart
1.172936,1.296556,0.473307,1.629544,1.520777,2.478173,0.408650,1.606967,135.956055,Heart
1.221984,1.371261,0.525386,1.388038,1.675658,2.325877,0.414944,1.594080,140.508514,Heart
1.186169,1.318342,0.510956,1.484529,1.563775,2.321470,0.404208,1.575443,137.309586,Heart
1.204414,1.397628,0.562477,1.272048,1.683322,2.141266,0.422671,1.564975,144.242111,Heart
1.176970,1.373237,0.513155,1.419076,1.616259,2.293595,0.405833,1.611134,139.662033,Heart
1.165203,1.372295,0.536794,1.357516,1.599003,2.170671,0.409536,1.580403,140.283859,Heart
1.311400,1.394731,0.546869,1.311072,1.829051,2.398017,0.427957,1.582463,143.680176,Heart
1.204496,1.341251,0.506081,1.473227,1.615531,2.380044,0.401585,1.597886,137.616470,Heart
1.178059,1.367996,0.552054,1.324138,1.611581,2.133955,0.436084,1.558785,142.429077,Heart
1.235378,1.361382,0.520384,1.411549,1.681822,2.373974,0.411005,1.593713,140.459198,Heart
1.210022,1.401970,0.533123,1.337932,1.696414,2.269686,0.423751,1.604615,141.124008,Heart
1.226663,1.386984,0.534722,1.348344,1.701362,2.294022,0.432119,1.592723,142.786240,Heart
1.323499,1.403051,0.528642,1.348233,1.856937,2.503585,0.432266,1.611118,142.655075,Heart
1.184577,1.332384,0.504693,1.487110,1.578311,2.347121,0.407848,1.593336,138.384995,Heart
1.207542,1.355684,0.532319,1.385702,1.637045,2.268457,0.436967,1.574861,138.935135,Heart
1.178198,1.392569,0.531348,1.351464,1.640723,2.217378,0.413663,1.600711,143.426376,Heart
1.211827,1.399190,0.505646,1.413439,1.695576,2.396593,0.417047,1.638881,143.887939,Heart
1.222409,1.328607,0.513264,1.466434,1.624101,2.381638,0.413274,1.579863,135.308350,Heart
1.202249,1.323678,0.516810,1.461795,1.591391,2.326288,0.416799,1.571980,141.630676,Heart
1.199179,1.329045,0.500289,1.503971,1.593763,2.396973,0.412966,1.596540,134.389877,Heart
1.214448,1.368419,0.513202,1.423943,1.661874,2.366413,0.412795,1.607753,140.003082,Heart
1.212341,1.372504,0.531905,1.369784,1.663943,2.279242,0.434475,1.586671,139.519104,Heart
1.118839,1.380299,0.513437,1.411042,1.544332,2.179117,0.405499,1.615616,138.933838,Heart
1.126398,1.379640,0.522946,1.386044,1.554024,2.153946,0.414252,1.602855,142.901016,Heart
1.197615,1.343861,0.520775,1.428880,1.609427,2.299679,0.418671,1.581153,141.962402,Heart
1.177539,1.307456,0.516303,1.481387,1.539580,2.280715,0.423891,1.561101,134.161530,Heart
1.131942,1.396422,0.532337,1.345229,1.580669,2.126362,0.412075,1.601982,141.983414,Heart
1.268805,1.367969,0.542517,1.347443,1.735686,2.338738,0.433565,1.570441,143.747192,Heart
1.130479,1.375651,0.533243,1.363223,1.555143,2.120008,0.403332,1.587086,142.563431,Heart
1.193254,1.386228,0.527115,1.368549,1.654122,2.263747,0.409625,1.601927,141.671860,Heart
1.187751,1.397516,0.543628,1.316258,1.659902,2.184859,0.413750,1.588331,144.773636,Heart
1.196306,1.393767,0.515961,1.390571,1.667372,2.318598,0.406149,1.621480,140.866440,Heart
1.169270,1.321473,0.509459,1.485362,1.545158,2.295119,0.419892,1.579541,136.238541,Heart
1.233891,1.367647,0.500382,1.461249,1.687526,2.465896,0.432253,1.623950,141.417801,Heart
1.233850,1.324337,0.511295,1.476829,1.634032,2.413186,0.438462,1.579293,140.989899,Heart
1.198584,1.326428,0.501460,1.503419,1.589835,2.390189,0.416566,1.593162,137.415100,Heart
1.217009,1.356075,0.507700,1.452477,1.650356,2.397105,0.418105,1.606269,138.391937,Heart
1.174315,1.362661,0.511541,1.434603,1.600194,2.295643,0.412537,1.605911,139.771332,Heart
1.161786,1.340976,0.509676,1.463136,1.557928,2.279460,0.422692,1.593116,140.265381,Heart
1.255156,1.328452,0.511202,1.472520,1.667415,2.455302,0.423766,1.582331,140.840149,Heart
1.181650,1.340986,0.485094,1.537270,1.584576,2.435920,0.405420,1.624941,138.319824,Heart
1.241756,1.353125,0.526141,1.404624,1.680251,2.360120,0.430682,1.580814,141.032364,Heart
1.242041,1.373923,0.528836,1.376310,1.706468,2.348630,0.412126,1.591496,143.167679,Heart
1.202853,1.398104,0.555329,1.287983,1.681714,2.166019,0.420619,1.574080,144.445251,Heart
1.188080,1.377691,0.526287,1.379194,1.636806,2.257473,0.426897,1.597266,140.636200,Heart
1.235120,1.429366,0.549851,1.272365,1.765439,2.246282,0.415264,1.600689,143.735443,Heart
1.174014,1.393681,0.517589,1.386281,1.636202,2.268235,0.422727,1.619284,144.634125,Heart
1.211812,1.369973,0.520274,1.402995,1.660150,2.329182,0.429312,1.599725,141.778168,Heart
1.200965,1.373736,0.549593,1.324510,1.649809,2.185189,0.437267,1.565515,143.441193,Heart
1.140462,1.390877,0.529104,1.358846,1.586242,2.155459,0.399624,1.602467,142.148499,Heart
1.188527,1.380247,0.519733,1.393999,1.640462,2.286803,0.406592,1.607406,138.143402,Heart
1.252107,1.378738,0.513967,1.411181,1.726326,2.436160,0.411586,1.613855,138.742111,Heart
1.182500,1.409114,0.520800,1.362645,1.666278,2.270546,0.414796,1.625401,142.361176,Heart
1.174291,1.395517,0.511157,1.401880,1.638743,2.297322,0.430039,1.629013,142.438919,Heart
1.180145,1.338582,0.506738,1.474253,1.579721,2.328907,0.423330,1.595154,136.175827,Heart
1.209198,1.332068,0.496343,1.512487,1.610734,2.436216,0.403159,1.603779,137.968903,Heart
1.245050,1.354303,0.530176,1.392721,1.686174,2.348370,0.417144,1.576586,141.583511,Heart
1.159747,1.340771,0.496057,1.503537,1.554956,2.337933,0.426440,1.610441,140.265366,Heart
1.220873,1.346246,0.531219,1.398305,1.643596,2.298248,0.409079,1.569827,138.569748,Heart
1.253589,1.399613,0.531089,1.345318,1.754539,2.360413,0.430880,1.605688,142.889297,Heart
1.238381,1.337225,0.509708,1.467150,1.655993,2.429590,0.428562,1.590426,136.714417,Heart
1.199673,1.346970,0.507544,1.462744,1.615924,2.363683,0.407998,1.600063,139.365097,Heart
1.242180,1.341776,0.500194,1.489982,1.666727,2.483393,0.413617,1.605813,134.674194,Heart
1.225568,1.322425,0.503269,1.502549,1.620721,2.435214,0.414784,1.587987,135.183990,Heart
1.176008,1.313609,0.493419,1.542830,1.544814,2.383386,0.410952,1.594031,130.310822,Heart
1.141898,1.407878,0.554178,1.281698,1.607653,2.060526,0.434958,1.581694,145.741669,Heart
1.222192,1.357167,0.536494,1.373414,1.658719,2.278109,0.413948,1.570693,143.075882,Heart
1.214476,1.336979,0.517316,1.445837,1.623729,2.347647,0.416027,1.580689,138.082565,Heart
1.204240,1.343325,0.513036,1.451012,1.617687,2.347283,0.420343,1.590512,143.383301,Heart
1.175917,1.347759,0.499018,1.486866,1.584853,2.356465,0.421330,1.611617,137.287643,Heart
1.201870,1.365016,0.500381,1.464069,1.640572,2.401910,0.409090,1.622095,138.890366,Heart
1.200410,1.344020,0.521317,1.427226,1.613374,2.302650,0.415681,1.580586,141.601822,Heart
1.291674,1.349946,0.510458,1.451188,1.743690,2.530423,0.440979,1.598429,141.559235,Heart
1.163369,1.426263,0.534169,1.312567,1.659271,2.177904,0.411907,1.619038,140.407166,Heart
1.202853,1.398104,0.555329,1.287983,1.681714,2.166019,0.420619,1.574080,144.445251,Heart
1.205586,1.409661,0.555797,1.276349,1.699467,2.169113,0.422619,1.580794,144.924164,Heart
1.247848,1.340322,0.507268,1.470799,1.672517,2.459936,0.420081,1.595713,137.616760,Heart
1.242007,1.354666,0.533370,1.384009,1.682505,2.328602,0.424575,1.572871,143.738693,Heart
1.145392,1.312858,0.499133,1.526039,1.503738,2.294762,0.400387,1.586256,136.127899,Heart
1.171070,1.356150,0.527883,1.396865,1.588146,2.218425,0.407958,1.580696,139.065536,Heart
1.219160,1.366474,0.511688,1.430190,1.665951,2.382626,0.407876,1.608366,139.032288,Heart
1.207774,1.337650,0.497586,1.502412,1.615578,2.427265,0.423464,1.606211,136.485764,Heart
1.233183,1.374325,0.536642,1.355894,1.694794,2.297960,0.422986,1.581938,144.906662,Heart
1.209233,1.369997,0.534252,1.366263,1.656645,2.263413,0.410076,1.582052,140.998566,Heart
1.257868,1.396445,0.506335,1.414290,1.756543,2.484260,0.429940,1.636073,142.429672,Heart
1.227629,1.365659,0.503292,1.454915,1.676522,2.439196,0.410565,1.618726,139.415924,Heart
1.157949,1.343754,0.490079,1.518498,1.555997,2.362780,0.415279,1.620400,133.542389,Heart
1.236216,1.372628,0.523162,1.392551,1.696865,2.362971,0.407208,1.597838,140.540909,Heart
1.192444,1.353409,0.522373,1.414458,1.613864,2.282743,0.418296,1.585731,141.696320,Heart
1.163656,1.353140,0.513088,1.440343,1.574589,2.267948,0.398289,1.597305,136.716797,Heart
1.278256,1.366052,0.508301,1.440163,1.746163,2.514760,0.403688,1.612464,138.159439,Heart
1.171562,1.426428,0.539168,1.300247,1.671149,2.172906,0.416068,1.612617,146.139465,Heart
1.257636,1.344689,0.520933,1.427567,1.691129,2.414200,0.413128,1.581529,139.033936,Heart
1.174686,1.293319,0.501451,1.541935,1.519244,2.342575,0.423731,1.569051,138.574905,Heart
1.218172,1.352008,0.517190,1.430114,1.646978,2.355366,0.433520,1.591304,142.405106,Heart
1.214780,1.373715,0.510163,1.426902,1.668762,2.381159,0.404908,1.615357,137.762100,Heart
1.225752,1.364049,0.512718,1.429853,1.671987,2.390695,0.430463,1.605356,142.992599,Heart
1.147494,1.442531,0.547582,1.265976,1.655295,2.095564,0.425388,1.611853,148.297470,Heart
1.284806,1.363618,0.510415,1.436758,1.751984,2.517177,0.408180,1.608029,138.920242,Heart
1.184352,1.361510,0.533059,1.377857,1.612507,2.221804,0.415410,1.577862,136.117691,Heart
1.236663,1.361183,0.528446,1.390219,1.683324,2.340190,0.424864,1.583405,141.073990,Heart
1.186355,1.362691,0.515860,1.422560,1.616635,2.299761,0.430414,1.600381,142.047287,Heart
1.111949,1.340155,0.500975,1.489460,1.490184,2.219568,0.402970,1.603647,135.224228,Heart
1.166068,1.380376,0.521274,1.389749,1.609613,2.236959,0.413950,1.605505,139.712540,Heart
1.155824,1.403166,0.550408,1.294811,1.621813,2.099941,0.425340,1.583429,147.749939,Heart
1.262617,1.376230,0.547136,1.328049,1.737652,2.307687,0.419237,1.570156,143.823868,Heart
1.178198,1.392569,0.531348,1.351464,1.640723,2.217378,0.413663,1.600711,143.426376,Heart
1.215069,1.339290,0.521565,1.431585,1.627330,2.329661,0.421451,1.577002,139.193085,Heart
1.287502,1.341223,0.537800,1.386367,1.726828,2.394018,0.427106,1.558376,142.283875,Heart
1.224069,1.385706,0.555415,1.299307,1.696199,2.203883,0.439327,1.566087,142.019135,Heart
1.224564,1.359266,0.538130,1.367124,1.664509,2.275591,0.418984,1.570079,142.912750,Heart
1.266865,1.324834,0.508953,1.483067,1.678385,2.489158,0.422216,1.582573,142.749496,Heart
1.231566,1.311960,0.516156,1.476722,1.615766,2.386037,0.422475,1.564487,139.759628,Heart
1.216081,1.340655,0.505673,1.475071,1.630345,2.404875,0.424911,1.597984,139.320847,Heart
1.156172,1.391606,0.553494,1.298287,1.608936,2.088861,0.416060,1.572218,141.236420,Heart
1.267866,1.387576,0.563778,1.278307,1.759261,2.248875,0.444927,1.557076,145.153595,Heart
1.196220,1.354968,0.516374,1.429244,1.620839,2.316575,0.433220,1.594389,141.487991,Heart
1.205741,1.339729,0.519938,1.435593,1.615365,2.319007,0.417678,1.579332,139.269394,Heart
1.201093,1.390814,0.528319,1.360926,1.670498,2.273423,0.432416,1.603435,144.710144,Heart
1.192066,1.323363,0.498524,1.515777,1.577536,2.391193,0.430400,1.594674,134.203583,Heart
1.240519,1.416118,0.545029,1.295630,1.756722,2.276062,0.418578,1.598485,143.908249,Heart
1.171818,1.397727,0.546514,1.309110,1.637882,2.144167,0.421503,1.584835,144.260788,Heart
1.223521,1.326128,0.496866,1.517663,1.622547,2.462479,0.415979,1.598797,140.376678,Heart
1.209198,1.332068,0.496343,1.512487,1.610734,2.436216,0.403159,1.603779,137.968903,Heart
1.188630,1.368012,0.505979,1.444700,1.626061,2.349169,0.403305,1.616858,137.035675,Heart
1.199529,1.354684,0.542062,1.361798,1.624984,2.212900,0.432709,1.562205,144.189850,Heart
1.184884,1.383495,0.517411,1.396969,1.639281,2.290025,0.403987,1.612620,134.395126,Heart
1.238653,1.371915,0.528877,1.378218,1.699326,2.342041,0.413441,1.590096,137.090759,Heart
1.287040,1.380164,0.513648,1.410600,1.776325,2.505684,0.405195,1.615248,144.350937,Heart
1.214476,1.336979,0.517316,1.445837,1.623729,2.347647,0.416027,1.580689,138.082565,Heart
1.178527,1.350195,0.533375,1.388579,1.591241,2.209564,0.438685,1.569848,141.049744,Heart
1.175921,1.424762,0.552193,1.271062,1.675409,2.129548,0.440257,1.594814,147.898422,Heart
1.211537,1.370722,0.508058,1.435942,1.660680,2.384640,0.408423,1.616030,140.210907,Heart
1.135880,1.293696,0.470200,1.643936,1.469483,2.415735,0.427692,1.608778,130.808685,Heart
1.180875,1.316899,0.503720,1.507505,1.555093,2.344310,0.401971,1.583432,137.171844,Heart
1.242656,1.344656,0.496666,1.497354,1.670945,2.501997,0.406344,1.612447,138.856079,Heart
1.199854,1.375396,0.553107,1.314508,1.650274,2.169298,0.419986,1.562292,144.913452,Heart
1.270712,1.398541,0.531292,1.345834,1.777143,2.391740,0.427250,1.604720,146.148178,Heart
1.205245,1.339837,0.522291,1.429011,1.614832,2.307612,0.412014,1.576479,136.387604,Heart
1.201850,1.356099,0.526864,1.399620,1.629827,2.281139,0.433778,1.581937,139.713699,Heart
1.238653,1.371915,0.528877,1.378218,1.699326,2.342041,0.413441,1.590096,137.090759,Heart
1.194229,1.356205,0.547063,1.347837,1.619619,2.182982,0.435790,1.557129,140.719543,Heart
1.207625,1.331901,0.497138,1.510257,1.608436,2.429152,0.414053,1.602635,138.534592,Heart
1.207811,1.325797,0.488643,1.543586,1.601313,2.471764,0.400812,1.609132,135.043762,Heart
1.180955,1.362152,0.527745,1.391073,1.608641,2.237738,0.403864,1.584940,138.616959,Heart
1.201912,1.409241,0.519265,1.366549,1.693784,2.314639,0.404684,1.627515,139.027924,Heart
1.183934,1.344905,0.511798,1.452813,1.592279,2.313284,0.411396,1.593188,140.380661,Heart
1.175496,1.388583,0.517355,1.392002,1.632273,2.272127,0.417798,1.616145,138.806107,Heart
1.220807,1.401648,0.530299,1.345366,1.711142,2.302112,0.422114,1.608047,140.808578,Heart
1.178377,1.371777,0.523172,1.393388,1.616470,2.252370,0.414081,1.597248,139.307297,Heart
1.197231,1.376111,0.513802,1.414330,1.647522,2.330140,0.419051,1.612269,138.511841,Heart
1.277937,1.333307,0.490257,1.529840,1.703883,2.606668,0.412165,1.612550,138.358002,Heart
1.179963,1.340301,0.513342,1.453419,1.581506,2.298591,0.415213,1.588004,137.654694,Heart
1.231566,1.311960,0.516156,1.476722,1.615766,2.386037,0.422475,1.564487,139.759628,Heart
1.208439,1.397931,0.542612,1.318332,1.689315,2.227077,0.413487,1.589882,143.083755,Heart
1.262955,1.322987,0.516584,1.463199,1.670873,2.444820,0.422192,1.571772,141.663055,Heart
1.243578,1.329847,0.522980,1.437849,1.653768,2.377869,0.413542,1.568693,137.251663,Heart
1.276936,1.399750,0.523920,1.363593,1.787391,2.437274,0.428240,1.615075,140.398712,Heart
1.210503,1.339477,0.506460,1.474074,1.621441,2.390125,0.405466,1.596143,136.836121,Heart
1.284331,1.405359,0.537506,1.323822,1.804946,2.389427,0.426214,1.601194,144.259628,Heart
1.229247,1.366241,0.512733,1.427517,1.679448,2.397440,0.431142,1.606853,143.120438,Heart
1.188465,1.356856,0.514047,1.433717,1.612576,2.311978,0.418118,1.598663,137.041870,Heart
1.145622,1.337455,0.532536,1.404016,1.532217,2.151258,0.426419,1.562226,142.279114,Heart
1.187906,1.368419,0.538341,1.357448,1.625554,2.206606,0.424507,1.575906,142.245789,Heart
1.197573,1.332625,0.504739,1.486705,1.595916,2.372657,0.434139,1.593450,137.807907,Heart
1.179770,1.411183,0.527673,1.342924,1.664872,2.235796,0.400222,1.617733,141.684845,Heart
1.207531,1.376380,0.524531,1.385129,1.662022,2.302115,0.428514,1.598626,142.958679,Heart
1.198587,1.306682,0.520278,1.470938,1.566172,2.303743,0.416430,1.555724,134.708359,Heart
1.276467,1.389586,0.507959,1.416727,1.773761,2.512934,0.443484,1.629198,141.734085,Heart
1.188608,1.369643,0.531460,1.373796,1.627969,2.236497,0.408697,1.585317,141.526520,Heart
1.190738,1.397539,0.541556,1.321275,1.664102,2.198736,0.431177,1.590964,146.195251,Heart
1.186763,1.387742,0.557792,1.291870,1.646921,2.127608,0.420099,1.564472,144.555389,Heart
1.201768,1.386745,0.539218,1.337331,1.666546,2.228725,0.411011,1.586885,144.956818,Heart
1.182256,1.313090,0.483939,1.573673,1.552407,2.442982,0.417970,1.605778,136.324280,Heart
1.207596,1.366282,0.502425,1.456763,1.649916,2.403537,0.422164,1.620301,140.638199,Heart
1.125873,1.431309,0.548263,1.274318,1.611473,2.053528,0.413313,1.603947,144.803955,Heart
1.164798,1.377286,0.530174,1.369486,1.604260,2.197013,0.420481,1.592054,143.133682,Heart
1.189969,1.352594,0.508528,1.453844,1.609544,2.340026,0.397468,1.602759,138.462936,Heart
1.234754,1.392815,0.554318,1.295232,1.719783,2.227518,0.410166,1.571970,142.147339,Heart
1.170254,1.345651,0.526229,1.412188,1.574753,2.223848,0.418672,1.575592,142.194244,Heart
1.253769,1.340550,0.497637,1.499009,1.680740,2.519445,0.421334,1.608235,137.448212,Heart
1.177237,1.318254,0.511814,1.482139,1.551898,2.300127,0.428802,1.574316,141.234558,Heart
1.162731,1.338594,0.543019,1.375739,1.556425,2.141236,0.418156,1.550302,139.780441,Heart
1.181450,1.351441,0.515869,1.434378,1.596659,2.290213,0.415278,1.592585,140.130722,Heart
1.234895,1.359546,0.521535,1.410337,1.678897,2.367810,0.421409,1.590995,141.036621,Heart
1.182055,1.365567,0.517418,1.415290,1.614175,2.284525,0.436100,1.600365,139.545563,Heart
1.186169,1.318342,0.510956,1.484529,1.563775,2.321470,0.404208,1.575443,137.309586,Heart
1.211537,1.370722,0.508058,1.435942,1.660680,2.384640,0.408423,1.616030,140.210907,Heart
1.203854,1.346438,0.519264,1.430295,1.620915,2.318386,0.413115,1.584831,141.820419,Heart
1.257032,1.365772,0.520715,1.406117,1.716819,2.414048,0.426326,1.596294,141.577347,Heart
1.201218,1.352345,0.529584,1.396295,1.624461,2.268227,0.416011,1.575994,141.453262,Heart
1.241787,1.365664,0.516496,1.417716,1.695864,2.404254,0.421279,1.601614,142.379807,Heart
1.184599,1.363882,0.527469,1.390037,1.615654,2.245819,0.429042,1.586458,143.512970,Heart
1.200704,1.379359,0.521780,1.389427,1.656201,2.301171,0.423397,1.604165,145.570343,Heart
1.261342,1.350541,0.527823,1.402827,1.703495,2.389708,0.436080,1.576956,140.159103,Heart
1.170935,1.440265,0.533717,1.300908,1.686457,2.193924,0.420297,1.628620,145.161911,Heart
1.198667,1.387025,0.498525,1.446200,1.662581,2.404425,0.410042,1.640026,137.686432,Heart
1.218552,1.318060,0.496947,1.526702,1.606124,2.452073,0.413445,1.592815,137.610382,Heart
1.203671,1.390373,0.509831,1.410725,1.673551,2.360920,0.389456,1.627256,137.647415,Heart
1.153843,1.368937,0.539466,1.354105,1.579538,2.138861,0.413048,1.574852,142.311890,Heart
1.202300,1.358248,0.564134,1.305085,1.633021,2.131232,0.430133,1.538017,143.477402,Heart
1.223180,1.315893,0.522969,1.453126,1.609574,2.338915,0.425624,1.558957,139.018326,Heart
1.216081,1.340655,0.505673,1.475071,1.630345,2.404875,0.424911,1.597984,139.320847,Heart
1.227583,1.385436,0.514644,1.402512,1.700738,2.385305,0.426307,1.617550,142.485306,Heart
1.218638,1.363732,0.537587,1.364026,1.661895,2.266868,0.421903,1.573727,143.139877,Heart
1.149970,1.325781,0.503868,1.496964,1.524608,2.282284,0.402053,1.589648,132.606674,Heart
1.212517,1.341688,0.536111,1.390253,1.626819,2.261690,0.422404,1.560743,140.827606,Heart
1.215598,1.313775,0.530743,1.434150,1.597023,2.290371,0.428631,1.548098,139.660950,Heart
1.182500,1.409114,0.520800,1.362645,1.666278,2.270546,0.414796,1.625401,142.361176,Heart
1.180948,1.371189,0.523038,1.394341,1.619303,2.257862,0.407004,1.597020,140.335922,Heart
1.164079,1.343018,0.526861,1.413259,1.563379,2.209460,0.409096,1.573004,138.333786,Heart
1.265121,1.381948,0.522569,1.384730,1.748330,2.420965,0.431753,1.604898,144.132385,Heart
1.223155,1.343534,0.522173,1.425400,1.643350,2.342432,0.422168,1.579181,137.260223,Heart
1.274578,1.345925,0.491897,1.510445,1.715487,2.591148,0.432443,1.619590,140.572327,Heart
1.228065,1.402195,0.548962,1.299120,1.721986,2.237067,0.428353,1.584623,142.776474,Heart
1.184814,1.345381,0.494089,1.504354,1.594026,2.397979,0.413028,1.616328,138.407501,Heart
1.177526,1.358489,0.553781,1.329246,1.599656,2.126337,0.432068,1.550516,145.198334,Heart
1.258000,1.430582,0.524315,1.333199,1.799672,2.399322,0.439479,1.634881,144.705597,Heart
1.215952,1.407274,0.559161,1.270820,1.711178,2.174600,0.426148,1.575107,142.799454,Heart
1.234325,1.400987,0.510483,1.398250,1.729273,2.417955,0.412844,1.633633,144.238663,Heart
1.225622,1.369455,0.504970,1.446061,1.678434,2.427119,0.427663,1.619188,140.439255,Heart
1.192992,1.355507,0.485902,1.518272,1.617109,2.455212,0.406705,1.634477,138.766129,Heart
1.190493,1.348709,0.516023,1.436854,1.605629,2.307055,0.435386,1.590492,140.499329,Heart
1.233707,1.352027,0.509912,1.450504,1.668006,2.419449,0.432863,1.600586,135.898193,Heart
1.296162,1.360447,0.524589,1.401197,1.763360,2.470814,0.430677,1.587753,139.043640,Heart
1.188923,1.378444,0.550335,1.318208,1.638865,2.160365,0.426060,1.567656,145.201233,Heart
1.309453,1.312162,0.498289,1.529436,1.718215,2.627899,0.430858,1.586810,138.596512,Heart
1.201093,1.390814,0.528319,1.360926,1.670498,2.273423,0.432416,1.603435,144.710144,Heart
1.191486,1.347710,0.533262,1.391435,1.605778,2.234336,0.415114,1.568306,143.144043,Heart
1.247674,1.321084,0.507327,1.492043,1.648282,2.459307,0.413391,1.581926,137.024490,Heart
1.187411,1.321157,0.505394,1.497668,1.568756,2.349476,0.422955,1.584402,131.341751,Heart
1.180742,1.400364,0.562765,1.268912,1.653469,2.098108,0.427846,1.566336,149.063660,Heart
1.166291,1.324539,0.514924,1.466197,1.544797,2.264977,0.415015,1.574922,138.719681,Heart
1.220160,1.388504,0.542622,1.327259,1.694196,2.248638,0.429040,1.583755,142.984573,Heart
1.126819,1.355641,0.538718,1.369285,1.527562,2.091667,0.404222,1.566936,140.324738,Heart
1.197160,1.394379,0.565356,1.268521,1.669294,2.117534,0.441011,1.559429,148.154251,Heart
1.227079,1.412018,0.535981,1.321327,1.732657,2.289407,0.435845,1.607475,144.526749,Heart
1.284362,1.361878,0.512278,1.433362,1.749145,2.507158,0.446461,1.604418,141.982376,Heart
1.170455,1.374745,0.526294,1.382133,1.609077,2.223958,0.396506,1.595276,140.666946,Heart
1.163702,1.370429,0.510477,1.429445,1.594771,2.279638,0.406493,1.612676,139.394653,Heart
1.162992,1.363263,0.535500,1.369812,1.585463,2.171786,0.410907,1.576001,140.308426,Heart
1.234117,1.344142,0.505946,1.470452,1.658829,2.439229,0.416756,1.600109,140.310989,Heart
1.212045,1.360510,0.523322,1.404523,1.649000,2.316059,0.413374,1.589394,142.694077,Heart
1.158697,1.381354,0.520457,1.390945,1.600570,2.226306,0.414964,1.607220,144.692581,Heart
1.166068,1.380376,0.521274,1.389749,1.609613,2.236959,0.413950,1.605505,139.712540,Heart
1.223278,1.358251,0.511326,1.439867,1.661518,2.392365,0.423073,1.603121,139.805786,Heart
1.159231,1.375236,0.526248,1.381758,1.594216,2.202820,0.411189,1.595664,137.831741,Heart
1.221045,1.369310,0.544766,1.340566,1.671988,2.241411,0.434784,1.568553,142.866135,Heart
1.194111,1.350630,0.501333,1.476852,1.612801,2.381869,0.412198,1.610658,138.888687,Heart
1.166833,1.312702,0.511709,1.488713,1.531703,2.280267,0.406857,1.570479,137.787811,Heart
1.216691,1.337059,0.508864,1.469766,1.626787,2.390996,0.425723,1.591376,138.395599,Heart
1.231272,1.400337,0.530077,1.347188,1.724195,2.322815,0.441739,1.607470,142.567688,Heart
1.192655,1.322158,0.519269,1.456547,1.576878,2.296798,0.422037,1.567879,136.724625,Heart
1.184338,1.345847,0.510611,1.455172,1.593938,2.319454,0.405032,1.595358,139.511948,Heart
1.202218,1.376640,0.527111,1.378089,1.655022,2.280768,0.396494,1.595510,140.118820,Heart
1.201963,1.362518,0.516655,1.420552,1.637696,2.326433,0.423862,1.599245,140.600723,Heart
1.176758,1.323984,0.525331,1.437753,1.558009,2.240033,0.417539,1.561735,139.424911,Heart
1.200107,1.357760,0.493021,1.493864,1.629457,2.434188,0.422978,1.626640,138.831924,Heart
1.237389,1.322231,0.512277,1.476345,1.636114,2.415468,0.401462,1.576573,132.743149,Heart
1.975456,1.264647,0.480479,1.645721,2.498255,4.111429,0.419323,1.573300,144.607407,Heart
1.164622,1.369650,0.531748,1.373044,1.595124,2.190176,0.431550,1.584960,145.896393,Heart
1.213208,1.387071,0.568932,1.267187,1.682806,2.132429,0.435135,1.550537,149.113754,Heart
1.198726,1.328759,0.488490,1.540630,1.592818,2.453943,0.408601,1.611511,137.680939,Heart
1.186196,1.385073,0.499857,1.444381,1.642968,2.373071,0.433490,1.636875,139.556427,Heart
1.273845,1.350577,0.524988,1.410363,1.720426,2.426425,0.416552,1.580512,141.501251,Heart
1.201656,1.335969,0.512159,1.461500,1.605375,2.346255,0.421861,1.586446,138.479538,Heart
1.172163,1.340065,0.512483,1.456110,1.570774,2.287220,0.422133,1.588921,142.464462,Heart
1.195922,1.366528,0.513092,1.426219,1.634260,2.330813,0.427928,1.606589,141.999146,Heart
1.202305,1.367002,0.498338,1.467935,1.643554,2.412631,0.423036,1.626194,139.027069,Heart
1.196844,1.331778,0.504450,1.488504,1.593931,2.372573,0.410570,1.593212,134.177887,Heart
1.176204,1.357217,0.524335,1.405212,1.596365,2.243232,0.405930,1.585871,141.569839,Heart
1.180279,1.354087,0.509799,1.448619,1.598200,2.315183,0.414662,1.602173,140.776489,Heart
1.233904,1.329159,0.507799,1.481600,1.640055,2.429906,0.424094,1.587107,138.822388,Heart
1.227748,1.377235,0.539591,1.345634,1.690898,2.275330,0.427586,1.580173,141.264420,Heart
1.210995,1.330973,0.530162,1.417171,1.611802,2.284199,0.425904,1.560681,141.455093,Heart
1.149061,1.392090,0.547792,1.311344,1.599597,2.097622,0.431611,1.579608,145.112534,Heart
1.154980,1.335147,0.509687,1.469494,1.542068,2.266059,0.413131,1.588981,135.518448,Heart
1.283061,1.332854,0.507135,1.479426,1.710134,2.530017,0.423590,1.590577,141.689102,Heart
1.278314,1.428498,0.527661,1.326677,1.826069,2.422602,0.437989,1.629066,145.762695,Heart
1.227327,1.380871,0.534586,1.354656,1.694781,2.295846,0.431227,1.588857,145.764511,Heart
1.251597,1.336290,0.521504,1.434966,1.672497,2.399977,0.425616,1.574996,134.143280,Heart
1.238455,1.349543,0.512542,1.445719,1.671348,2.416300,0.422862,1.595489,138.194489,Heart
1.189608,1.393289,0.562931,1.274980,1.657469,2.113239,0.441443,1.561698,145.703979,Heart
1.211964,1.345350,0.524276,1.417767,1.630516,2.311693,0.416174,1.577814,141.499649,Heart
1.173816,1.397471,0.518875,1.379097,1.640374,2.262234,0.403859,1.620151,140.419647,Heart
1.229940,1.378987,0.506861,1.430709,1.696071,2.426584,0.406015,1.623336,138.376007,Heart
1.213387,1.353717,0.532967,1.386026,1.642583,2.276664,0.415938,1.572730,139.846359,Heart
1.197465,1.327035,0.515143,1.462816,1.589078,2.324530,0.409797,1.576414,137.731384,Heart
1.210114,1.311641,0.503203,1.515102,1.587236,2.404824,0.420567,1.580270,135.725555,Heart
1.220344,1.351185,0.517017,1.431465,1.648910,2.360357,0.425188,1.590954,141.236862,Heart
1.242473,1.352526,0.553467,1.335865,1.680477,2.244891,0.439078,1.547000,144.572922,Heart
1.205887,1.356981,0.536094,1.374628,1.636365,2.249394,0.406279,1.571062,140.561920,Heart
1.189116,1.363880,0.519851,1.410409,1.621812,2.287418,0.408126,1.596101,136.910416,Heart
1.187111,1.392788,0.547697,1.310916,1.653394,2.167461,0.410962,1.580177,142.562881,Heart
1.150855,1.348554,0.544978,1.360668,1.551990,2.111744,0.411494,1.554589,139.251297,Heart
1.228608,1.374237,0.533152,1.364858,1.688398,2.304423,0.409762,1.586258,140.142456,Heart
1.228434,1.366459,0.510944,1.432287,1.678604,2.404243,0.416428,1.609317,142.893204,Heart
1.199701,1.319124,0.521352,1.454064,1.582553,2.301133,0.417078,1.563195,140.746826,Heart
1.208688,1.367642,0.524096,1.395136,1.653052,2.306232,0.418764,1.593268,144.247650,Heart
1.193388,1.352014,0.532982,1.387733,1.613477,2.239075,0.419267,1.571561,143.598679,Heart
1.195724,1.387350,0.531692,1.355669,1.658888,2.248904,0.421049,1.596819,140.017517,Heart
1.243468,1.295258,0.509248,1.516052,1.610612,2.441773,0.432408,1.560921,137.315918,Heart
1.226372,1.358803,0.509807,1.443569,1.666398,2.405560,0.424425,1.605460,138.004135,Heart
1.194486,1.359071,0.525659,1.399761,1.623391,2.272359,0.406745,1.585470,139.313416,Heart
1.192959,1.363002,0.535677,1.369622,1.626005,2.227011,0.416551,1.575607,140.529175,Heart
1.185611,1.321801,0.484243,1.562323,1.567142,2.448382,0.404692,1.611881,132.556107,Heart
1.246911,1.415048,0.532491,1.327140,1.764439,2.341658,0.418518,1.613970,139.386429,Heart
1.199455,1.383129,0.530575,1.362670,1.659000,2.260669,0.425717,1.595439,141.646973,Heart
1.250043,1.417694,0.514239,1.371679,1.772178,2.430860,0.426734,1.639869,145.779404,Heart
1.230327,1.309120,0.507866,1.504082,1.610645,2.422543,0.435129,1.572652,138.264679,Heart
1.213532,1.358316,0.516875,1.424341,1.648360,2.347826,0.418252,1.596067,145.890610,Heart
1.187599,1.336430,0.509914,1.467429,1.587143,2.329020,0.424008,1.589603,140.070572,Heart
1.187504,1.338185,0.507102,1.473629,1.589101,2.341745,0.414620,1.594409,139.131836,Heart
1.209634,1.343529,0.499952,1.488759,1.625177,2.419497,0.420010,1.607380,138.798492,Heart
1.204208,1.379215,0.508656,1.425424,1.660862,2.367432,0.412312,1.621131,140.418839,Heart
1.172866,1.330666,0.495684,1.516095,1.560692,2.366157,0.424351,1.603608,138.268341,Heart
1.170862,1.331828,0.538767,1.393641,1.559386,2.173223,0.432503,1.550850,139.848297,Heart
1.234325,1.400987,0.510483,1.398250,1.729273,2.417955,0.412844,1.633633,144.238663,Heart
1.235192,1.362646,0.529837,1.385080,1.683129,2.331268,0.414686,1.582649,140.710526,Heart
1.281361,1.340632,0.499809,1.492404,1.717834,2.563702,0.435155,1.605490,142.454727,Heart
1.151671,1.386892,0.530978,1.357942,1.597243,2.168964,0.412820,1.597426,141.425125,Heart
1.307411,1.352838,0.468478,1.577847,1.768715,2.790763,0.409245,1.656089,144.177444,Heart
1.142668,1.328300,0.506708,1.485750,1.517805,2.255079,0.404822,1.587868,133.103287,Heart
1.188230,1.344068,0.529024,1.406381,1.597061,2.246077,0.422413,1.571049,140.216354,Heart
1.187061,1.408066,0.535807,1.325466,1.671460,2.215464,0.420646,1.605136,141.155777,Heart
1.213735,1.325840,0.513526,1.468746,1.609219,2.363534,0.434154,1.577580,136.827728,Heart
1.261216,1.428681,0.551324,1.269573,1.801876,2.287613,0.418116,1.598376,143.059845,Heart
1.259684,1.354794,0.551089,1.339383,1.706612,2.285807,0.431468,1.551339,145.744659,Heart
1.149556,1.338116,0.517667,1.443629,1.538239,2.220647,0.423649,1.581044,140.758881,Heart
1.185021,1.339484,0.509766,1.464508,1.587317,2.324639,0.406012,1.591949,139.408020,Heart
1.155312,1.284980,0.468432,1.661334,1.484553,2.466337,0.407340,1.604294,134.946228,Heart
1.197299,1.385801,0.537993,1.341290,1.659218,2.225493,0.424703,1.587809,140.312622,Heart
1.199419,1.355442,0.526514,1.401230,1.625744,2.278040,0.418967,1.581928,139.244858,Heart
1.212831,1.371027,0.514318,1.418150,1.662824,2.358134,0.413675,1.608106,139.459610,Heart
1.232020,1.345253,0.512689,1.449914,1.657378,2.403057,0.431442,1.592302,142.236450,Heart
1.198944,1.321137,0.537755,1.407562,1.583969,2.229536,0.424494,1.544785,140.541687,Heart
1.277112,1.393027,0.529615,1.355440,1.779052,2.411399,0.420508,1.603238,145.719727,Heart
1.184672,1.383417,0.501037,1.442702,1.638896,2.364439,0.404580,1.634140,139.487671,Heart
1.181806,1.376640,0.523995,1.386285,1.626922,2.255377,0.407059,1.599486,140.517410,Heart
1.175140,1.357291,0.533209,1.381751,1.595006,2.203902,0.404692,1.574840,137.236328,Heart
1.234844,1.340230,0.510803,1.460722,1.654975,2.417458,0.416798,1.591161,136.444000,Heart
1.205034,1.329857,0.483230,1.556112,1.602523,2.493706,0.411359,1.619183,138.301178,Heart
1.203576,1.359597,0.520828,1.412198,1.636378,2.310891,0.426420,1.591926,141.557800,Heart
1.222252,1.335637,0.515646,1.451976,1.632485,2.370330,0.423758,1.581837,139.143723,Heart
1.251099,1.372304,0.534916,1.362274,1.716888,2.338872,0.412266,1.582758,140.383255,Heart
1.172311,1.406836,0.544305,1.305914,1.649249,2.153777,0.420156,1.593474,145.465576,Heart
1.239668,1.368645,0.506069,1.443775,1.696665,2.449603,0.425142,1.617183,140.145447,Heart
1.247546,1.389057,0.547795,1.314202,1.732912,2.277397,0.421779,1.577650,143.043655,Heart
1.168607,1.342261,0.515342,1.445665,1.568575,2.267634,0.429958,1.586856,136.269562,Heart
1.283080,1.353942,0.515567,1.432566,1.737215,2.488675,0.426702,1.594704,137.285309,Heart
1.141262,1.322916,0.493157,1.532791,1.509793,2.314198,0.413449,1.601201,137.131790,Heart
1.169158,1.371086,0.525491,1.387938,1.603016,2.224886,0.402151,1.593829,137.008682,Heart
1.203879,1.326175,0.502532,1.500498,1.596553,2.395625,0.406857,1.591621,138.481522,Heart
1.165334,1.404061,0.572950,1.243075,1.636200,2.033920,0.429403,1.556214,149.021515,Heart
1.174216,1.366982,0.512257,1.428069,1.605133,2.292241,0.413844,1.607982,136.463531,Heart
1.166575,1.303773,0.509153,1.506433,1.520949,2.291208,0.423754,1.567205,137.357239,Heart
1.199483,1.348360,0.491422,1.509175,1.617334,2.440841,0.400073,1.621976,136.632385,Heart
1.148208,1.335329,0.504375,1.484768,1.533235,2.276498,0.415687,1.595846,137.610245,Heart
1.196222,1.375734,0.498661,1.457673,1.645683,2.398868,0.407920,1.631926,138.182022,Heart
1.262722,1.393060,0.541757,1.325030,1.759048,2.330792,0.411982,1.587805,143.360672,Heart
1.202306,1.397334,0.559696,1.278637,1.680023,2.148139,0.431177,1.568203,146.771286,Heart
1.171823,1.339694,0.507068,1.472068,1.569885,2.310978,0.417429,1.595523,136.086426,Heart
1.184197,1.362637,0.533983,1.374334,1.613631,2.217669,0.409141,1.577469,140.245178,Heart
1.155312,1.284980,0.468432,1.661334,1.484553,2.466337,0.407340,1.604294,134.946228,Heart
1.224492,1.405889,0.561368,1.267071,1.721499,2.181262,0.420498,1.571509,149.503479,Heart
1.207203,1.357825,0.542983,1.356345,1.639170,2.223281,0.426528,1.563166,145.126633,Heart
1.169866,1.332445,0.511315,1.467783,1.558782,2.287953,0.406505,1.585018,139.109253,Heart
1.201807,1.376714,0.514251,1.412475,1.654545,2.337003,0.414941,1.612099,142.331970,Heart
1.201218,1.352345,0.529584,1.396295,1.624461,2.268227,0.416011,1.575994,141.453262,Heart
1.237938,1.367113,0.526397,1.389576,1.692401,2.351720,0.440203,1.589995,146.534271,Heart
1.282490,1.353106,0.513532,1.439131,1.735345,2.497389,0.426395,1.596714,140.710892,Heart
1.199206,1.394031,0.512833,1.398787,1.671730,2.338394,0.432837,1.625782,142.377808,Heart
1.216928,1.380882,0.505382,1.432925,1.680433,2.407934,0.408250,1.626602,143.538559,Heart
1.202416,1.356477,0.535430,1.376845,1.631049,2.245701,0.416809,1.571544,142.877319,Heart
1.159195,1.341480,0.521011,1.430766,1.555037,2.224895,0.427026,1.579209,140.013687,Heart
1.182278,1.343974,0.504353,1.475280,1.588951,2.344147,0.397609,1.602031,137.004593,Heart
1.217375,1.360249,0.526544,1.396197,1.655933,2.312008,0.409135,1.585158,141.978699,Heart
1.196819,1.347346,0.545297,1.361094,1.612529,2.194804,0.415864,1.553402,141.341476,Heart
1.206999,1.352465,0.547791,1.349767,1.632424,2.203392,0.441870,1.553782,144.611160,Heart
1.219472,1.402008,0.530523,1.344451,1.709710,2.298622,0.421670,1.607994,140.785461,Heart
1.171659,1.352862,0.506928,1.458143,1.585093,2.311292,0.410735,1.605005,137.743652,Heart
1.164516,1.371554,0.543101,1.342476,1.597197,2.144199,0.410170,1.572079,143.312653,Heart
1.259771,1.386406,0.501385,1.438593,1.746554,2.512581,0.411033,1.635759,146.326080,Heart
1.211164,1.360966,0.497670,1.476424,1.648353,2.433668,0.416280,1.622794,142.152924,Heart
1.265501,1.363531,0.541659,1.353971,1.725550,2.336345,0.431587,1.568568,141.531326,Heart
1.187501,1.360363,0.522527,1.406813,1.615433,2.272613,0.443249,1.590300,142.138443,Heart
1.198625,1.348688,0.508801,1.457272,1.616572,2.355785,0.413094,1.599665,138.234100,Heart
1.228144,1.385205,0.531281,1.358819,1.701230,2.311664,0.424434,1.595919,143.910629,Heart
1.237995,1.323016,0.503546,1.501052,1.637886,2.458552,0.410942,1.588064,135.506851,Heart
1.204291,1.309595,0.495408,1.541346,1.577134,2.430909,0.416696,1.588559,137.308136,Heart
1.205594,1.270378,0.524954,1.499498,1.531560,2.296570,0.448868,1.524249,137.435226,Heart
1.224600,1.340905,0.507612,1.469164,1.642072,2.412473,0.407432,1.595689,138.779190,Heart
1.208439,1.397931,0.542612,1.318332,1.689315,2.227077,0.413487,1.589882,143.083755,Heart
1.181468,1.348198,0.526332,1.409245,1.592853,2.244721,0.423800,1.577209,142.494553,Heart
1.177412,1.342052,0.502698,1.482258,1.580147,2.342187,0.410956,1.602788,135.073486,Heart
1.190052,1.399444,0.517620,1.380491,1.665411,2.299085,0.430287,1.623127,142.444122,Heart
1.151899,1.385799,0.537109,1.343499,1.596301,2.144628,0.412082,1.588923,141.439789,Heart
1.179227,1.443711,0.539294,1.284382,1.702463,2.186614,0.428148,1.623438,145.284973,Heart
1.216732,1.395225,0.525069,1.365022,1.697615,2.317282,0.414657,1.610566,145.984512,Heart
1.245674,1.350107,0.494501,1.497839,1.681792,2.519054,0.414764,1.619194,140.692978,Heart
1.195899,1.357250,0.516291,1.427070,1.623134,2.316326,0.433026,1.596074,142.564575,Heart
1.198894,1.354697,0.547357,1.348612,1.624138,2.190331,0.444960,1.555779,145.611679,Heart
1.146146,1.358842,0.530230,1.387926,1.557431,2.161599,0.403147,1.579590,139.997375,Heart
1.223262,1.365882,0.510719,1.433524,1.670832,2.395178,0.432846,1.609209,140.596664,Heart
1.082315,1.272704,0.533595,1.472520,1.377466,2.028347,0.445687,1.515928,139.029205,Heart
1.194488,1.370269,0.509864,1.431330,1.636770,2.342758,0.421375,1.613362,139.636993,Heart
1.177573,1.370754,0.532294,1.370530,1.614163,2.212258,0.440053,1.585013,143.994659,Heart
1.172143,1.353556,0.522562,1.413794,1.586561,2.243070,0.420585,1.585594,136.798904,Heart
1.245050,1.354303,0.530176,1.392721,1.686174,2.348370,0.417144,1.576586,141.583511,Heart
1.198258,1.334316,0.525113,1.427212,1.598855,2.281905,0.425462,1.569168,141.719620,Heart
1.173476,1.383640,0.543375,1.330079,1.623667,2.159606,0.420936,1.579646,141.441574,Heart
1.232038,1.390401,0.527452,1.363570,1.713027,2.335832,0.427073,1.604275,143.759048,Heart
1.206310,1.386443,0.521550,1.382935,1.672480,2.312931,0.416401,1.609242,144.668472,Heart
1.152975,1.367686,0.530457,1.378363,1.576908,2.173550,0.406524,1.585264,140.209412,Heart
1.199020,1.349944,0.516423,1.434427,1.618609,2.321778,0.426694,1.590844,139.786606,Heart
1.102452,1.388053,0.538516,1.337812,1.530262,2.047203,0.407983,1.588626,138.966324,Heart
1.184415,1.342877,0.481323,1.547132,1.590524,2.460751,0.421143,1.631332,135.551666,Heart
1.181070,1.320321,0.510237,1.484393,1.559392,2.314751,0.414248,1.577750,136.253052,Heart
1.176009,1.356056,0.552154,1.335556,1.594733,2.129856,0.443005,1.550884,142.243835,Heart
1.178907,1.408988,0.507636,1.398108,1.661066,2.322349,0.398085,1.642893,142.691315,Heart
1.216621,1.405026,0.533715,1.333540,1.709384,2.279532,0.421503,1.605850,139.606384,Heart
1.249295,1.327790,0.510001,1.476727,1.658801,2.449596,0.415261,1.583366,138.839325,Heart
1.184949,1.356186,0.536629,1.374063,1.607012,2.208135,0.420607,1.569870,142.169449,Heart
1.215521,1.386312,0.506605,1.423867,1.685092,2.399347,0.409353,1.628740,138.417328,Heart
1.176156,1.332832,0.520153,1.442426,1.567619,2.261174,0.411215,1.574264,137.164505,Heart
1.218501,1.379561,0.513446,1.411770,1.680997,2.373181,0.419675,1.615099,144.409439,Heart
1.218794,1.359644,0.533528,1.378534,1.657125,2.284403,0.404984,1.576026,139.202225,Heart
1.229938,1.405548,0.538153,1.322052,1.728737,2.285480,0.432551,1.600488,144.546783,Heart
1.259011,1.335937,0.497938,1.503275,1.681958,2.528446,0.436410,1.604522,140.158279,Heart
1.136117,1.371896,0.558078,1.306122,1.558635,2.035767,0.424238,1.554006,144.179123,Heart
1.180493,1.400360,0.538285,1.326625,1.653115,2.193064,0.408934,1.596951,140.770477,Heart
1.304311,1.357437,0.527865,1.395589,1.770520,2.470917,0.429504,1.581593,139.579727,Heart
1.176555,1.367578,0.506766,1.442913,1.609031,2.321691,0.441743,1.615527,144.166245,Heart
1.204223,1.333867,0.511519,1.465633,1.606273,2.354207,0.408851,1.585767,137.728195,Heart
1.265765,1.334864,0.513449,1.459034,1.689624,2.465220,0.434994,1.584046,136.468918,Heart
1.179469,1.331920,0.500447,1.500251,1.570959,2.356832,0.421145,1.598411,141.316589,Heart
1.198159,1.378046,0.491641,1.476007,1.651119,2.437062,0.408602,1.642972,139.549469,Heart
1.156051,1.372588,0.514743,1.415369,1.586781,2.245881,0.427022,1.608631,137.811752,Heart
1.180663,1.396479,0.521747,1.372479,1.648770,2.262903,0.421560,1.615726,146.003342,Heart
1.266472,1.360681,0.501750,1.464725,1.723265,2.524110,0.418336,1.617239,138.539764,Heart
1.203088,1.344844,0.529774,1.403581,1.617966,2.270947,0.428316,1.570655,144.268982,Heart
1.219523,1.328334,0.501102,1.502334,1.619935,2.433684,0.411733,1.594993,138.223526,Heart
1.198532,1.396154,0.516909,1.385646,1.673335,2.318650,0.423816,1.621846,143.301270,Heart
1.240920,1.361996,0.517760,1.418064,1.690128,2.396710,0.412008,1.597475,137.882675,Heart
1.205586,1.409661,0.555797,1.276349,1.699467,2.169113,0.422619,1.580794,144.924164,Heart
1.180980,1.340451,0.507603,1.469687,1.583047,2.326583,0.407030,1.595379,137.885239,Heart
1.226191,1.356064,0.533036,1.383449,1.662792,2.300388,0.411096,1.574227,142.767761,Heart
1.187549,1.317613,0.506098,1.499608,1.564731,2.346482,0.411310,1.580971,138.697021,Heart
1.189022,1.321438,0.527828,1.433708,1.571219,2.252670,0.426844,1.556930,139.037811,Heart
1.118667,1.367789,0.535524,1.365217,1.530101,2.088921,0.401984,1.578992,138.070526,Heart
1.230218,1.337352,0.495525,1.508998,1.645234,2.482656,0.419148,1.608660,136.324493,Heart
1.155685,1.366724,0.495270,1.477329,1.579503,2.333446,0.407851,1.630063,140.619095,Heart
1.230113,1.344369,0.509260,1.460636,1.653727,2.415493,0.418530,1.596038,142.599594,Heart
1.275927,1.326752,0.493093,1.528556,1.692838,2.587597,0.421991,1.604089,136.785645,Heart
1.170980,1.342234,0.515648,1.444836,1.571728,2.270890,0.436087,1.586452,138.820816,Heart
1.224564,1.359266,0.538130,1.367124,1.664509,2.275591,0.418984,1.570079,142.912750,Heart
1.203724,1.398809,0.529499,1.350133,1.683780,2.273327,0.424030,1.607210,143.003983,Heart
1.255944,1.338941,0.510232,1.463764,1.681635,2.461517,0.420442,1.590975,140.765747,Heart
1.185845,1.270749,0.484583,1.623948,1.506912,2.447147,0.424396,1.572920,132.620758,Heart
1.211509,1.314473,0.538930,1.411613,1.592496,2.247988,0.428674,1.538827,140.022232,Heart
1.201026,1.373297,0.511141,1.424606,1.649365,2.349696,0.410934,1.613794,140.662369,Heart
1.175369,1.386454,0.519846,1.387456,1.629595,2.260992,0.418800,1.611460,144.654114,Heart
1.156979,1.374746,0.535617,1.358073,1.590552,2.160086,0.425670,1.583501,138.999680,Heart
1.195395,1.364327,0.518906,1.412515,1.630910,2.303685,0.433945,1.597613,141.461594,Heart
1.173626,1.361686,0.512780,1.432161,1.598109,2.288749,0.411365,1.603638,140.439819,Heart
1.168379,1.374529,0.512114,1.420624,1.605971,2.281481,0.418881,1.613376,138.652603,Heart
1.221883,1.361708,0.528587,1.389312,1.663848,2.311604,0.420677,1.583583,143.446671,Heart
1.203235,1.407295,0.520126,1.366176,1.693306,2.313354,0.410376,1.625080,139.936066,Heart
1.129845,1.372229,0.552243,1.319604,1.550405,2.045920,0.423887,1.561299,147.118011,Heart
1.171284,1.351995,0.504025,1.467482,1.583570,2.323862,0.406204,1.608140,135.212601,Heart
1.218405,1.326271,0.535490,1.408045,1.615935,2.275309,0.417826,1.551008,139.050827,Heart
1.224796,1.401954,0.535281,1.332554,1.717107,2.288138,0.407689,1.601831,140.396301,Heart
1.160403,1.345086,0.506875,1.466728,1.560841,2.289329,0.406843,1.599589,131.674316,Heart
1.275978,1.350575,0.530302,1.396233,1.723304,2.406134,0.429762,1.573901,145.228851,Heart
1.199640,1.329931,0.485439,1.548945,1.595438,2.471247,0.419664,1.616347,137.266815,Heart
1.168073,1.370945,0.541931,1.345971,1.601364,2.155390,0.417925,1.573125,144.932251,Heart
1.128466,1.296732,0.506301,1.523145,1.463317,2.228844,0.413649,1.565594,134.743729,Heart
1.298623,1.309473,0.480272,1.590070,1.700512,2.703933,0.416728,1.607797,144.019943,Heart
1.243561,1.320460,0.494896,1.530244,1.642073,2.512772,0.414667,1.597178,137.537018,Heart
1.213483,1.369708,0.554708,1.316156,1.662118,2.187607,0.430653,1.556674,141.604431,Heart
1.199658,1.354590,0.540545,1.365714,1.625045,2.219348,0.413405,1.563996,141.919617,Heart
1.189749,1.408147,0.526941,1.347691,1.675341,2.257842,0.426622,1.616692,142.801910,Heart
1.247928,1.446932,0.555115,1.244997,1.805668,2.248051,0.420109,1.604837,145.775208,Heart
1.202458,1.383107,0.529564,1.365293,1.663128,2.270658,0.400137,1.596713,141.267426,Heart
1.184814,1.315846,0.491129,1.547387,1.559033,2.412427,0.402339,1.598597,135.712006,Heart
1.167849,1.284275,0.495637,1.571009,1.499838,2.356259,0.431825,1.569506,132.558746,Heart
1.217768,1.344677,0.523713,1.420002,1.637504,2.325259,0.398440,1.578052,136.991486,Heart
1.277559,1.379990,0.514175,1.409332,1.763019,2.484679,0.421842,1.614443,141.976624,Heart
1.211591,1.343972,0.528379,1.408200,1.628345,2.293036,0.419173,1.571781,141.387650,Heart
1.264008,1.334844,0.520652,1.438871,1.687253,2.427739,0.410975,1.575047,137.273193,Heart
1.205617,1.364967,0.528259,1.386856,1.645627,2.282248,0.434101,1.586197,143.587021,Heart
1.225777,1.367372,0.517555,1.413048,1.676092,2.368399,0.416183,1.601429,139.728821,Heart
1.226098,1.424241,0.547537,1.282339,1.746259,2.239296,0.416710,1.600428,146.151718,Heart
1.186453,1.338366,0.508671,1.468886,1.587908,2.332456,0.405847,1.592546,136.579117,Heart
1.179118,1.324700,0.508697,1.483963,1.561979,2.317919,0.416900,1.582798,133.489960,Heart
1.210916,1.371273,0.492111,1.481881,1.660496,2.460658,0.409857,1.637519,138.401428,Heart
1.200761,1.385839,0.518619,1.391357,1.664061,2.315303,0.417762,1.612638,143.364044,Heart
1.189694,1.365572,0.527463,1.388333,1.624613,2.255505,0.412721,1.587608,140.671631,Heart
1.206635,1.359876,0.527042,1.395261,1.640875,2.289448,0.415715,1.584280,141.131058,Heart
1.192362,1.363229,0.513887,1.427459,1.625462,2.320281,0.439903,1.603285,142.829697,Heart
1.258957,1.374616,0.515289,1.411781,1.730583,2.443204,0.421196,1.609314,137.682327,Heart
1.212257,1.349738,0.532229,1.392040,1.636230,2.277697,0.425445,1.570951,140.879333,Heart
1.262526,1.392754,0.524128,1.369898,1.758389,2.408813,0.405340,1.610138,140.430603,Heart
1.171974,1.348950,0.513307,1.444198,1.580934,2.283182,0.403336,1.594102,138.322723,Heart
1.211507,1.357399,0.523813,1.406423,1.644499,2.312861,0.410419,1.586652,141.539871,Heart
1.197374,1.329919,0.517552,1.452850,1.592411,2.313534,0.431514,1.575452,140.535782,Heart
1.166894,1.333627,0.500280,1.498831,1.556202,2.332483,0.415004,1.599853,132.924118,Heart
1.188800,1.432850,0.569010,1.226534,1.703373,2.089244,0.410400,1.578632,146.764236,Heart
1.236741,1.405980,0.525030,1.354681,1.738832,2.355564,0.407486,1.617760,142.889557,Heart
1.212955,1.323454,0.510400,1.480405,1.605291,2.376480,0.434387,1.579781,141.796722,Heart
1.236250,1.335918,0.522457,1.432748,1.651529,2.366225,0.422280,1.573557,143.332138,Heart
1.143072,1.307025,0.506132,1.511653,1.494024,2.258445,0.410486,1.573281,133.516281,Square
1.066141,1.345158,0.539323,1.378408,1.434128,1.976815,0.422580,1.559174,138.354065,Square
1.188360,1.348155,0.509312,1.456384,1.602094,2.333265,0.407833,1.598636,136.493454,Square
1.111199,1.326606,0.523857,1.438950,1.474123,2.121190,0.433378,1.565362,131.956985,Square
1.125989,1.359355,0.503564,1.460873,1.530619,2.236040,0.417085,1.613936,137.329086,Square
1.173640,1.287301,0.472665,1.643486,1.510828,2.483026,0.421431,1.600660,127.736298,Square
1.086698,1.305492,0.501395,1.527726,1.418676,2.167349,0.410360,1.578046,126.268112,Square
1.142789,1.364677,0.542020,1.351931,1.559538,2.108389,0.410239,1.568881,136.087692,Square
1.190458,1.293742,0.504101,1.533325,1.540146,2.361545,0.399848,1.566106,132.335739,Square
1.210039,1.336610,0.529755,1.412279,1.617350,2.284150,0.404706,1.565048,134.854202,Square
1.251216,1.287511,0.493533,1.573740,1.610955,2.535224,0.435910,1.574525,133.854324,Square
1.202591,1.327102,0.495880,1.519563,1.595961,2.425163,0.433951,1.600766,135.228729,Square
1.171697,1.314229,0.504101,1.509424,1.539878,2.324330,0.418949,1.581023,129.322449,Square
1.109848,1.295953,0.530908,1.453420,1.438311,2.090470,0.410802,1.535460,135.794205,Square
1.149226,1.339183,0.508802,1.467611,1.539023,2.258688,0.422401,1.592957,136.278183,Square
1.191259,1.399193,0.545801,1.309448,1.666801,2.182589,0.411139,1.586674,142.181747,Square
1.185220,1.333625,0.517551,1.448816,1.580639,2.290056,0.402483,1.578050,133.701706,Square
1.205810,1.284288,0.490766,1.586582,1.548608,2.456994,0.415541,1.575538,132.631927,Square
1.169167,1.350057,0.491966,1.505612,1.578442,2.376522,0.422342,1.622488,133.401047,Square
1.131318,1.318774,0.508391,1.491529,1.491953,2.225291,0.414724,1.578942,130.947769,Square
1.174238,1.317498,0.512354,1.481424,1.547057,2.291848,0.411509,1.573108,136.361832,Square
1.189189,1.317638,0.509799,1.488691,1.566921,2.332661,0.414404,1.576376,134.695374,Square
1.161992,1.311059,0.484370,1.574709,1.523440,2.398974,0.399048,1.603704,131.941727,Square
1.199738,1.324167,0.521448,1.448259,1.588654,2.300783,0.420624,1.566613,137.154556,Square
1.136087,1.294360,0.503151,1.535489,1.470505,2.257944,0.401437,1.567725,132.002014,Square
1.130064,1.313218,0.484020,1.573256,1.484020,2.334744,0.424803,1.605770,133.332779,Square
1.123675,1.317957,0.502262,1.510666,1.480956,2.237230,0.428655,1.586028,128.889679,Square
1.167411,1.348590,0.519258,1.428029,1.574360,2.248231,0.404763,1.586329,135.253952,Square
1.103883,1.307868,0.482018,1.586255,1.443733,2.290128,0.420065,1.604337,133.042633,Square
1.107157,1.299316,0.482182,1.596151,1.438547,2.296137,0.406853,1.597677,131.924835,Square
1.111287,1.337554,0.513312,1.456491,1.486405,2.164935,0.407315,1.586112,129.775040,Square
1.200900,1.312950,0.496534,1.533921,1.576722,2.418567,0.420966,1.589602,134.334351,Square
1.178190,1.286638,0.491799,1.580359,1.515903,2.395672,0.411377,1.576021,128.243774,Square
1.215012,1.337105,0.516358,1.448383,1.624599,2.353041,0.411961,1.581975,135.832550,Square
1.178756,1.338507,0.496309,1.505315,1.577774,2.375047,0.406227,1.608481,131.877487,Square
1.175434,1.311031,0.506143,1.507002,1.541030,2.322336,0.417183,1.576167,135.596741,Square
1.229370,1.386675,0.487804,1.478360,1.704736,2.520214,0.402535,1.654323,139.162491,Square
1.114030,1.327711,0.497966,1.512506,1.479110,2.237163,0.418017,1.598540,135.347382,Square
1.149936,1.333540,0.509250,1.472527,1.533486,2.258099,0.416380,1.588394,134.181274,Square
1.117688,1.344734,0.489148,1.520280,1.502993,2.284970,0.405717,1.622337,133.883209,Square
1.221130,1.381152,0.543079,1.333201,1.686566,2.248533,0.417505,1.578392,139.673309,Square
1.196619,1.285200,0.487515,1.596030,1.537896,2.454527,0.423310,1.580273,132.729309,Square
1.111534,1.278515,0.460564,1.698260,1.421112,2.413418,0.419039,1.609371,125.641190,Square
1.194883,1.291655,0.478380,1.618381,1.543376,2.497770,0.411779,1.596704,134.890152,Square
1.242147,1.315707,0.500536,1.518468,1.634302,2.481635,0.430057,1.586567,133.459900,Square
1.131122,1.342902,0.521766,1.427185,1.518987,2.167875,0.414533,1.579253,135.065567,Square
1.159365,1.319358,0.497587,1.523239,1.529617,2.329972,0.433500,1.592951,133.844101,Square
1.185217,1.315472,0.532876,1.426568,1.559120,2.224191,0.413305,1.546719,135.477921,Square
1.157407,1.302912,0.498233,1.540466,1.508000,2.323023,0.418837,1.580098,129.035660,Square
1.205329,1.326026,0.516410,1.460338,1.598298,2.334055,0.417801,1.574131,139.258423,Square
1.221089,1.350410,0.493736,1.499821,1.648971,2.473160,0.407795,1.620414,137.474396,Square
1.172548,1.324708,0.531307,1.420804,1.553284,2.206911,0.417220,1.554980,136.702240,Square
1.194220,1.323102,0.515241,1.466887,1.580074,2.317789,0.411123,1.573514,136.432770,Square
1.164257,1.321280,0.511676,1.479143,1.538309,2.275378,0.411411,1.576643,136.937286,Square
1.161501,1.331330,0.508036,1.478493,1.546341,2.286255,0.411013,1.588354,138.280930,Square
1.186251,1.372613,0.529093,1.376956,1.628263,2.242048,0.408154,1.590292,136.749603,Square
1.148171,1.309779,0.499367,1.528911,1.503850,2.299253,0.409711,1.583714,131.171829,Square
1.133422,1.316212,0.495326,1.533849,1.491825,2.288234,0.409030,1.593521,132.511551,Square
1.135419,1.329139,0.504526,1.491234,1.509130,2.250466,0.409031,1.591226,128.822723,Square
1.247294,1.306632,0.491048,1.558556,1.629754,2.540063,0.416358,1.591882,130.559204,Square
1.239225,1.279631,0.493428,1.583767,1.585751,2.511461,0.416563,1.568746,132.991974,Square
1.220026,1.346872,0.549009,1.352366,1.643218,2.222232,0.426649,1.548623,137.602448,Square
1.159201,1.304521,0.480079,1.596747,1.512203,2.414605,0.395695,1.604307,129.629700,Square
1.267142,1.326672,0.515691,1.461660,1.681082,2.457170,0.406730,1.575477,136.740143,Square
1.143289,1.305066,0.493943,1.551283,1.492068,2.314620,0.403747,1.587065,134.427643,Square
1.168632,1.306369,0.511175,1.497493,1.526665,2.286170,0.419271,1.566594,133.713669,Square
1.120919,1.304379,0.481873,1.590977,1.462103,2.326171,0.413936,1.601895,126.755371,Square
1.167399,1.336450,0.504087,1.484369,1.560170,2.315868,0.410505,1.597013,134.448639,Square
1.169112,1.335918,0.488315,1.532922,1.561838,2.394175,0.402602,1.616993,134.938461,Square
1.150706,1.356049,0.529410,1.392939,1.560413,2.173560,0.406671,1.578723,137.320114,Square
1.170342,1.344447,0.523611,1.420519,1.573463,2.235134,0.411675,1.578019,136.482880,Square
1.199642,1.320301,0.505153,1.499354,1.583889,2.374810,0.405913,1.584088,133.596985,Square
1.196809,1.332400,0.500209,1.500425,1.594628,2.392620,0.396715,1.599061,130.479187,Square
1.173773,1.321592,0.507160,1.491962,1.551249,2.314404,0.422824,1.582500,131.631668,Square
1.171940,1.323584,0.511868,1.476013,1.551162,2.289536,0.393398,1.578043,132.581177,Square
1.209331,1.357775,0.542755,1.356962,1.642000,2.228132,0.405441,1.563411,136.683151,Square
1.187582,1.356906,0.510310,1.444163,1.611437,2.327178,0.402564,1.603488,134.668564,Square
1.164062,1.322391,0.519614,1.455323,1.539345,2.240245,0.423071,1.567619,136.425888,Square
1.206155,1.367970,0.524331,1.394178,1.649984,2.300370,0.415964,1.593193,138.610779,Square
1.133548,1.314349,0.487820,1.559658,1.489877,2.323700,0.397097,1.601726,132.294373,Square
1.216076,1.341580,0.516480,1.443212,1.631464,2.354548,0.423295,1.584950,136.365707,Square
1.099735,1.310660,0.499479,1.527540,1.441379,2.201765,0.405230,1.584217,133.431946,Square
1.156391,1.342481,0.499634,1.490871,1.552432,2.314477,0.404974,1.607041,133.926132,Square
1.165020,1.314059,0.504054,1.509761,1.530905,2.311301,0.416419,1.580960,132.597656,Square
1.179144,1.316718,0.487305,1.558499,1.552601,2.419728,0.405453,1.604147,131.655670,Square
1.150622,1.304847,0.508279,1.507780,1.501386,2.263760,0.415898,1.569054,131.037460,Square
1.220754,1.325805,0.512055,1.473004,1.618481,2.384029,0.410615,1.579387,136.373611,Square
1.176177,1.316566,0.514342,1.476744,1.548515,2.286760,0.413096,1.569990,136.561905,Square
1.223794,1.344041,0.506105,1.470100,1.644829,2.418063,0.416746,1.599834,135.575195,Square
1.193482,1.317647,0.500037,1.517745,1.572588,2.386788,0.409327,1.588606,135.473785,Square
1.265809,1.353293,0.500618,1.476051,1.713011,2.528491,0.410628,1.613480,137.223816,Square
1.162719,1.335671,0.512596,1.460579,1.553011,2.268296,0.421129,1.585686,135.031845,Square
1.172311,1.305000,0.502015,1.526417,1.529866,2.335214,0.405075,1.576916,130.824677,Square
1.216135,1.336101,0.522793,1.431630,1.624879,2.326226,0.412975,1.573267,133.762527,Square
1.286693,1.324179,0.497931,1.516647,1.703813,2.584082,0.417137,1.596022,137.051147,Square
1.099459,1.326529,0.512087,1.472106,1.458464,2.147014,0.405390,1.579861,129.758118,Square
1.209303,1.355555,0.501936,1.469719,1.639277,2.409276,0.422935,1.613370,134.949219,Square
1.224758,1.331269,0.498627,1.506464,1.630482,2.456262,0.406025,1.600269,131.981155,Square
1.111534,1.278515,0.460564,1.698260,1.421112,2.413418,0.419039,1.609371,125.641190,Square
1.194240,1.333623,0.501784,1.494342,1.592666,2.379988,0.401439,1.597927,134.431732,Square
1.131583,1.327963,0.510249,1.475814,1.502701,2.217707,0.417851,1.583178,130.738266,Square
1.112505,1.307863,0.476245,1.605488,1.455004,2.335991,0.425219,1.611796,129.694336,Square
1.151056,1.389477,0.521900,1.378991,1.599366,2.205511,0.411443,1.610830,137.787231,Square
1.170179,1.314813,0.520018,1.462574,1.538566,2.250268,0.418670,1.561789,134.102585,Square
1.179575,1.323387,0.520002,1.453143,1.561034,2.268405,0.422301,1.567842,136.058395,Square
1.136594,1.285656,0.480861,1.617540,1.461269,2.363662,0.405917,1.588973,130.960358,Square
1.276471,1.328840,0.517450,1.454316,1.696225,2.466847,0.417531,1.574820,138.595825,Square
1.192662,1.341853,0.521966,1.427753,1.600377,2.284943,0.398713,1.578278,135.551819,Square
1.164650,1.292341,0.502734,1.539163,1.505125,2.316632,0.424561,1.566755,127.078468,Square
1.222672,1.321412,0.494408,1.530650,1.615654,2.473000,0.407291,1.598498,136.379395,Square
1.126724,1.355171,0.517189,1.426779,1.526903,2.178553,0.411175,1.593494,135.681335,Square
1.209405,1.356860,0.527531,1.397066,1.640993,2.292575,0.415123,1.581619,138.168884,Square
1.146364,1.317283,0.534641,1.419901,1.510087,2.144174,0.413869,1.545858,130.937225,Square
1.172089,1.315298,0.476869,1.594323,1.541647,2.457882,0.401683,1.616614,133.794525,Square
1.207138,1.351962,0.527494,1.402227,1.632005,2.288442,0.403706,1.578333,133.636276,Square
1.176177,1.316566,0.514342,1.476744,1.548515,2.286760,0.413096,1.569990,136.561905,Square
1.139726,1.373973,0.518162,1.404611,1.565953,2.199554,0.400706,1.605165,136.339630,Square
1.182653,1.331264,0.496492,1.512948,1.574424,2.382021,0.399360,1.603004,131.623642,Square
1.101018,1.344847,0.496131,1.498755,1.480701,2.219207,0.398843,1.613281,134.553574,Square
1.168258,1.291916,0.497902,1.554611,1.509291,2.346359,0.407926,1.572393,126.653862,Square
1.151687,1.291822,0.507024,1.526751,1.487775,2.271463,0.417759,1.561128,131.538483,Square
1.128977,1.323272,0.487857,1.549024,1.493944,2.314156,0.407079,1.608287,137.072479,Square
1.153695,1.339293,0.487113,1.532833,1.545135,2.368435,0.411449,1.621040,137.764359,Square
1.102471,1.324977,0.503070,1.500247,1.460749,2.191484,0.409958,1.590077,133.065125,Square
1.181087,1.340508,0.512134,1.456622,1.583256,2.306206,0.412576,1.589674,136.841003,Square
1.167801,1.345713,0.530137,1.401715,1.571525,2.202831,0.413283,1.570800,135.484207,Square
1.161025,1.311025,0.527282,1.446594,1.522132,2.201907,0.430501,1.550335,135.298004,Square
1.157346,1.356579,0.492725,1.496064,1.570031,2.348867,0.425214,1.626183,134.809250,Square
1.207693,1.347871,0.520766,1.424652,1.627815,2.319071,0.414735,1.583937,135.695709,Square
1.163086,1.368811,0.536200,1.362479,1.592045,2.169127,0.407737,1.578830,136.489960,Square
1.109109,1.353035,0.510977,1.446403,1.500663,2.170563,0.412444,1.599927,138.475403,Square
1.245564,1.345242,0.512397,1.450750,1.675586,2.430857,0.413514,1.592664,137.224625,Square
1.217131,1.353624,0.529052,1.396380,1.647538,2.300590,0.404276,1.577525,138.502747,Square
1.235060,1.297025,0.489980,1.573525,1.601904,2.520635,0.418128,1.586074,133.461502,Square
1.223245,1.324789,0.517764,1.457878,1.620541,2.362552,0.410507,1.571584,138.786133,Square
1.196538,1.309397,0.494940,1.543037,1.566743,2.417542,0.412413,1.589004,132.762375,Square
1.152114,1.328361,0.507615,1.483029,1.530423,2.269662,0.409241,1.586770,133.830902,Square
1.176891,1.320321,0.515420,1.469464,1.553873,2.283361,0.411081,1.571324,135.839172,Square
1.151056,1.389477,0.521900,1.378991,1.599366,2.205511,0.411443,1.610830,137.787231,Square
1.125589,1.320281,0.503239,1.505079,1.486093,2.236688,0.420637,1.586479,133.796326,Square
1.159708,1.325670,0.510492,1.477664,1.537391,2.271748,0.405313,1.581244,128.194427,Square
1.189955,1.354594,0.495520,1.489805,1.611906,2.401427,0.417251,1.621076,134.967224,Square
1.127114,1.325938,0.511560,1.474281,1.494483,2.203287,0.399037,1.580099,129.880753,Square
1.198332,1.334950,0.494870,1.513715,1.599713,2.421509,0.407799,1.607767,137.383530,Square
1.100267,1.330705,0.523758,1.434786,1.464131,2.100714,0.427908,1.568333,129.701935,Square
1.223692,1.327348,0.499271,1.508964,1.624265,2.450957,0.414982,1.596611,136.913605,Square
1.145887,1.322151,0.518906,1.457572,1.515036,2.208274,0.416674,1.568321,134.080688,Square
1.225393,1.321589,0.491718,1.538820,1.619466,2.492067,0.420666,1.602073,135.557663,Square
1.240916,1.328671,0.506126,1.487044,1.648770,2.451793,0.406424,1.588868,135.718369,Square
1.210794,1.302889,0.511460,1.500655,1.577530,2.367328,0.422595,1.563740,134.906036,Square
1.169491,1.319385,0.510351,1.485115,1.543009,2.291545,0.406852,1.576939,135.796463,Square
1.172319,1.303691,0.510995,1.501098,1.528342,2.294191,0.419984,1.564887,134.019806,Square
1.125923,1.329867,0.512626,1.466868,1.497328,2.196382,0.414852,1.581552,134.625412,Square
1.186984,1.322179,0.510898,1.480388,1.569406,2.323329,0.400806,1.578251,135.696609,Square
1.152453,1.305691,0.490234,1.562271,1.504748,2.350824,0.413182,1.592215,128.714096,Square
1.168410,1.315743,0.508143,1.495695,1.537327,2.299372,0.408433,1.577075,130.619415,Square
1.183937,1.358040,0.507133,1.451996,1.607833,2.334567,0.402779,1.608378,134.752457,Square
1.163713,1.288902,0.515042,1.506390,1.499911,2.259452,0.410773,1.549311,134.347153,Square
1.212508,1.334295,0.522753,1.433679,1.617842,2.319468,0.413391,1.572065,135.733093,Square
1.118330,1.335176,0.494759,1.513798,1.493168,2.260355,0.402008,1.608075,134.282883,Square
1.130941,1.317895,0.499075,1.520384,1.490461,2.266073,0.406799,1.590001,131.887878,Square
1.166658,1.328909,0.487205,1.544518,1.550382,2.394594,0.406371,1.613292,129.377258,Square
1.192843,1.299020,0.510466,1.508055,1.549527,2.336773,0.421359,1.562162,130.748764,Square
1.208190,1.329403,0.476406,1.578941,1.606172,2.536051,0.398893,1.627838,131.997681,Square
1.190525,1.337232,0.506757,1.475683,1.592009,2.349301,0.411466,1.594171,135.906586,Square
1.140613,1.298314,0.486811,1.582195,1.480874,2.343031,0.425315,1.591039,130.031525,Square
1.172116,1.320414,0.495340,1.528925,1.547679,2.366285,0.396595,1.596579,134.410217,Square
1.219953,1.339822,0.528236,1.412943,1.634520,2.309484,0.413133,1.569114,135.915482,Square
1.114030,1.327711,0.497966,1.512506,1.479110,2.237163,0.418017,1.598540,135.347382,Square
1.182722,1.313119,0.514660,1.479708,1.553054,2.298067,0.419687,1.567146,133.989212,Square
1.216113,1.330196,0.505116,1.488309,1.617669,2.407591,0.415201,1.591236,133.834991,Square
1.215003,1.335278,0.541641,1.382665,1.622366,2.243189,0.423698,1.549728,140.004059,Square
1.178700,1.304963,0.486038,1.576637,1.538160,2.425120,0.390855,1.597006,127.376152,Square
1.105406,1.350338,0.494861,1.496492,1.492671,2.233771,0.390953,1.618887,130.230484,Square
1.146341,1.307444,0.475329,1.609099,1.498777,2.411680,0.395495,1.612669,128.947952,Square
1.158831,1.321944,0.494433,1.529960,1.531910,2.343760,0.393804,1.598856,133.627930,Square
1.173838,1.353470,0.515959,1.431976,1.588755,2.275059,0.411944,1.593878,135.534256,Square
1.186032,1.338524,0.508403,1.469486,1.587533,2.332857,0.405395,1.592997,134.528473,Square
1.154467,1.376931,0.547688,1.326033,1.589621,2.107890,0.403868,1.569932,137.389542,Square
1.219619,1.326471,0.527202,1.429965,1.617789,2.313381,0.404472,1.561180,134.545517,Square
1.135615,1.352686,0.515792,1.433272,1.536131,2.201694,0.403746,1.593547,135.649399,Square
1.154667,1.350759,0.496978,1.489653,1.559678,2.323379,0.417396,1.616420,130.358612,Square
1.184318,1.332090,0.516575,1.453225,1.577619,2.292635,0.397311,1.578189,135.478653,Square
1.188936,1.312321,0.472148,1.613920,1.560266,2.518143,0.405053,1.620540,132.798645,Square
1.173872,1.319369,0.502310,1.508906,1.548771,2.336950,0.400313,1.586990,135.014969,Square
1.308084,1.312728,0.517412,1.472273,1.717159,2.528127,0.437300,1.563496,139.898727,Square
1.196268,1.315264,0.506302,1.501680,1.573408,2.362756,0.407381,1.579023,133.981415,Square
1.180159,1.310498,0.519037,1.470162,1.546596,2.273747,0.423321,1.559933,136.881180,Square
1.256121,1.348354,0.528273,1.403904,1.693696,2.377787,0.419596,1.574905,135.127792,Square
1.173558,1.298759,0.488771,1.575309,1.524170,2.401038,0.422509,1.588894,132.826416,Square
1.225063,1.323458,0.527446,1.432556,1.621320,2.322631,0.412689,1.558795,138.624466,Square
1.136599,1.338458,0.512574,1.457601,1.521290,2.217433,0.402128,1.587676,132.886353,Square
1.177781,1.302687,0.506403,1.515876,1.534281,2.325780,0.402162,1.569801,132.704376,Square
1.219253,1.306412,0.478145,1.600886,1.592846,2.549965,0.397690,1.608234,130.983612,Square
1.223703,1.286543,0.517839,1.501002,1.574346,2.363097,0.418522,1.544264,135.664948,Square
1.110925,1.296193,0.532401,1.449078,1.439973,2.086633,0.411219,1.533871,135.897858,Square
1.199126,1.303113,0.491594,1.561031,1.562597,2.439262,0.415255,1.588578,131.958130,Square
1.189955,1.354594,0.495520,1.489805,1.611906,2.401427,0.417251,1.621076,134.967224,Square
1.073497,1.334787,0.515411,1.453565,1.432890,2.082799,0.423356,1.581535,132.965622,Square
1.183738,1.335164,0.517280,1.447905,1.580485,2.288391,0.412328,1.579466,136.303635,Square
1.189335,1.311513,0.508850,1.498432,1.559829,2.337298,0.437347,1.573158,133.735031,Square
1.202298,1.286942,0.483336,1.607650,1.547289,2.487498,0.402938,1.586833,127.593674,Square
1.147071,1.299209,0.510822,1.506785,1.490284,2.245538,0.407309,1.561864,134.785797,Square
1.210753,1.353472,0.520593,1.419230,1.638721,2.325722,0.410754,1.588016,137.672302,Square
1.180535,1.319586,0.509896,1.486213,1.557817,2.315248,0.396910,1.577649,133.207428,Square
1.174615,1.301527,0.532954,1.441640,1.528793,2.203969,0.417329,1.536945,138.540024,Square
1.169972,1.312474,0.522307,1.458758,1.535559,2.240008,0.416451,1.557357,135.939163,Square
1.166682,1.294435,0.495080,1.560431,1.510195,2.356554,0.399997,1.577763,131.308121,Square
1.215855,1.331566,0.518244,1.449115,1.618992,2.346105,0.390740,1.575746,133.146713,Square
1.113546,1.329740,0.482733,1.557854,1.480727,2.306756,0.399436,1.619749,130.638580,Square
1.182940,1.311252,0.482212,1.581524,1.551133,2.453154,0.420286,1.606630,135.488892,Square
1.175424,1.336677,0.521102,1.435656,1.571162,2.255648,0.418588,1.575763,132.599777,Square
1.237736,1.289724,0.510005,1.520299,1.596337,2.426909,0.418401,1.555978,134.077805,Square
1.174932,1.329069,0.507474,1.482651,1.561566,2.315257,0.426490,1.587453,133.326263,Square
1.257834,1.334242,0.520827,1.439036,1.678255,2.415070,0.424943,1.574411,138.424103,Square
1.209265,1.321285,0.525600,1.439952,1.597784,2.300733,0.414232,1.559529,138.209976,Square
1.199881,1.312981,0.505076,1.507943,1.575422,2.375645,0.408498,1.578904,132.847610,Square
1.147278,1.289205,0.498728,1.555299,1.479077,2.300407,0.408450,1.569366,131.438202,Square
1.228600,1.299049,0.491008,1.567782,1.596012,2.502198,0.418008,1.586291,130.912125,Square
1.165985,1.279776,0.483991,1.614463,1.492200,2.409103,0.422101,1.580555,127.105286,Square
1.134878,1.298228,0.492502,1.564014,1.473331,2.304310,0.422579,1.583804,134.360199,Square
1.134951,1.318808,0.496616,1.526855,1.496782,2.285369,0.425094,1.593783,130.911789,Square
1.218476,1.321723,0.514102,1.471669,1.610487,2.370104,0.405568,1.573947,132.775711,Square
1.176974,1.306099,0.480998,1.591770,1.537246,2.446942,0.422829,1.604317,132.331879,Square
1.165687,1.410573,0.551022,1.286576,1.644286,2.115499,0.410104,1.587359,143.042480,Square
1.144131,1.290066,0.506193,1.531343,1.476004,2.260268,0.411702,1.560858,131.770050,Square
1.189030,1.318979,0.510660,1.484672,1.568305,2.328419,0.417040,1.576265,133.293381,Square
1.128218,1.325794,0.506172,1.490137,1.495784,2.228922,0.408357,1.586751,133.787827,Square
1.185974,1.338616,0.509915,1.465030,1.587564,2.325828,0.415559,1.591147,138.113464,Square
1.144702,1.309290,0.502368,1.520346,1.498747,2.278614,0.407965,1.579604,132.369858,Square
1.087821,1.288532,0.487695,1.591317,1.401692,2.230536,0.447707,1.582565,126.895264,Square
1.179816,1.340701,0.488566,1.526670,1.581781,2.414857,0.411432,1.620162,130.769714,Square
1.106694,1.325476,0.520914,1.448311,1.466895,2.124521,0.425353,1.568184,137.042343,Square
1.331176,1.322234,0.510987,1.480067,1.760126,2.605105,0.430381,1.578179,148.036560,Square
1.148158,1.322393,0.478905,1.579028,1.518316,2.397464,0.408752,1.619289,134.217545,Square
1.173680,1.307164,0.536152,1.426861,1.534193,2.189080,0.425234,1.537081,139.828491,Square
1.177943,1.345730,0.517430,1.436119,1.585194,2.276527,0.400509,1.586646,137.534058,Square
1.186002,1.327115,0.522761,1.441412,1.573961,2.268727,0.408555,1.567060,134.776703,Square
1.158433,1.345198,0.506540,1.467575,1.558321,2.286953,0.399641,1.600096,133.504044,Square
1.195597,1.378810,0.519394,1.396364,1.648501,2.301907,0.410793,1.606868,133.661423,Square
1.255207,1.316308,0.533888,1.422959,1.652240,2.351069,0.424252,1.546087,140.652588,Square
1.081130,1.364366,0.502970,1.457227,1.475056,2.149492,0.396862,1.618239,134.403183,Square
1.150742,1.313203,0.494370,1.540338,1.511158,2.327694,0.414405,1.592525,129.693527,Square
1.100606,1.332715,0.520852,1.440616,1.466794,2.113087,0.414714,1.573316,132.168976,Square
1.197431,1.312828,0.487301,1.563128,1.572022,2.457272,0.405160,1.601261,130.556686,Square
1.143236,1.370504,0.491493,1.484575,1.566809,2.326045,0.406856,1.637798,137.636810,Square
1.188492,1.288945,0.501149,1.548099,1.531901,2.371534,0.414393,1.566199,132.727371,Square
1.250678,1.332069,0.523254,1.434700,1.665990,2.390195,0.405794,1.569901,134.393890,Square
1.142973,1.353908,0.494304,1.494226,1.547480,2.312286,0.415240,1.622182,135.151337,Square
1.248114,1.303740,0.504578,1.520130,1.627215,2.473579,0.410503,1.572819,132.995667,Square
1.155355,1.311246,0.481795,1.582898,1.514955,2.398019,0.395802,1.607163,130.269592,Square
1.229106,1.308339,0.504628,1.514636,1.608087,2.435667,0.412930,1.576099,131.894196,Square
1.163785,1.321831,0.524361,1.442758,1.538328,2.219434,0.413724,1.561417,136.979919,Square
1.171093,1.304688,0.491574,1.559210,1.527911,2.382334,0.407615,1.589774,131.411041,Square
1.184091,1.345571,0.511010,1.454335,1.593278,2.317159,0.412617,1.594656,136.452393,Square
1.173773,1.321592,0.507160,1.491962,1.551249,2.314404,0.422824,1.582500,131.631668,Square
1.159499,1.314728,0.501442,1.516851,1.524427,2.312329,0.396456,1.584716,134.388184,Square
1.190950,1.279865,0.501388,1.558339,1.524255,2.375306,0.406262,1.559186,134.948959,Square
1.105312,1.329942,0.513061,1.465543,1.470001,2.154350,0.412339,1.581061,129.888733,Square
1.195859,1.321929,0.511241,1.479673,1.580841,2.339127,0.401813,1.577646,133.489975,Square
1.114840,1.316626,0.504732,1.504793,1.467828,2.208777,0.404362,1.581967,133.195557,Square
1.171753,1.334685,0.505883,1.481056,1.563922,2.316256,0.403156,1.593469,134.371674,Square
1.187753,1.322434,0.492621,1.535015,1.570725,2.411087,0.396139,1.601534,132.332550,Square
1.163911,1.372535,0.527527,1.381122,1.597509,2.206355,0.409304,1.592223,136.106934,Square
1.197505,1.339625,0.503769,1.481784,1.604208,2.377090,0.394802,1.599684,134.581985,Square
1.202183,1.325310,0.502635,1.501170,1.593265,2.391762,0.414584,1.590867,136.514969,Square
1.139706,1.345580,0.551817,1.346776,1.533566,2.065371,0.415638,1.544413,138.456772,Square
1.162752,1.319311,0.494235,1.533626,1.534031,2.352629,0.425266,1.597180,133.766052,Square
1.151628,1.324618,0.480694,1.570510,1.525467,2.395761,0.386983,1.618609,132.481308,Square
1.178308,1.328852,0.502642,1.497146,1.565797,2.344228,0.414700,1.593408,134.330872,Square
1.146742,1.353788,0.511272,1.444765,1.552445,2.242918,0.428190,1.600077,132.123367,Square
1.163901,1.333850,0.511494,1.465727,1.552469,2.275496,0.410779,1.585787,132.983078,Square
1.202130,1.368892,0.510067,1.432200,1.645585,2.356807,0.410779,1.612143,137.938736,Square
1.175780,1.331387,0.529028,1.419768,1.565418,2.222530,0.403614,1.562349,135.574326,Square
1.137926,1.350181,0.521168,1.421118,1.536405,2.183414,0.407433,1.585025,134.325470,Square
1.160615,1.335966,0.523534,1.429747,1.550542,2.216883,0.413701,1.572258,134.909271,Square
1.153168,1.325694,0.520310,1.449753,1.528749,2.216308,0.421991,1.569080,135.902847,Square
1.156696,1.315196,0.488681,1.555908,1.521282,2.366976,0.423080,1.601250,133.641739,Square
1.253632,1.316329,0.501783,1.513978,1.650192,2.498355,0.406007,1.585449,132.353119,Square
1.109786,1.307635,0.494560,1.546304,1.451195,2.243989,0.412565,1.588185,130.365997,Square
1.145846,1.322719,0.531029,1.423685,1.515632,2.157783,0.428074,1.553943,131.594070,Square
1.175424,1.336677,0.521102,1.435656,1.571162,2.255648,0.418588,1.575763,132.599777,Square
1.243080,1.343251,0.512220,1.453403,1.669770,2.426849,0.409563,1.591492,135.136932,Square
1.151015,1.307636,0.502072,1.523167,1.505108,2.292531,0.413056,1.578768,136.521057,Square
1.192980,1.300654,0.497176,1.546421,1.551654,2.399511,0.398488,1.579754,132.800903,Square
1.187799,1.318413,0.511634,1.482481,1.566010,2.321579,0.419934,1.574652,131.897705,Square
1.154524,1.325706,0.507135,1.487405,1.530560,2.276563,0.401728,1.585477,131.446548,Square
1.170373,1.351029,0.507890,1.457357,1.581208,2.304384,0.402637,1.602478,134.669891,Square
1.161648,1.323508,0.496426,1.522014,1.537451,2.340023,0.402643,1.597452,130.911789,Square
1.218972,1.325763,0.528760,1.426512,1.616068,2.305340,0.422903,1.558794,137.030304,Square
1.206937,1.295594,0.519739,1.485067,1.563700,2.322199,0.405320,1.548484,136.553696,Square
1.141422,1.322788,0.524772,1.440585,1.509859,2.175080,0.407930,1.561583,135.596725,Square
1.173767,1.347975,0.532033,1.394374,1.582209,2.206191,0.407858,1.569998,135.330612,Square
1.184100,1.287367,0.483493,1.606598,1.524371,2.449051,0.416293,1.586958,135.151779,Square
1.259363,1.317186,0.502040,1.512220,1.658815,2.508493,0.417368,1.585749,135.187576,Square
1.110896,1.325717,0.512443,1.471987,1.472734,2.167845,0.408359,1.578841,135.196793,Square
1.160175,1.294659,0.509210,1.516867,1.502031,2.278381,0.411676,1.560532,135.115723,Square
1.145343,1.318588,0.489241,1.550131,1.510236,2.341064,0.408359,1.603043,129.473297,Square
1.184027,1.328464,0.511044,1.472964,1.572937,2.316880,0.426672,1.582538,133.461868,Square
1.157412,1.311343,0.493071,1.546585,1.517765,2.347352,0.412231,1.592803,132.077179,Square
1.130722,1.327228,0.511091,1.474198,1.500726,2.212368,0.415327,1.581601,133.671906,Square
1.211315,1.295684,0.506991,1.522301,1.569482,2.389225,0.411937,1.563986,134.948502,Square
1.170159,1.317278,0.501469,1.513836,1.541425,2.333465,0.406139,1.586533,135.765671,Square
1.180834,1.294609,0.500655,1.542849,1.528718,2.358580,0.418772,1.570982,129.742218,Square
1.193786,1.343367,0.521951,1.426183,1.603692,2.287159,0.398443,1.579343,135.619827,Square
1.082862,1.301379,0.503150,1.527210,1.409214,2.152165,0.413641,1.572863,128.616440,Square
1.185173,1.314668,0.506047,1.503116,1.558109,2.342019,0.426366,1.578911,131.042175,Square
1.199476,1.341855,0.538886,1.382922,1.609523,2.225845,0.422114,1.557483,138.881821,Square
1.216962,1.353149,0.526721,1.403051,1.646731,2.310448,0.414323,1.580106,138.241089,Square
1.218185,1.344946,0.515113,1.443420,1.638393,2.364888,0.408547,1.589020,133.978775,Square
1.177937,1.283594,0.514957,1.512869,1.511994,2.287447,0.417584,1.545572,134.215271,Square
1.221130,1.381152,0.543079,1.333201,1.686566,2.248533,0.417505,1.578392,139.673309,Square
1.176451,1.319843,0.492917,1.537106,1.552730,2.386710,0.410478,1.599254,135.897537,Square
1.226437,1.332831,0.516915,1.451462,1.634633,2.372608,0.413395,1.578286,134.991699,Square
1.236066,1.294753,0.485606,1.590482,1.600401,2.545409,0.425978,1.589883,134.652405,Square
1.133477,1.305673,0.501592,1.526915,1.479951,2.259759,0.398050,1.577934,131.302338,Square
1.196435,1.311135,0.480135,1.588508,1.568689,2.491874,0.419870,1.609227,133.051529,Square
1.204360,1.295791,0.503450,1.532881,1.560599,2.392212,0.400187,1.568406,133.166306,Square
1.174078,1.304062,0.492055,1.558432,1.531070,2.386069,0.415495,1.588701,128.538116,Square
1.168239,1.311182,0.511510,1.491020,1.531773,2.283904,0.415765,1.569636,134.402191,Square
1.154378,1.341762,0.519691,1.434101,1.548901,2.221281,0.395110,1.581054,135.542679,Square
1.169011,1.349388,0.519358,1.426911,1.577449,2.250879,0.408944,1.586754,137.625107,Square
1.194493,1.347758,0.516994,1.435168,1.609887,2.310459,0.413388,1.588604,133.291550,Square
1.201676,1.308008,0.507701,1.505850,1.571802,2.366899,0.412749,1.572053,135.922501,Square
1.181414,1.313725,0.513841,1.481382,1.552054,2.299185,0.412128,1.568585,134.951981,Square
1.154257,1.313599,0.482699,1.577106,1.516232,2.391259,0.412562,1.607761,132.991058,Square
1.191351,1.336358,0.509566,1.468511,1.592071,2.337974,0.397213,1.589992,134.785416,Square
1.123965,1.340497,0.530388,1.406502,1.506671,2.119136,0.410258,1.566931,135.874969,Square
1.131046,1.317821,0.490061,1.548437,1.490515,2.307969,0.403398,1.601423,132.184341,Square
1.113852,1.380383,0.565406,1.281267,1.537542,1.970002,0.411814,1.550576,141.297028,Square
1.213519,1.279951,0.490250,1.593635,1.553245,2.475305,0.423758,1.572908,131.965683,Square
1.227070,1.352521,0.535885,1.379700,1.659638,2.289804,0.409398,1.568326,136.863449,Square
1.145876,1.333555,0.507194,1.478479,1.528089,2.259247,0.412259,1.591002,133.777145,Square
1.142428,1.290917,0.518615,1.493677,1.474780,2.202845,0.415436,1.546482,133.279099,Square
1.232790,1.297338,0.496152,1.553574,1.599346,2.484701,0.424079,1.578580,135.976166,Square
1.308604,1.368806,0.475478,1.536482,1.791225,2.752185,0.414951,1.658317,141.125412,Square
1.147777,1.348151,0.527217,1.406927,1.547377,2.177047,0.409614,1.576076,137.085266,Square
1.153952,1.365670,0.519798,1.408703,1.575918,2.220000,0.402598,1.597393,132.855820,Square
1.196159,1.288540,0.502981,1.542946,1.541299,2.378141,0.426934,1.563658,130.315277,Square
1.187298,1.348654,0.513860,1.442960,1.601254,2.310545,0.410828,1.593193,137.236450,Square
1.070412,1.310564,0.465086,1.640621,1.402843,2.301534,0.398159,1.628509,127.531013,Square
1.161562,1.306158,0.501654,1.526160,1.517184,2.315464,0.417527,1.578210,130.423843,Square
1.143312,1.337053,0.498594,1.500044,1.528669,2.293071,0.423986,1.604482,133.507294,Square
1.165705,1.362147,0.516213,1.422155,1.587862,2.258186,0.403480,1.599554,140.668579,Square
1.205449,1.312083,0.491093,1.551939,1.581648,2.454622,0.406919,1.595863,130.051880,Square
1.173399,1.336369,0.505545,1.480177,1.568094,2.321057,0.390279,1.595098,132.849152,Square
1.136487,1.318839,0.524274,1.446273,1.498843,2.167736,0.407004,1.559435,133.795532,Square
1.142197,1.291988,0.482601,1.603810,1.475705,2.366750,0.391324,1.591594,131.124268,Square
1.213142,1.331796,0.499705,1.502620,1.615656,2.427717,0.422251,1.599270,131.668457,Square
1.219216,1.348158,0.502595,1.475846,1.643697,2.425843,0.403906,1.607268,135.456711,Square
1.085039,1.343055,0.524049,1.420805,1.457267,2.070493,0.416236,1.576516,138.778229,Square
1.212002,1.311687,0.510906,1.492205,1.589767,2.372259,0.408976,1.570742,130.152817,Square
1.191420,1.328386,0.527351,1.427500,1.582666,2.259256,0.412962,1.562324,134.911896,Square
1.142162,1.300696,0.494791,1.553825,1.485605,2.308371,0.417828,1.582766,127.090904,Square
1.165623,1.272818,0.491165,1.599581,1.483625,2.373179,0.431242,1.566387,132.818359,Square
1.151674,1.355832,0.515561,1.430585,1.561477,2.233826,0.413769,1.596022,137.127304,Square
1.152184,1.346880,0.546783,1.357863,1.551854,2.107205,0.433084,1.551302,142.027435,Square
1.140420,1.317907,0.497133,1.526309,1.502968,2.293993,0.397048,1.592469,130.036499,Square
1.155221,1.297364,0.468828,1.644087,1.498742,2.464062,0.404250,1.613395,135.330719,Square
1.167074,1.341123,0.510109,1.461736,1.565189,2.287893,0.404201,1.592670,136.395874,Square
1.175653,1.289179,0.493406,1.572107,1.515628,2.382729,0.412450,1.575928,128.856827,Square
1.267227,1.321762,0.523589,1.444962,1.674972,2.420271,0.414202,1.562312,136.957962,Square
1.224999,1.315748,0.466930,1.627704,1.611790,2.623516,0.405302,1.630053,133.201553,Square
1.161182,1.284963,0.502271,1.549427,1.492076,2.311862,0.416215,1.561886,132.936066,Square
1.174974,1.339336,0.509020,1.466817,1.573685,2.308308,0.402322,1.592790,132.269562,Square
1.166196,1.321248,0.485140,1.560087,1.540834,2.403835,0.397783,1.610306,128.096680,Square
1.188640,1.296765,0.517716,1.489522,1.541386,2.295929,0.409391,1.551752,132.148270,Square
1.185471,1.369973,0.503837,1.448764,1.624064,2.352886,0.399083,1.621037,132.342438,Square
1.155210,1.343528,0.494329,1.505697,1.552057,2.336928,0.406831,1.614677,133.312805,Square
1.131383,1.351362,0.521416,1.419201,1.528909,2.169829,0.410117,1.585527,133.941284,Square
1.166268,1.315764,0.492007,1.544724,1.534534,2.370431,0.406097,1.597417,127.785629,Square
1.136354,1.372869,0.519433,1.402302,1.560065,2.187681,0.413130,1.602776,134.298279,Square
1.094407,1.278653,0.487323,1.604834,1.399366,2.245751,0.419613,1.575552,129.186798,Square
1.213154,1.314444,0.507564,1.498879,1.594624,2.390149,0.417582,1.576862,134.252701,Square
1.165712,1.410515,0.551039,1.286590,1.644254,2.115481,0.410141,1.587302,143.036972,Square
1.165169,1.279292,0.527945,1.480613,1.490591,2.206990,0.430426,1.527152,136.782501,Square
1.207136,1.291208,0.489147,1.583305,1.558664,2.467840,0.420017,1.582760,136.311539,Square
1.216908,1.324303,0.469732,1.607541,1.611554,2.590640,0.410269,1.632858,138.649734,Square
1.143104,1.282394,0.498975,1.562786,1.465909,2.290902,0.414241,1.564006,132.698654,Square
1.175780,1.331387,0.529028,1.419768,1.565418,2.222530,0.403614,1.562349,135.574326,Square
1.202569,1.320103,0.517253,1.464498,1.587515,2.324912,0.425032,1.568911,136.097519,Square
1.238857,1.303016,0.491348,1.561927,1.614251,2.521342,0.411327,1.588816,134.378036,Square
1.131994,1.344982,0.538097,1.381729,1.522513,2.103701,0.412195,1.560548,139.635284,Square
1.128454,1.318463,0.498505,1.521468,1.487825,2.263678,0.422632,1.591136,129.896408,Square
1.134225,1.270809,0.482609,1.630513,1.441384,2.350195,0.410969,1.575412,131.201904,Square
1.150889,1.318256,0.505448,1.500803,1.517166,2.276967,0.410680,1.582246,130.849274,Square
1.133873,1.317946,0.521867,1.453927,1.494384,2.172726,0.407637,1.561740,133.780792,Square
1.168403,1.292026,0.496323,1.559425,1.509606,2.354117,0.413741,1.574429,129.314087,Square
1.140794,1.372149,0.517733,1.407644,1.565340,2.203441,0.383905,1.604471,136.135880,Square
1.202882,1.320251,0.526176,1.439503,1.588107,2.286084,0.409933,1.558108,135.519424,Square
1.160230,1.332325,0.518294,1.448150,1.545804,2.238556,0.412009,1.576216,136.659302,Square
1.185801,1.333752,0.500361,1.498448,1.581564,2.369892,0.412133,1.599840,130.712051,Square
1.195928,1.303070,0.504718,1.520490,1.558379,2.369499,0.421947,1.572159,131.997849,Square
1.155865,1.319126,0.483191,1.568900,1.524731,2.392151,0.421735,1.611255,137.926346,Square
1.162039,1.301049,0.518633,1.481994,1.511869,2.240581,0.418716,1.553707,137.104416,Square
1.183695,1.324761,0.503442,1.499385,1.568114,2.351207,0.411527,1.589453,135.352966,Square
1.236193,1.337238,0.525178,1.423918,1.653084,2.353857,0.419436,1.571107,137.688461,Square
1.076861,1.259706,0.497493,1.595673,1.356529,2.164577,0.466012,1.548793,127.108543,Square
1.188384,1.321699,0.519609,1.456100,1.570685,2.287074,0.410446,1.567139,132.205002,Square
1.183110,1.351136,0.499262,1.482422,1.598543,2.369716,0.409234,1.613710,132.329193,Square
1.133767,1.316743,0.522060,1.454717,1.492880,2.171718,0.426703,1.560660,136.471939,Square
1.121907,1.348284,0.526657,1.408286,1.512650,2.130243,0.404258,1.576864,133.098663,Square
1.213608,1.342511,0.533439,1.396361,1.629282,2.275066,0.400898,1.564564,134.920959,Square
1.163461,1.324331,0.528160,1.429677,1.540807,2.202857,0.427927,1.558533,135.786545,Square
1.142529,1.352778,0.513470,1.439654,1.545588,2.225113,0.418935,1.596564,135.125412,Square
1.174799,1.328399,0.507518,1.483269,1.560602,2.314792,0.402732,1.586918,134.563522,Square
1.160492,1.331548,0.483695,1.552642,1.545251,2.399221,0.411047,1.619825,135.961441,Square
1.185002,1.337129,0.518703,1.441811,1.584500,2.284550,0.404808,1.579063,133.597458,Square
1.129260,1.331514,0.498419,1.506814,1.503626,2.265684,0.410736,1.600713,129.247940,Square
1.188458,1.334784,0.509510,1.470403,1.586335,2.332552,0.395653,1.588948,134.862396,Square
1.200215,1.255638,0.491282,1.621079,1.507035,2.443024,0.425854,1.553169,131.152374,Square
1.145058,1.296536,0.474774,1.624533,1.484609,2.411796,0.416103,1.605060,129.364716,Square
1.270045,1.311471,0.498106,1.530804,1.665627,2.549750,0.419366,1.586536,137.592316,Square
1.176218,1.352211,0.519152,1.424494,1.590495,2.265651,0.412746,1.588964,135.519684,Square
1.103708,1.336580,0.551017,1.357813,1.475194,2.003037,0.415309,1.539414,136.997284,Square
1.127120,1.337310,0.494980,1.510707,1.507308,2.277101,0.404977,1.609334,131.406662,Square
1.119031,1.367987,0.540764,1.351794,1.530820,2.069354,0.405311,1.572618,136.805588,Square
1.201820,1.295975,0.505925,1.525167,1.557528,2.375490,0.406034,1.565503,132.455429,Square
1.271476,1.348615,0.528940,1.401865,1.714731,2.403821,0.418394,1.574256,138.016479,Square
1.172214,1.301430,0.509630,1.507732,1.525554,2.300127,0.413973,1.564926,134.136688,Square
1.155484,1.306172,0.478305,1.600643,1.509260,2.415787,0.416986,1.607844,129.012497,Square
1.106563,1.277367,0.486582,1.608899,1.413486,2.274156,0.435985,1.575495,127.555290,Square
1.142093,1.329679,0.492977,1.525550,1.518618,2.316727,0.415100,1.606376,131.680725,Square
1.163374,1.360962,0.521519,1.408911,1.583308,2.230740,0.405813,1.591985,136.182037,Square
1.201705,1.359714,0.549549,1.338277,1.633975,2.186712,0.408109,1.556423,139.741684,Square
1.190567,1.350654,0.504710,1.466947,1.608044,2.358915,0.405420,1.606307,132.311401,Square
1.208369,1.316496,0.504292,1.506253,1.590813,2.396167,0.421977,1.582424,130.769730,Square
1.101751,1.339712,0.521473,1.431387,1.476030,2.112770,0.412649,1.577410,132.541153,Square
1.202828,1.341687,0.524120,1.422060,1.613819,2.294948,0.406931,1.575485,135.050735,Square
1.225109,1.338123,0.501123,1.491282,1.639347,2.444728,0.419009,1.602002,133.650238,Square
1.220289,1.303506,0.470210,1.631530,1.590655,2.595201,0.405808,1.616329,128.422256,Square
1.209631,1.348632,0.524442,1.413869,1.631348,2.306511,0.415096,1.579861,135.135880,Square
1.187822,1.339578,0.505875,1.475669,1.591180,2.348055,0.417665,1.596961,133.558426,Square
1.153952,1.365670,0.519798,1.408703,1.575918,2.220000,0.402598,1.597393,132.855820,Square
1.077500,1.278171,0.484871,1.613560,1.377229,2.222242,0.434023,1.578235,126.110535,Square
1.098336,1.308239,0.501480,1.524261,1.436885,2.190189,0.412377,1.579946,134.616837,Square
1.190525,1.337232,0.506757,1.475683,1.592009,2.349301,0.411466,1.594171,135.906586,Square
1.159699,1.323481,0.511578,1.476966,1.534839,2.266905,0.408722,1.578331,133.593735,Square
1.121479,1.339611,0.530749,1.406475,1.502346,2.113012,0.415957,1.565884,137.560028,Square
1.188133,1.307008,0.509913,1.500464,1.552899,2.330069,0.408230,1.568604,134.960205,Square
1.225781,1.289806,0.489443,1.584068,1.581020,2.504444,0.405276,1.581336,131.170242,Square
1.189161,1.289531,0.497188,1.559723,1.533460,2.391773,0.413728,1.571507,129.842636,Square
1.218074,1.333340,0.512316,1.463932,1.624107,2.377582,0.411660,1.584394,138.070190,Square
1.216707,1.367223,0.508340,1.438818,1.663509,2.393488,0.417528,1.613229,138.496582,Square
1.201180,1.319025,0.524242,1.446155,1.584387,2.291269,0.414910,1.559603,132.403839,Square
1.093608,1.344381,0.513009,1.449949,1.470226,2.131753,0.408671,1.591286,139.000519,Square
1.196045,1.284006,0.499582,1.558928,1.535730,2.394093,0.406641,1.564463,132.512726,Square
1.149798,1.323096,0.514020,1.470377,1.521293,2.236874,0.415015,1.575023,133.725281,Square
1.164322,1.302821,0.505148,1.519486,1.516904,2.304915,0.409710,1.571447,133.887268,Square
1.223573,1.312250,0.502920,1.515251,1.605633,2.432937,0.408993,1.581065,133.296906,Square
1.204251,1.337579,0.497989,1.501278,1.610782,2.418230,0.400608,1.605642,131.759567,Square
1.215249,1.340788,0.524065,1.423164,1.629392,2.318892,0.404688,1.574934,137.665100,Square
1.022334,1.317510,0.515054,1.473647,1.346935,1.984908,0.412561,1.569783,134.457855,Square
1.154928,1.313611,0.484714,1.570534,1.517126,2.382697,0.399723,1.605169,132.940048,Square
1.123581,1.304243,0.486459,1.576140,1.465423,2.309712,0.401569,1.595930,129.149170,Square
1.215277,1.329114,0.510649,1.473382,1.615242,2.379869,0.405241,1.583494,133.125946,Square
1.120919,1.304379,0.481873,1.590977,1.462103,2.326171,0.413936,1.601895,126.755371,Square
1.229094,1.362382,0.534404,1.373509,1.674496,2.299935,0.417556,1.576774,139.048019,Square
1.141427,1.325958,0.514988,1.464445,1.513484,2.216413,0.412366,1.575845,134.138565,Square
1.155527,1.290193,0.497908,1.556669,1.490853,2.320765,0.419385,1.571109,137.999878,Square
1.074186,1.323797,0.463910,1.628339,1.422004,2.315504,0.416486,1.640267,129.301849,Square
1.182212,1.319767,0.508177,1.491033,1.560245,2.326377,0.409267,1.579921,133.433868,Square
1.197291,1.318343,0.535975,1.415230,1.578441,2.233857,0.415778,1.544995,136.177734,Square
1.093816,1.326445,0.503605,1.496996,1.450887,2.171971,0.408793,1.590458,127.468414,Square
1.128369,1.348000,0.496644,1.493706,1.521041,2.271989,0.419005,1.614878,133.923370,Square
1.141517,1.353282,0.487848,1.514703,1.544795,2.339905,0.405665,1.630268,132.460037,Square
1.193482,1.317647,0.500037,1.517745,1.572588,2.386788,0.409327,1.588606,135.473785,Square
1.168635,1.323723,0.501657,1.505898,1.546949,2.329547,0.405697,1.590960,133.182434,Square
1.133548,1.314349,0.487820,1.559658,1.489877,2.323700,0.397097,1.601726,132.294373,Square
1.255055,1.364527,0.531487,1.378876,1.712556,2.361402,0.427940,1.581850,139.467026,Square
1.195577,1.306695,0.506157,1.511960,1.562254,2.362065,0.416604,1.573011,131.280518,Square
1.137528,1.291811,0.504043,1.535796,1.469472,2.256809,0.419623,1.564762,134.760300,Square
1.176307,1.322338,0.507481,1.490178,1.555475,2.317934,0.393958,1.582633,134.116547,Square
1.179676,1.317896,0.527024,1.439755,1.554691,2.238375,0.410829,1.555442,138.260635,Square
1.219739,1.309056,0.514293,1.485358,1.596707,2.371682,0.410497,1.564698,132.654434,Square
1.151343,1.336215,0.505376,1.480845,1.538442,2.278193,0.410510,1.595204,134.184204,Square
1.156202,1.288646,0.508780,1.525233,1.489934,2.272497,0.412468,1.556676,131.785492,Square
1.225259,1.296940,0.464081,1.661446,1.589088,2.640184,0.403909,1.619267,133.655350,Square
1.176894,1.321479,0.502017,1.507377,1.555240,2.344333,0.405319,1.588885,134.619797,Square
1.193645,1.350438,0.522796,1.416425,1.611943,2.283197,0.411378,1.583160,137.836533,Square
1.173057,1.297551,0.506903,1.520376,1.522102,2.314167,0.410065,1.565454,131.247482,Square
1.225144,1.342795,0.524620,1.419533,1.645117,2.335298,0.415476,1.575628,135.947891,Square
1.200338,1.318121,0.530126,1.431086,1.582191,2.264252,0.424038,1.551854,136.218353,Square
1.184873,1.297524,0.501993,1.535277,1.537402,2.360337,0.401754,1.571472,134.856613,Square
1.179326,1.319680,0.522678,1.449763,1.556333,2.256313,0.404566,1.561966,135.142975,Square
1.158438,1.308094,0.505180,1.513264,1.515346,2.293118,0.424989,1.575235,131.308517,Square
1.123781,1.339987,0.506401,1.473687,1.505851,2.219153,0.403756,1.596581,137.902634,Square
1.195010,1.305932,0.507062,1.510143,1.560602,2.356732,0.419588,1.571340,131.344269,Square
1.200112,1.294758,0.519698,1.486143,1.553854,2.309249,0.409629,1.547936,136.742172,Square
1.233422,1.316451,0.495690,1.532447,1.623739,2.488294,0.400973,1.593235,131.815353,Square
1.244294,1.345222,0.528811,1.405742,1.673852,2.353004,0.415128,1.572102,139.490585,Square
1.212512,1.293730,0.526034,1.469408,1.568663,2.305005,0.411802,1.539654,136.775269,Square
1.200512,1.326647,0.531727,1.417608,1.592656,2.257761,0.415914,1.555807,138.138458,Square
1.096462,1.286864,0.490117,1.585504,1.410996,2.237141,0.407866,1.578282,130.900665,Square
1.164630,1.295804,0.484641,1.592357,1.509132,2.403077,0.415882,1.591896,128.456238,Square
1.132130,1.322798,0.477795,1.582212,1.497579,2.369488,0.415634,1.621050,131.492935,Square
1.175959,1.321907,0.546681,1.383773,1.554509,2.151088,0.425489,1.534727,140.880905,Square
1.092782,1.298649,0.498153,1.545773,1.419141,2.193669,0.434605,1.577059,130.928879,Square
1.208786,1.306799,0.487391,1.570053,1.579640,2.480118,0.414764,1.596654,131.898590,Square
1.147926,1.282661,0.499293,1.561466,1.472400,2.299102,0.421502,1.563817,124.796341,Square
1.178749,1.334424,0.495181,1.513361,1.572952,2.380443,0.406002,1.606984,131.450119,Square
1.158652,1.332995,0.511824,1.465719,1.544478,2.263771,0.408081,1.584768,136.815582,Square
1.221286,1.332052,0.495877,1.513927,1.626815,2.462879,0.428229,1.604365,134.701889,Square
1.149424,1.300143,0.505330,1.522066,1.494416,2.274600,0.410436,1.569272,126.389870,Square
1.208527,1.325616,0.518494,1.454918,1.602043,2.330840,0.419672,1.571264,136.922806,Square
1.149026,1.331789,0.519185,1.446247,1.530260,2.213134,0.418211,1.574735,135.850647,Square
1.173770,1.294696,0.493296,1.565757,1.519675,2.379442,0.406360,1.580180,131.735855,Square
1.171110,1.309982,0.494489,1.543755,1.534134,2.368326,0.412231,1.590005,132.946075,Square
1.109578,1.346123,0.500750,1.483522,1.493629,2.215830,0.419433,1.608203,136.777145,Square
1.191999,1.324688,0.524657,1.438834,1.579027,2.271958,0.403731,1.563047,131.653091,Square
1.141427,1.325958,0.514988,1.464445,1.513484,2.216413,0.412366,1.575845,134.138565,Square
1.101018,1.344847,0.496131,1.498755,1.480701,2.219207,0.398843,1.613281,134.553574,Square
1.183694,1.334417,0.504488,1.485448,1.579542,2.346328,0.392392,1.595051,131.939041,Square
1.187152,1.363302,0.513189,1.429325,1.618446,2.313284,0.408336,1.604232,134.927597,Square
1.237588,1.312225,0.488238,1.560847,1.623994,2.534806,0.412856,1.599613,132.449646,Square
1.205679,1.319731,0.467884,1.619481,1.591172,2.576873,0.405752,1.631835,133.655685,Square
1.153782,1.312218,0.509568,1.495518,1.514014,2.264235,0.420179,1.572776,130.900681,Square
1.138225,1.344367,0.526260,1.413455,1.530193,2.162859,0.418314,1.574674,136.836258,Square
1.150009,1.322466,0.470849,1.605957,1.520847,2.442415,0.411579,1.629975,129.222992,Square
1.139048,1.349067,0.522905,1.417566,1.536652,2.178306,0.412104,1.582080,137.547760,Square
1.180791,1.314326,0.513867,1.480630,1.551944,2.297855,0.408646,1.568981,133.170822,Square
1.157055,1.290609,0.457963,1.691901,1.493306,2.526527,0.396057,1.622336,127.441292,Square
1.217545,1.337357,0.508864,1.469437,1.628293,2.392674,0.419799,1.591587,134.427002,Square
1.213948,1.321730,0.512566,1.476072,1.604511,2.368374,0.407768,1.575858,133.966476,Square
1.157115,1.319469,0.508421,1.490656,1.526777,2.275900,0.435813,1.579402,132.109207,Square
1.196845,1.292110,0.485628,1.593663,1.546456,2.464530,0.413207,1.587861,132.994919,Square
1.178021,1.331878,0.513428,1.462367,1.568980,2.294425,0.407472,1.581969,135.575226,Square
1.247770,1.330967,0.505304,1.486893,1.660740,2.469342,0.415515,1.591548,138.679688,Square
1.172566,1.357315,0.531782,1.385434,1.591541,2.204976,0.408320,1.576627,136.523468,Square
1.156920,1.308843,0.523713,1.458877,1.514227,2.209071,0.410986,1.553101,135.796616,Square
1.170454,1.352218,0.537505,1.375848,1.582709,2.177567,0.408532,1.566132,137.628372,Square
1.138354,1.341600,0.503532,1.480301,1.527215,2.260738,0.400057,1.601395,133.603439,Square
1.156034,1.329269,0.494597,1.521022,1.536680,2.337324,0.409450,1.603990,131.464722,Square
1.173143,1.336702,0.511823,1.461659,1.568142,2.292089,0.419123,1.587386,134.104965,Square
1.150154,1.316668,0.518913,1.463622,1.514371,2.216467,0.416644,1.564448,135.072250,Square
1.173931,1.369106,0.541868,1.347936,1.607236,2.166451,0.404239,1.571991,137.420609,Square
1.148712,1.297743,0.503704,1.529805,1.490734,2.280532,0.436567,1.569523,132.360641,Square
1.195452,1.330111,0.499135,1.506239,1.590083,2.395046,0.399724,1.598782,133.645020,Square
1.170102,1.303440,0.505418,1.517952,1.525157,2.315115,0.407875,1.571562,135.011566,Square
1.189698,1.304688,0.492743,1.555509,1.552185,2.414437,0.396265,1.588297,134.226929,Square
1.195867,1.289113,0.477925,1.623115,1.541608,2.502207,0.411732,1.595339,134.632706,Square
1.238395,1.380095,0.533487,1.358210,1.709103,2.321321,0.419556,1.589731,137.506760,Square
1.196845,1.292110,0.485628,1.593663,1.546456,2.464530,0.413207,1.587861,132.994919,Square
1.078487,1.322836,0.527607,1.432791,1.426662,2.044109,0.420719,1.558168,129.685913,Square
1.173175,1.361747,0.514832,1.426389,1.597567,2.278752,0.411076,1.601046,137.501541,Square
1.128369,1.348000,0.496644,1.493706,1.521041,2.271989,0.419005,1.614878,133.923370,Square
1.136945,1.348688,0.512101,1.447882,1.533384,2.220159,0.413467,1.595454,135.032013,Square
1.181916,1.311421,0.515983,1.477823,1.549989,2.290609,0.416049,1.564315,135.192352,Square
1.096865,1.286675,0.476474,1.631143,1.411308,2.302045,0.441543,1.595315,125.867432,Square
1.165782,1.366800,0.518579,1.410848,1.593391,2.248034,0.403689,1.599725,141.182144,Square
1.152421,1.300812,0.494141,1.555733,1.499083,2.332173,0.419077,1.583667,132.008911,Square
1.180186,1.349457,0.491642,1.507274,1.592611,2.400501,0.396685,1.622481,135.929382,Square
1.206416,1.284434,0.497954,1.563504,1.549562,2.422746,0.421128,1.566776,127.303551,Square
1.194761,1.323937,0.513637,1.470539,1.581788,2.326081,0.397796,1.576094,136.030365,Square
1.136575,1.301254,0.478426,1.606287,1.478973,2.375655,0.393527,1.603959,130.343231,Square
1.214628,1.335167,0.524342,1.428399,1.621732,2.316480,0.407411,1.570707,135.542679,Square
1.171966,1.306377,0.500338,1.529916,1.531030,2.342347,0.413233,1.580011,136.685196,Square
1.233733,1.372507,0.519308,1.403008,1.693308,2.375724,0.421423,1.602690,135.556335,Square
1.112666,1.276467,0.504906,1.551600,1.420281,2.203707,0.439991,1.552410,131.388077,Square
1.195997,1.370734,0.512679,1.422988,1.639394,2.332838,0.411909,1.610027,139.068893,Square
1.126553,1.322816,0.487342,1.551196,1.490222,2.311627,0.390753,1.608616,133.005142,Square
1.216225,1.358275,0.533067,1.381117,1.651968,2.281562,0.416281,1.575678,140.171799,Square
1.146954,1.316392,0.503649,1.508297,1.509841,2.277289,0.409962,1.583154,132.998123,Square
1.222346,1.317416,0.509964,1.488462,1.610339,2.396928,0.422099,1.576013,137.875671,Square
1.172098,1.325093,0.545537,1.383340,1.553140,2.148521,0.420051,1.538224,140.778427,Square
1.130912,1.353061,0.524266,1.409714,1.530193,2.157134,0.396268,1.583116,135.696121,Square
1.228757,1.336987,0.534124,1.400330,1.642832,2.300507,0.426069,1.559972,140.855331,Square
1.170566,1.318762,0.473625,1.601028,1.543698,2.471504,0.401113,1.623493,133.968887,Square
1.210660,1.402146,0.519112,1.373869,1.697523,2.332173,0.416742,1.622975,140.162720,Square
1.184016,1.378212,0.532860,1.361666,1.631824,2.222001,0.414109,1.589272,138.892349,Square
1.204876,1.331415,0.513384,1.463001,1.604190,2.346932,0.415743,1.581698,136.498856,Square
1.174799,1.328399,0.507518,1.483269,1.560602,2.314792,0.402732,1.586918,134.563522,Square
1.165442,1.318828,0.484889,1.563757,1.537018,2.403524,0.409660,1.608832,133.885361,Square
1.176019,1.319172,0.490950,1.544049,1.551372,2.395394,0.409860,1.601279,136.818588,Square
1.150194,1.292064,0.496651,1.558349,1.486125,2.315901,0.398827,1.574052,129.441116,Square
1.157101,1.339078,0.527405,1.415955,1.549449,2.193950,0.398179,1.569628,135.608093,Square
1.140983,1.309506,0.519681,1.469454,1.494124,2.195545,0.425143,1.558449,132.062241,Square
1.199396,1.332636,0.503693,1.489781,1.598358,2.381203,0.417041,1.594787,136.197433,Square
1.125279,1.303264,0.491350,1.561624,1.466536,2.290177,0.426942,1.588998,133.471024,Square
1.151015,1.307636,0.502072,1.523167,1.505108,2.292531,0.413056,1.578768,136.521057,Square
1.128230,1.339474,0.513301,1.454433,1.511234,2.197989,0.416652,1.587474,137.693008,Square
1.190667,1.337032,0.519067,1.440903,1.591960,2.293860,0.420188,1.578541,139.841003,Square
1.108650,1.345922,0.505174,1.470752,1.492157,2.194593,0.407769,1.602360,133.238861,Square
1.139617,1.331099,0.501654,1.497564,1.516943,2.271720,0.420998,1.596281,136.403915,Square
1.088396,1.286705,0.492168,1.579092,1.400444,2.211431,0.426540,1.575613,126.999390,Square
1.221388,1.305598,0.503555,1.521051,1.594641,2.425529,0.425530,1.575438,137.812698,Square
1.157669,1.314245,0.506556,1.502091,1.521460,2.285372,0.414470,1.577972,132.750183,Square
1.163618,1.330649,0.501696,1.497945,1.548366,2.319367,0.416074,1.595903,133.613098,Square
1.139047,1.287699,0.500772,1.550765,1.466749,2.274582,0.411820,1.565741,131.933502,Square
1.066765,1.339633,0.508616,1.467657,1.429073,2.097389,0.423951,1.593513,128.933975,Square
1.179448,1.308504,0.508949,1.501588,1.543311,2.317417,0.408908,1.570869,133.181534,Square
1.171349,1.306075,0.492246,1.555428,1.529869,2.379601,0.408447,1.589953,127.445572,Square
1.210652,1.356018,0.531006,1.388784,1.641665,2.279919,0.407975,1.576715,138.761795,Square
1.180286,1.333878,0.505613,1.482741,1.574358,2.334365,0.416734,1.593236,137.507172,Square
1.202906,1.325608,0.537468,1.403564,1.594582,2.238098,0.416420,1.548181,134.992264,Square
1.162750,1.359287,0.520589,1.413168,1.580511,2.233527,0.406526,1.592016,140.811951,Square
1.215974,1.339804,0.519386,1.437037,1.629167,2.341174,0.405222,1.580073,134.366928,Square
1.167347,1.318426,0.493836,1.535895,1.539061,2.363836,0.405204,1.597041,129.185486,Square
1.221882,1.315169,0.488283,1.557207,1.606981,2.502402,0.415423,1.601740,132.932495,Square
1.134906,1.346127,0.515128,1.442111,1.527727,2.203153,0.407551,1.589825,132.010315,Square
1.170096,1.317061,0.516685,1.469495,1.541089,2.264622,0.414195,1.567458,136.160187,Square
1.178433,1.323968,0.494984,1.525918,1.560208,2.380750,0.418999,1.599630,132.894531,Square
1.152041,1.293637,0.507243,1.523953,1.490323,2.271182,0.414960,1.562186,130.131500,Square
1.175001,1.291930,0.493346,1.568949,1.518019,2.381696,0.411934,1.578056,125.666527,Square
1.188322,1.330897,0.537528,1.397829,1.581534,2.210715,0.413321,1.551709,139.175583,Square
1.118330,1.335176,0.494759,1.513798,1.493168,2.260355,0.402008,1.608075,134.282883,Square
1.054078,1.352324,0.508936,1.452967,1.425456,2.071141,0.420699,1.602046,135.642639,Square
1.203824,1.312501,0.519176,1.467526,1.580020,2.318720,0.414933,1.561182,131.997742,Square
1.207176,1.304257,0.490985,1.561595,1.574468,2.458681,0.426708,1.590198,134.365799,Square
1.210706,1.359667,0.518268,1.419102,1.646157,2.336064,0.407741,1.595225,136.766495,Square
1.227585,1.416570,0.532889,1.324724,1.738960,2.303642,0.399181,1.614440,140.292892,Square
1.165735,1.313695,0.491042,1.550195,1.531421,2.374002,0.400580,1.597120,129.611496,Square
1.157136,1.324877,0.495607,1.522955,1.533064,2.334787,0.403097,1.599496,132.491333,Square
1.217840,1.299791,0.481923,1.596425,1.582937,2.527040,0.408925,1.598366,128.710403,Square
1.114940,1.326396,0.490355,1.537503,1.478853,2.273740,0.410118,1.607359,132.225616,Square
1.044956,1.280273,0.487273,1.602969,1.337828,2.144498,0.421688,1.576844,122.410805,Square
1.175283,1.297702,0.496512,1.552011,1.525167,2.367077,0.412009,1.578401,128.908585,Square
1.203386,1.317807,0.504755,1.503376,1.585831,2.384100,0.412593,1.582791,130.948425,Square
1.254279,1.338482,0.506695,1.474488,1.678830,2.475414,0.424426,1.595138,136.728165,Square
1.140124,1.366672,0.514004,1.423539,1.558176,2.218125,0.409326,1.605513,135.864471,Square
1.100479,1.320640,0.497683,1.521467,1.453337,2.211205,0.415073,1.593763,130.642349,Square
1.183927,1.287946,0.501500,1.548215,1.524834,2.360771,0.407964,1.565031,130.349014,Square
1.229327,1.315019,0.510218,1.490431,1.616589,2.409414,0.404463,1.573981,132.596588,Square
1.201698,1.347769,0.517377,1.434093,1.619611,2.322673,0.406803,1.588128,137.613159,Square
1.186879,1.365277,0.511299,1.432533,1.620418,2.321302,0.405076,1.608039,131.545959,Square
1.174622,1.341467,0.505496,1.474696,1.575716,2.323702,0.403557,1.598786,134.895126,Square
1.140813,1.344544,0.522785,1.422663,1.533873,2.182184,0.421503,1.579116,137.555191,Square
1.210024,1.310437,0.502534,1.518513,1.585661,2.407848,0.416644,1.580231,131.041168,Square
1.210912,1.294028,0.520506,1.484673,1.566954,2.326415,0.428909,1.546448,137.105698,Square
1.190561,1.352196,0.538938,1.372214,1.609872,2.209088,0.404962,1.564364,139.306168,Square
1.190387,1.303776,0.514203,1.491635,1.551998,2.315015,0.415665,1.561030,133.546371,Square
1.208681,1.327386,0.491831,1.531747,1.604386,2.457514,0.400016,1.606179,132.106277,Square
1.190277,1.298254,0.511191,1.506806,1.545281,2.328439,0.411216,1.560725,134.902527,Square
1.215796,1.319425,0.493452,1.535926,1.604152,2.463858,0.420767,1.598263,132.807816,Square
1.166133,1.326900,0.510104,1.477415,1.547342,2.286067,0.392354,1.582603,131.950745,Square
1.122784,1.313364,0.511353,1.488999,1.474624,2.195713,0.422334,1.571392,129.452881,Square
1.133284,1.353075,0.523284,1.412345,1.533418,2.165715,0.415743,1.584358,136.469559,Square
1.246360,1.330031,0.493009,1.525047,1.657698,2.528068,0.412696,1.606592,135.844345,Square
1.062809,1.333201,0.504962,1.485409,1.416938,2.104733,0.422982,1.593579,128.180313,Square
1.198474,1.351665,0.531342,1.392376,1.619935,2.255559,0.401609,1.573353,138.452835,Square
1.238043,1.315566,0.516160,1.472662,1.628727,2.398565,0.426518,1.567043,139.828964,Square
1.150496,1.339583,0.499954,1.493140,1.541185,2.301205,0.401712,1.604551,131.462555,Square
1.131076,1.295067,0.494002,1.563072,1.464819,2.289618,0.399208,1.579575,133.187958,Square
1.144116,1.365633,0.503849,1.453334,1.562443,2.270752,0.403053,1.617979,134.811203,Square
1.174189,1.332967,0.485990,1.543665,1.565156,2.416077,0.412834,1.617866,131.349472,Square
1.204891,1.320584,0.514910,1.470629,1.591160,2.340005,0.427449,1.572141,135.978485,Square
1.197544,1.320134,0.520128,1.456370,1.580918,2.302402,0.420515,1.565402,134.074722,Square
1.229411,1.343565,0.509878,1.459740,1.651793,2.411189,0.408039,1.594685,138.543655,Square
1.140690,1.308382,0.525938,1.453218,1.492458,2.168867,0.420054,1.550098,135.792145,Square
1.174982,1.309562,0.509097,1.499940,1.538712,2.307975,0.426653,1.571449,135.860352,Square
1.196438,1.284436,0.499012,1.560188,1.536748,2.397615,0.407069,1.565480,132.718964,Square
1.253398,1.295376,0.507588,1.520873,1.623622,2.469324,0.424794,1.563032,137.992416,Square
1.204361,1.334966,0.491199,1.525008,1.607782,2.451880,0.421809,1.612537,136.742996,Square
1.120061,1.375011,0.519409,1.400182,1.540097,2.156415,0.416352,1.604266,135.789856,Square
1.134796,1.323472,0.532009,1.420254,1.501871,2.133039,0.416745,1.553280,138.934479,Square
1.194254,1.315559,0.491849,1.545460,1.571112,2.428090,0.413096,1.597467,138.216339,Square
1.140691,1.302003,0.486147,1.579866,1.485183,2.346390,0.424320,1.594649,129.995743,Square
1.251075,1.317398,0.515062,1.473748,1.648164,2.428978,0.415982,1.569693,137.320877,Square
1.155347,1.349157,0.514632,1.440258,1.558745,2.244995,0.414434,1.592565,135.511124,Square
1.093608,1.344381,0.513009,1.449949,1.470226,2.131753,0.408671,1.591286,139.000519,Square
1.229456,1.317837,0.507708,1.494598,1.620221,2.421580,0.408545,1.579121,134.823029,Square
1.193277,1.306294,0.478065,1.601297,1.558771,2.496054,0.409884,1.608247,133.021866,Square
1.156621,1.316413,0.497018,1.528396,1.522591,2.327122,0.410549,1.591524,134.140167,Square
1.163275,1.366919,0.547199,1.336941,1.590102,2.125873,0.419247,1.564001,138.930023,Square
1.155055,1.344244,0.528419,1.407809,1.552675,2.185870,0.405333,1.571917,132.851379,Square
1.149982,1.347527,0.489054,1.517421,1.549631,2.351443,0.413596,1.624492,132.899902,Square
1.152091,1.320504,0.508423,1.489481,1.521340,2.266006,0.419869,1.580141,133.519226,Square
1.188928,1.306584,0.507926,1.506824,1.553434,2.340752,0.401789,1.570746,132.907806,Square
1.154596,1.349755,0.503269,1.472127,1.558422,2.294194,0.410399,1.607531,132.567078,Square
1.176323,1.316176,0.539012,1.409574,1.548249,2.182371,0.419509,1.539897,137.995621,Square
1.211495,1.309937,0.490035,1.557840,1.586982,2.472264,0.409816,1.595622,130.955002,Square
1.194246,1.314850,0.521403,1.458647,1.570255,2.290448,0.415187,1.560129,134.030014,Square
1.241963,1.292436,0.525116,1.473451,1.605158,2.365122,0.428117,1.539825,136.682648,Square
1.164145,1.316891,0.515797,1.472217,1.533052,2.256985,0.410285,1.568429,136.365265,Square
1.238356,1.346393,0.530396,1.400322,1.667314,2.334778,0.406238,1.570943,134.309341,Square
1.124702,1.320036,0.497068,1.524048,1.484647,2.262674,0.405742,1.594105,131.980286,Square
1.170179,1.314813,0.520018,1.462574,1.538566,2.250268,0.418670,1.561789,134.102585,Square
1.190166,1.309466,0.506242,1.508508,1.558482,2.350982,0.409898,1.574912,135.789505,Square
1.081473,1.326433,0.492846,1.529689,1.434501,2.194341,0.401795,1.604174,132.078369,Square
1.162264,1.318110,0.504623,1.503424,1.531993,2.303234,0.405004,1.583175,130.668915,Square
1.155821,1.315200,0.487802,1.558706,1.520137,2.369445,0.405179,1.602381,133.251556,Square
1.183343,1.346096,0.522595,1.421539,1.592893,2.264359,0.407121,1.580422,134.179306,Square
1.203111,1.324002,0.518924,1.455483,1.592922,2.318471,0.420427,1.569600,132.325653,Square
1.150315,1.292202,0.499410,1.549574,1.486439,2.303348,0.403041,1.570743,133.162857,Square
1.138858,1.331443,0.487998,1.539074,1.516325,2.333736,0.397390,1.614123,131.507294,Square
1.183336,1.317466,0.494140,1.536069,1.559005,2.394740,0.407313,1.595949,132.333145,Square
1.168544,1.321476,0.485029,1.560174,1.544202,2.409225,0.415969,1.610619,133.364243,Square
1.184891,1.318190,0.495930,1.529682,1.561911,2.389227,0.401197,1.594202,132.249878,Square
1.155120,1.299885,0.486245,1.582121,1.501523,2.375592,0.426016,1.592935,125.808388,Square
1.175400,1.376716,0.523779,1.386781,1.618192,2.244078,0.412721,1.599815,136.725479,Square
1.174982,1.309562,0.509097,1.499940,1.538712,2.307975,0.426653,1.571449,135.860352,Square
1.228828,1.372146,0.504000,1.446001,1.686132,2.438149,0.398993,1.622342,137.800613,Square
1.170110,1.299648,0.499317,1.540983,1.520731,2.343420,0.432442,1.576347,135.304337,Square
1.125188,1.349638,0.506950,1.461562,1.518596,2.219523,0.416375,1.602705,130.059235,Square
1.207841,1.314865,0.487602,1.559744,1.588148,2.477103,0.405831,1.602389,130.766647,Square
1.171176,1.327116,0.503115,1.497696,1.554287,2.327849,0.390003,1.591560,132.172623,Square
1.177751,1.354779,0.508168,1.452528,1.595592,2.317642,0.401648,1.604756,134.655945,Square
1.137528,1.291811,0.504043,1.535796,1.469472,2.256809,0.419623,1.564762,134.760300,Square
1.158070,1.329882,0.513921,1.463157,1.540096,2.253403,0.409453,1.579945,139.724808,Square
1.154343,1.306779,0.516553,1.481436,1.508471,2.234704,0.413540,1.560314,134.418518,Square
1.164470,1.318995,0.501621,1.511405,1.535930,2.321412,0.406157,1.587585,134.362823,Square
1.194968,1.356326,0.520411,1.416738,1.620766,2.296200,0.420767,1.590208,138.713623,Square
1.178970,1.346132,0.536886,1.383663,1.587049,2.195941,0.414566,1.562799,138.811600,Square
1.195625,1.328278,0.519817,1.448307,1.588122,2.300088,0.409143,1.571498,134.036804,Square
1.196951,1.344857,0.523988,1.419065,1.609728,2.284308,0.414233,1.577832,136.760284,Square
1.235284,1.328204,0.513726,1.465559,1.640710,2.404557,0.421683,1.579002,137.516983,Square
1.215714,1.332037,0.524874,1.430304,1.619377,2.316201,0.413380,1.567885,135.555267,Square
1.166133,1.326900,0.510104,1.477415,1.547342,2.286067,0.392354,1.582603,131.950745,Square
1.195980,1.287813,0.494024,1.571807,1.540199,2.420896,0.405020,1.574142,132.522858,Square
1.296618,1.366493,0.497299,1.471549,1.771820,2.607321,0.399799,1.627208,135.846603,Square
1.162628,1.323779,0.505846,1.493366,1.539062,2.298382,0.418991,1.585717,130.506653,Square
1.128218,1.325794,0.506172,1.490137,1.495784,2.228922,0.408357,1.586751,133.787827,Square
1.152811,1.321304,0.506928,1.492969,1.523214,2.274112,0.405213,1.582584,133.656937,Square
1.233241,1.385500,0.526293,1.371405,1.708656,2.343260,0.410133,1.602495,134.732315,Square
1.227521,1.358183,0.526720,1.397855,1.667198,2.330501,0.401824,1.583534,138.807770,Square
1.149271,1.329192,0.530614,1.417860,1.527602,2.165926,0.408979,1.558906,137.035614,Square
1.205946,1.306157,0.501032,1.528055,1.575154,2.406922,0.430702,1.578984,130.844864,Square
1.191081,1.345611,0.531413,1.398454,1.602732,2.241348,0.411993,1.569157,138.551300,Square
1.193820,1.322393,0.502621,1.504521,1.578700,2.375187,0.405551,1.588782,136.845978,Square
1.224140,1.307642,0.503911,1.517600,1.600737,2.429278,0.409569,1.576483,132.833282,Square
1.146299,1.332863,0.485441,1.545531,1.527860,2.361356,0.388076,1.618508,132.548752,Square
1.085019,1.326881,0.498460,1.511950,1.439691,2.176741,0.441515,1.597307,131.043777,Square
1.197049,1.298652,0.466295,1.651378,1.554549,2.567148,0.391945,1.617698,131.264191,Square
1.174439,1.301892,0.475256,1.616208,1.528992,2.471169,0.409750,1.608532,136.876572,Square
1.164949,1.340054,0.510065,1.463026,1.561094,2.283921,0.399563,1.591972,134.318298,Square
1.063181,1.264671,0.496613,1.592223,1.344574,2.140862,0.432561,1.553600,133.833603,Square
1.132795,1.332450,0.512052,1.465665,1.509392,2.212264,0.413702,1.584096,133.704514,Square
1.107157,1.299316,0.482182,1.596151,1.438547,2.296137,0.406853,1.597677,131.924835,Square
1.206937,1.295594,0.519739,1.485067,1.563700,2.322199,0.405320,1.548484,136.553696,Square
1.152746,1.313160,0.511388,1.489128,1.513739,2.254151,0.419877,1.571203,133.449097,Square
1.160776,1.269044,0.502582,1.567894,1.473076,2.309627,0.415053,1.549695,129.484482,Square
1.182474,1.319187,0.510287,1.485522,1.559904,2.317272,0.412618,1.576877,133.474045,Square
1.126252,1.335771,0.536179,1.396234,1.504415,2.100515,0.417080,1.556650,135.905029,Square
1.089685,1.333515,0.505135,1.484549,1.453111,2.157214,0.422923,1.593583,132.466171,Square
1.178480,1.328753,0.505817,1.487861,1.565909,2.329855,0.414791,1.589317,134.203354,Square
1.167408,1.324612,0.510812,1.477918,1.546363,2.285398,0.419915,1.580091,135.695190,Square
1.191259,1.399193,0.545801,1.309448,1.666801,2.182589,0.411139,1.586674,142.181747,Square
1.266578,1.291146,0.489230,1.583110,1.635337,2.588918,0.408814,1.582609,131.780609,Square
1.195188,1.301046,0.520587,1.476432,1.554995,2.295845,0.411556,1.551350,133.738007,Square
1.154048,1.377876,0.508789,1.426435,1.590134,2.268224,0.386495,1.620031,137.187195,Square
1.194687,1.356159,0.501717,1.469707,1.620186,2.381200,0.403729,1.614084,137.048416,Square
1.163353,1.306967,0.494473,1.547365,1.520464,2.352712,0.424821,1.587801,134.741486,Square
1.147303,1.323877,0.528672,1.428781,1.518889,2.170159,0.415680,1.557597,135.486496,Square
1.112208,1.308937,0.509561,1.499287,1.455811,2.182678,0.430403,1.570426,136.654709,Square
1.142140,1.341657,0.488155,1.526865,1.532360,2.339708,0.405547,1.621400,133.900467,Square
1.220685,1.314491,0.504817,1.506984,1.604579,2.418075,0.417961,1.580318,131.471664,Square
1.223815,1.327919,0.521008,1.445387,1.625127,2.348938,0.407430,1.569778,136.579315,Square
1.134377,1.309429,0.507331,1.505313,1.485386,2.235970,0.404675,1.573536,132.313324,Square
1.236474,1.356858,0.534519,1.378803,1.677719,2.313245,0.404700,1.572926,136.729813,Square
1.159927,1.306560,0.509213,1.503042,1.515513,2.277879,0.414877,1.569142,131.100250,Square
1.229109,1.355392,0.527497,1.398670,1.665924,2.330077,0.409563,1.580664,136.671921,Square
1.256884,1.329451,0.478969,1.570436,1.670967,2.624146,0.418167,1.624486,137.439850,Square
1.112031,1.310730,0.499171,1.528402,1.457572,2.227756,0.401196,1.584655,132.455994,Square
1.189445,1.289910,0.490811,1.579523,1.534276,2.423425,0.401627,1.579705,131.848419,Square
1.206963,1.299024,0.463844,1.659629,1.567873,2.602088,0.398182,1.621202,130.746780,Square
1.178700,1.304963,0.486038,1.576637,1.538160,2.425120,0.390855,1.597006,127.376152,Square
1.229062,1.372919,0.538201,1.353351,1.687403,2.283648,0.410917,1.579060,139.975876,Square
1.165623,1.272818,0.491165,1.599581,1.483625,2.373179,0.431242,1.566387,132.818359,Square
1.144766,1.309912,0.495559,1.540502,1.499543,2.310049,0.412593,1.588601,135.140442,Square
1.188854,1.316461,0.507517,1.496724,1.565079,2.342492,0.424833,1.578371,135.162277,Square
1.174238,1.317498,0.512354,1.481424,1.547057,2.291848,0.411509,1.573108,136.361832,Square
1.169059,1.299628,0.470658,1.634843,1.519342,2.483886,0.412613,1.612762,131.997437,Square
1.163782,1.294174,0.486367,1.588706,1.506137,2.392809,0.418068,1.588487,128.884308,Square
1.120635,1.318106,0.493542,1.537182,1.477115,2.270596,0.394782,1.597181,129.385376,Square
1.222833,1.313462,0.510838,1.490387,1.606144,2.393777,0.409728,1.572098,134.989792,Square
1.227540,1.334573,0.517820,1.447036,1.638241,2.370593,0.407167,1.578379,136.898285,Square
1.171940,1.323584,0.511868,1.476013,1.551162,2.289536,0.393398,1.578043,132.581177,Square
1.213417,1.347859,0.531793,1.395124,1.635515,2.281747,0.405787,1.570216,138.463562,Square
1.377131,1.358277,0.482408,1.526150,1.870526,2.854704,0.425813,1.641181,141.758026,Square
1.159703,1.315691,0.509159,1.492768,1.525811,2.277683,0.408044,1.575776,136.827789,Square
1.208028,1.309534,0.524105,1.457019,1.581953,2.304936,0.415104,1.553114,137.112579,Square
1.141149,1.307162,0.503045,1.520770,1.491666,2.268481,0.408855,1.577210,129.980759,Square
1.193205,1.315642,0.523109,1.453015,1.569830,2.280987,0.417062,1.558611,136.845764,Square
1.127075,1.347211,0.520731,1.425447,1.518408,2.164410,0.398368,1.583525,135.845612,Square
1.172404,1.369331,0.540657,1.350734,1.605409,2.168479,0.415355,1.573637,136.386414,Square
1.142837,1.308403,0.475814,1.606282,1.495291,2.401858,0.418834,1.612768,133.115875,Square
1.151153,1.310719,0.465403,1.639312,1.508837,2.473455,0.402572,1.628210,128.250061,Square
1.149440,1.311351,0.491147,1.552636,1.507320,2.340319,0.403860,1.595254,132.275269,Square
1.213264,1.389620,0.524525,1.371949,1.685977,2.313074,0.412406,1.607529,138.899338,Square
1.149539,1.327105,0.510338,1.476510,1.525559,2.252503,0.413614,1.582456,134.139999,Square
1.125136,1.305708,0.514061,1.489839,1.469099,2.188720,0.420123,1.562586,133.979507,Square
1.163713,1.288902,0.515042,1.506390,1.499911,2.259452,0.410773,1.549311,134.347153,Square
1.129731,1.278740,0.488270,1.601613,1.444633,2.313742,0.421783,1.574444,126.020668,Square
1.185031,1.297480,0.513732,1.500249,1.537553,2.306712,0.414788,1.557079,133.621216,Square
1.126465,1.301021,0.490640,1.566579,1.465555,2.295909,0.427495,1.588225,133.499527,Square
1.169972,1.312474,0.522307,1.458758,1.535559,2.240008,0.416451,1.557357,135.939163,Square
1.221895,1.315181,0.512321,1.484131,1.607012,2.385017,0.413735,1.571496,133.859528,Square
1.102616,1.345979,0.519588,1.429889,1.484099,2.122096,0.423746,1.584106,134.760101,Square
1.261467,1.294560,0.480690,1.606989,1.633045,2.624286,0.403267,1.595974,132.795441,Square
1.110948,1.267175,0.510792,1.544965,1.407766,2.174949,0.436668,1.538522,134.879395,Square
1.273821,1.307557,0.463865,1.648722,1.665594,2.746101,0.421589,1.627803,134.136734,Square
1.225765,1.259519,0.489993,1.620337,1.543874,2.501596,0.424290,1.557697,127.433212,Square
1.044802,1.327501,0.486583,1.548133,1.386976,2.147223,0.428055,1.613062,127.724503,Square
1.177642,1.332899,0.508103,1.476561,1.569677,2.317724,0.414424,1.589387,132.554276,Square
1.188472,1.312711,0.511904,1.488136,1.560120,2.321671,0.410012,1.570246,137.664093,Square
1.192540,1.350888,0.500444,1.479192,1.610989,2.382962,0.413592,1.611996,135.077408,Square
1.151356,1.312273,0.506349,1.504963,1.510893,2.273838,0.407094,1.576807,132.047409,Square
1.152689,1.348766,0.492583,1.505163,1.554707,2.340088,0.403119,1.620743,134.251923,Square
1.163804,1.324339,0.495403,1.524200,1.541271,2.349205,0.397970,1.599364,133.707947,Square
1.254230,1.331465,0.534657,1.404736,1.669963,2.345858,0.413736,1.555561,139.378601,Square
1.131511,1.352883,0.504832,1.464176,1.530802,2.241363,0.404507,1.607725,131.266312,Square
1.189136,1.334479,0.511635,1.464629,1.586877,2.324186,0.408563,1.586053,137.353775,Square
1.244801,1.345775,0.515705,1.440875,1.675222,2.413786,0.413623,1.588852,136.910843,Square
1.098006,1.337420,0.498885,1.498760,1.468495,2.200921,0.399384,1.604373,133.848190,Square
1.174746,1.337307,0.514742,1.452711,1.570996,2.282203,0.414849,1.584141,133.795624,Square
1.186415,1.322547,0.531213,1.423379,1.569089,2.233408,0.420892,1.553604,136.248840,Square
1.257842,1.339773,0.524360,1.423440,1.685223,2.398813,0.415948,1.573867,135.790100,Square
1.170583,1.372248,0.537375,1.356094,1.606330,2.178334,0.426250,1.579646,136.929459,Square
1.178743,1.343205,0.501096,1.485718,1.583294,2.352328,0.410218,1.605672,133.586670,Square
1.127320,1.288307,0.522710,1.484978,1.452334,2.156684,0.457613,1.539738,131.626282,Square
1.131748,1.342348,0.532305,1.399505,1.519200,2.126128,0.425900,1.565842,134.080704,Square
1.119077,1.315219,0.504138,1.508178,1.471831,2.219784,0.409765,1.581694,131.259659,Square
1.175598,1.327531,0.469275,1.605196,1.560644,2.505140,0.397612,1.635922,132.360840,Square
1.140577,1.317679,0.494080,1.536008,1.502914,2.308488,0.420130,1.596182,135.333115,Square
1.149546,1.335596,0.513659,1.457639,1.535329,2.237955,0.411637,1.584298,136.475601,Square
1.227477,1.323876,0.493114,1.531811,1.625026,2.489233,0.413170,1.601958,136.197845,Square
1.195322,1.366458,0.511476,1.430797,1.633357,2.337003,0.416546,1.608628,137.325104,Square
1.144131,1.290066,0.506193,1.531343,1.476004,2.260268,0.411702,1.560858,131.770050,Square
1.221332,1.359688,0.544064,1.351796,1.660631,2.244833,0.407734,1.563078,138.716965,Square
1.131994,1.344982,0.538097,1.381729,1.522513,2.103701,0.412195,1.560548,139.635284,Square
1.226569,1.303415,0.500503,1.532888,1.598728,2.450671,0.403970,1.577637,133.563766,Square
1.132457,1.345859,0.525659,1.413501,1.524128,2.154357,0.402525,1.576443,136.951553,Square
1.188283,1.307188,0.497030,1.539145,1.553310,2.390770,0.418666,1.584748,131.375351,Square
1.179671,1.323229,0.489713,1.543203,1.560975,2.408901,0.403947,1.605858,137.322540,Square
1.217589,1.292589,0.504081,1.534755,1.573842,2.415462,0.416126,1.565286,134.415756,Square
1.144249,1.296504,0.501093,1.539245,1.483524,2.283507,0.414049,1.571836,130.314819,Square
1.178136,1.321851,0.525308,1.440137,1.557320,2.242755,0.418739,1.560278,134.467865,Square
1.181946,1.368561,0.511159,1.429485,1.617565,2.312286,0.414751,1.610496,133.621078,Square
1.190652,1.312681,0.505973,1.505613,1.562947,2.353193,0.407202,1.577570,134.457458,Square
1.293755,1.309954,0.513423,1.486855,1.694759,2.519861,0.438443,1.566405,139.569672,Square
1.176999,1.327899,0.505226,1.490559,1.562936,2.329649,0.413436,1.589452,137.904526,Square
1.130234,1.290120,0.492105,1.575116,1.458136,2.296734,0.423142,1.578250,127.566177,Square
1.171468,1.268971,0.494435,1.593820,1.486558,2.369307,0.402452,1.559484,132.698578,Square
1.217113,1.315211,0.517168,1.470189,1.600761,2.353421,0.427816,1.565556,132.548676,Square
1.235017,1.328232,0.521007,1.445050,1.640388,2.370443,0.417403,1.569997,136.220673,Square
1.114745,1.334175,0.525850,1.425363,1.487266,2.119894,0.423528,1.568165,132.648560,Square
1.210684,1.323678,0.519075,1.455417,1.602556,2.332386,0.410095,1.569186,136.448013,Square
1.129252,1.295719,0.482385,1.599911,1.463192,2.340977,0.427339,1.594697,128.487244,Square
1.222688,1.316778,0.515104,1.474324,1.610009,2.373675,0.421981,1.569202,137.545746,Square
1.222833,1.313462,0.510838,1.490387,1.606144,2.393777,0.409728,1.572098,134.989792,Square
1.168185,1.302629,0.514033,1.493441,1.521713,2.272588,0.412587,1.560414,135.609467,Square
1.146374,1.327297,0.501973,1.500900,1.521579,2.283738,0.405799,1.593139,133.142258,Square
1.140063,1.335428,0.516824,1.448894,1.522472,2.205900,0.393652,1.580218,133.010208,Square
1.156920,1.308843,0.523713,1.458877,1.514227,2.209071,0.410986,1.553101,135.796616,Square
1.175653,1.289179,0.493406,1.572107,1.515628,2.382729,0.412450,1.575928,128.856827,Square
1.176469,1.303150,0.514251,1.492212,1.533115,2.287733,0.410527,1.560522,134.837631,Square
1.102284,1.353513,0.504027,1.465830,1.491955,2.186952,0.409450,1.609210,134.577713,Square
1.173103,1.363937,0.517389,1.417059,1.600039,2.267350,0.401756,1.599283,136.662506,Square
1.221388,1.305598,0.503555,1.521051,1.594641,2.425529,0.425530,1.575438,137.812698,Square
1.129252,1.295719,0.482385,1.599911,1.463192,2.340977,0.427339,1.594697,128.487244,Square
1.146790,1.360314,0.523018,1.405543,1.559994,2.192640,0.395530,1.589645,138.286438,Square
1.201632,1.322354,0.535991,1.410896,1.588982,2.241888,0.412644,1.547726,138.243774,Square
1.167211,1.342138,0.492385,1.513204,1.566558,2.370523,0.419257,1.616207,133.884750,Square
1.158434,1.327853,0.523007,1.439933,1.538229,2.214947,0.410976,1.567272,136.284531,Square
1.173929,1.318149,0.470263,1.613225,1.547414,2.496326,0.407207,1.627468,129.316711,Square
1.188829,1.372472,0.530014,1.374703,1.631634,2.243012,0.401030,1.589034,135.170013,Square
1.120734,1.278201,0.504131,1.551876,1.432523,2.223099,0.411829,1.554629,128.912018,Square
1.154297,1.291158,0.498534,1.553551,1.490380,2.315381,0.419268,1.571051,133.950089,Square
1.191077,1.356206,0.519842,1.418413,1.615346,2.291228,0.402644,1.590845,137.629120,Square
1.168193,1.342893,0.511092,1.457002,1.568758,2.285683,0.403752,1.592670,135.460648,Square
1.159207,1.301624,0.495025,1.551984,1.508852,2.341714,0.414328,1.583161,133.886856,Square
1.231174,1.300791,0.501272,1.533626,1.601499,2.456100,0.415010,1.574760,136.956604,Square
1.151663,1.310432,0.493929,1.544973,1.509176,2.331637,0.401574,1.591044,128.149170,Square
1.249670,1.356526,0.527637,1.397129,1.695211,2.368428,0.426739,1.581260,141.518494,Square
1.166702,1.334754,0.498151,1.503966,1.557259,2.342065,0.429462,1.603396,133.209488,Square
1.087561,1.357691,0.483541,1.523232,1.476572,2.249162,0.403459,1.639230,132.517624,Square
1.182602,1.292868,0.502546,1.539111,1.528949,2.353221,0.425816,1.567373,133.373337,Square
1.132209,1.300177,0.479867,1.602790,1.472071,2.359421,0.433755,1.601289,129.958038,Square
1.210769,1.383377,0.546470,1.322797,1.674950,2.215618,0.408014,1.575624,142.136002,Square
1.138540,1.288266,0.494220,1.570629,1.466743,2.303710,0.410508,1.574236,129.523651,Square
1.149277,1.306000,0.501546,1.526673,1.500955,2.291468,0.404316,1.578230,133.211151,Square
1.123447,1.324159,0.524698,1.439297,1.487623,2.141131,0.410409,1.562630,136.123535,Square
1.144099,1.316676,0.494783,1.534993,1.506408,2.312326,0.418963,1.594552,133.495300,Square
1.148923,1.338121,0.486505,1.536093,1.537398,2.361586,0.425368,1.620980,132.486343,Square
1.212566,1.324744,0.518197,1.456710,1.606340,2.339972,0.416231,1.571018,134.218811,Square
1.167735,1.316941,0.510168,1.488404,1.537838,2.288924,0.426084,1.575420,129.921677,Square
1.164508,1.317682,0.501124,1.514412,1.534451,2.323791,0.407399,1.587260,134.526947,Square
1.126465,1.301021,0.490640,1.566579,1.465555,2.295909,0.427495,1.588225,133.499527,Square
1.056175,1.352461,0.508822,1.453147,1.428435,2.075727,0.419983,1.602288,135.523193,Square
1.119007,1.307910,0.477858,1.600011,1.463560,2.341712,0.397107,1.609740,129.829941,Square
1.148541,1.320657,0.491768,1.539747,1.516828,2.335531,0.398470,1.601323,129.916153,Square
1.164739,1.304676,0.525364,1.458938,1.519607,2.217012,0.412868,1.548181,133.818451,Square
1.148326,1.330925,0.503305,1.492846,1.528336,2.281569,0.408303,1.594054,133.817490,Square
1.178480,1.322128,0.489720,1.544466,1.558102,2.406435,0.410047,1.605037,132.390030,Square
1.154353,1.287024,0.493752,1.573635,1.485681,2.337919,0.397246,1.573888,131.050278,Square
1.126005,1.302747,0.511385,1.501038,1.466899,2.201871,0.429751,1.563729,137.594559,Square
1.204980,1.292254,0.500340,1.546632,1.557141,2.408325,0.408855,1.569636,131.843842,Square
1.186208,1.317718,0.506771,1.497496,1.563088,2.340718,0.417047,1.580204,134.036758,Square
1.139773,1.304087,0.524223,1.462775,1.486362,2.174213,0.417303,1.549135,132.097656,Square
1.150086,1.313789,0.490078,1.553133,1.510970,2.346738,0.417511,1.598420,127.776276,Square
1.156279,1.320851,0.494294,1.531656,1.527272,2.339255,0.399556,1.598234,132.570557,Square
1.160520,1.330407,0.488988,1.537154,1.543964,2.373310,0.393449,1.612074,129.645264,Square
1.147514,1.319819,0.499201,1.517786,1.514511,2.298703,0.420563,1.591241,127.234085,Square
1.166702,1.334754,0.498151,1.503966,1.557259,2.342065,0.429462,1.603396,133.209488,Square
1.112666,1.276467,0.504906,1.551600,1.420281,2.203707,0.439991,1.552410,131.388077,Square
1.176256,1.346732,0.520461,1.426694,1.584102,2.260029,0.408294,1.583533,134.566528,Square
1.179638,1.331253,0.507724,1.479489,1.570397,2.323385,0.424940,1.588694,133.263809,Square
1.171014,1.324471,0.492963,1.531591,1.550975,2.375459,0.412596,1.602587,126.622475,Square
1.200592,1.337165,0.516787,1.447116,1.605389,2.323185,0.396102,1.581480,134.803574,Square
1.266021,1.322577,0.520572,1.452438,1.674411,2.431978,0.405193,1.566573,133.458282,Square
1.208786,1.306799,0.487391,1.570053,1.579640,2.480118,0.414764,1.596654,131.898590,Square
1.167267,1.260983,0.493927,1.605566,1.471904,2.363238,0.436898,1.554052,129.861526,Square
1.220754,1.325805,0.512055,1.473004,1.618481,2.384029,0.410615,1.579387,136.373611,Square
1.166207,1.328710,0.510792,1.473416,1.549552,2.283134,0.404118,1.583028,134.784805,Square
1.167947,1.335437,0.489575,1.529527,1.559719,2.385633,0.398790,1.614995,132.679108,Square
1.211687,1.341947,0.532641,1.399039,1.626019,2.274864,0.412659,1.565157,135.001236,Square
1.170642,1.318373,0.511343,1.483371,1.543343,2.289350,0.411197,1.574985,133.848282,Square
1.165319,1.304770,0.492763,1.555349,1.520473,2.364866,0.407465,1.588333,131.355499,Square
1.217138,1.289826,0.525900,1.474231,1.569896,2.314389,0.428115,1.537044,136.608597,Square
1.171915,1.307276,0.501984,1.523853,1.532017,2.334567,0.406633,1.578615,128.443512,Square
1.159699,1.323481,0.511578,1.476966,1.534839,2.266905,0.408722,1.578331,133.593735,Square
1.170995,1.327923,0.503215,1.496490,1.554992,2.327029,0.390687,1.592014,132.481018,Square
1.154541,1.320315,0.507562,1.492223,1.524358,2.274681,0.421893,1.581082,133.543137,Square
1.271719,1.289046,0.482983,1.606200,1.639305,2.633051,0.402811,1.588877,130.970566,Square
1.144249,1.296504,0.501093,1.539245,1.483524,2.283507,0.414049,1.571836,130.314819,Square
1.159980,1.293030,0.504720,1.532291,1.499889,2.298266,0.414790,1.564826,132.600235,Square
1.216513,1.301221,0.484959,1.584689,1.582952,2.508486,0.408188,1.595573,134.270401,Square
1.249326,1.298597,0.506809,1.519433,1.622371,2.465084,0.422447,1.566329,137.883163,Square
1.166070,1.318975,0.475504,1.594446,1.538016,2.452284,0.407252,1.621181,128.046707,Square
1.185152,1.327479,0.513043,1.468314,1.573263,2.310045,0.415063,1.579342,136.174744,Square
1.164735,1.313849,0.509168,1.494835,1.530286,2.287524,0.407111,1.574442,132.796326,Square
1.187486,1.335873,0.544867,1.373865,1.586331,2.179406,0.412594,1.546263,136.813904,Square
1.178088,1.294862,0.480889,1.605950,1.525461,2.449815,0.427959,1.595951,130.819702,Square
1.277918,1.352552,0.499058,1.481476,1.728451,2.560659,0.397139,1.614985,133.317902,Square
1.168069,1.333974,0.500378,1.498146,1.558174,2.334373,0.396755,1.599977,138.489380,Square
1.163275,1.366919,0.547199,1.336941,1.590102,2.125873,0.419247,1.564001,138.930023,Square
1.174972,1.299746,0.482751,1.593742,1.527165,2.433908,0.418002,1.597276,129.905899,Square
1.152037,1.323506,0.510610,1.479737,1.524728,2.256196,0.415836,1.579555,136.510086,Square
1.175439,1.366065,0.525725,1.392419,1.605725,2.235842,0.402982,1.590135,140.858521,Square
1.172214,1.301430,0.509630,1.507732,1.525554,2.300127,0.413973,1.564926,134.136688,Square
1.223051,1.297458,0.500044,1.541340,1.586858,2.445888,0.410761,1.573835,132.686630,Square
1.083422,1.265780,0.474460,1.665108,1.371374,2.283486,0.432101,1.581670,123.623535,Square
1.188936,1.312321,0.472148,1.613920,1.560266,2.518143,0.405053,1.620540,132.798645,Square
1.216824,1.349974,0.520003,1.424519,1.642680,2.340029,0.409809,1.586346,138.857269,Square
1.125229,1.298910,0.502514,1.532050,1.461571,2.239200,0.420677,1.571845,133.611847,Square
1.135993,1.365104,0.509544,1.437649,1.550748,2.229433,0.414529,1.610191,135.982086,Square
1.178151,1.316010,0.523616,1.451202,1.550459,2.250029,0.415423,1.558253,132.731079,Square
1.108617,1.318699,0.474000,1.599837,1.461932,2.338853,0.406581,1.622951,126.173836,Square
1.230689,1.307156,0.512757,1.491972,1.608703,2.400141,0.416477,1.565219,138.281189,Square
1.177329,1.332118,0.530423,1.415255,1.568341,2.219603,0.423437,1.561149,135.651016,Square
1.191198,1.345919,0.502056,1.479887,1.603256,2.372638,0.416508,1.606370,135.346436,Square
1.145924,1.290963,0.506307,1.529934,1.479345,2.263301,0.411812,1.561375,131.852173,Square
1.152037,1.323506,0.510610,1.479737,1.524728,2.256196,0.415836,1.579555,136.510086,Square
1.205910,1.336429,0.505960,1.478898,1.611614,2.383412,0.407359,1.594614,135.385773,Square
1.130956,1.371112,0.495379,1.472276,1.550668,2.283010,0.411747,1.633033,137.457321,Square
1.178054,1.355449,0.492377,1.498371,1.596792,2.392586,0.413754,1.625832,135.129654,Square
1.129330,1.313213,0.506099,1.504629,1.483051,2.231441,0.408063,1.577797,133.386993,Square
1.225796,1.278183,0.498983,1.567909,1.566791,2.456586,0.434594,1.560861,132.576614,Square
1.203856,1.334692,0.490476,1.527570,1.606777,2.454464,0.407085,1.613277,132.937958,Square
1.105433,1.357512,0.555641,1.325751,1.500639,1.989474,0.416714,1.547649,138.628418,Square
1.112377,1.337343,0.501704,1.490422,1.487630,2.217196,0.410034,1.600698,134.069687,Square
1.208901,1.330115,0.510669,1.472214,1.607978,2.367288,0.418669,1.584179,137.552429,Square
1.191050,1.362096,0.522339,1.405528,1.622325,2.280223,0.427041,1.591721,141.073608,Square
1.125135,1.359310,0.532271,1.382130,1.529408,2.113840,0.417732,1.577364,135.943024,Square
1.130659,1.337808,0.512116,1.459615,1.512604,2.207819,0.412238,1.587797,133.791992,Square
1.091084,1.336589,0.491036,1.523663,1.458331,2.222005,0.400164,1.613933,131.566620,Square
1.175650,1.319272,0.500534,1.514370,1.551001,2.348791,0.402327,1.589158,133.541946,Square
1.037092,1.355896,0.493055,1.495815,1.406188,2.103397,0.422449,1.625256,130.653076,Square
1.091646,1.298598,0.511176,1.506450,1.417610,2.135558,0.420373,1.560991,131.889236,Square
1.217243,1.311214,0.486048,1.569089,1.596065,2.504369,0.425176,1.601666,133.428970,Square
1.257050,1.258915,0.489356,1.623225,1.582519,2.568785,0.420595,1.558007,135.176422,Square
1.213250,1.326396,0.492296,1.531442,1.609250,2.464473,0.409539,1.604855,134.876953,Square
1.174919,1.361947,0.505646,1.452090,1.600177,2.323601,0.398174,1.613048,136.114426,Square
1.209750,1.305283,0.511244,1.498535,1.579066,2.366287,0.403003,1.565727,134.995224,Square
1.211452,1.322409,0.513487,1.472669,1.602035,2.359267,0.425336,1.575197,138.656860,Square
1.143394,1.310374,0.485078,1.573232,1.498273,2.357132,0.420033,1.602282,129.835846,Square
1.174351,1.331316,0.512860,1.464603,1.563432,2.289807,0.422426,1.582283,131.972839,Square
1.107650,1.235384,0.495258,1.634429,1.368374,2.236509,0.443387,1.532892,131.299377,Square
1.224512,1.292333,0.496539,1.558375,1.582477,2.466093,0.409244,1.574389,133.076202,Square
1.143842,1.339010,0.519433,1.437761,1.531615,2.202097,0.395399,1.579463,135.262589,Square
1.225109,1.338123,0.501123,1.491282,1.639347,2.444728,0.419009,1.602002,133.650238,Square
1.211982,1.305680,0.511827,1.496373,1.582461,2.367952,0.409450,1.565299,138.119659,Square
1.217131,1.353624,0.529052,1.396380,1.647538,2.300590,0.404276,1.577525,138.502747,Square
1.149196,1.323222,0.506427,1.492280,1.520642,2.269225,0.406175,1.584588,135.561279,Square
1.166145,1.335273,0.505231,1.482314,1.557122,2.308145,0.406924,1.594717,133.254395,Square
1.216983,1.339748,0.527105,1.416052,1.630451,2.308804,0.413342,1.570457,136.299271,Square
1.169728,1.319903,0.468089,1.618563,1.543927,2.498943,0.409081,1.631693,129.608582,Square
1.142414,1.324198,0.497983,1.516466,1.512782,2.294082,0.411224,1.595969,133.398819,Square
1.174993,1.327190,0.501885,1.501284,1.559440,2.341161,0.399541,1.593173,131.918716,Square
1.147283,1.322903,0.525818,1.437595,1.517745,2.181902,0.418713,1.560390,135.475906,Square
1.207378,1.308241,0.499731,1.529594,1.579541,2.416055,0.421182,1.582133,133.753433,Square
1.174089,1.302033,0.491875,1.561431,1.528703,2.386964,0.404219,1.587421,131.929276,Square
1.162863,1.364504,0.524483,1.397312,1.586732,2.217160,0.410714,1.590647,134.305618,Square
1.164731,1.319575,0.510062,1.485740,1.536949,2.283507,0.425963,1.577434,135.478226,Square
1.183318,1.348797,0.524415,1.413768,1.596056,2.256453,0.401083,1.580008,136.722351,Square
1.216446,1.327987,0.506160,1.487710,1.615424,2.403283,0.413097,1.588336,133.848785,Square
1.085224,1.362235,0.498118,1.473723,1.478330,2.178649,0.409031,1.623106,137.685074,Square
1.127320,1.288307,0.522710,1.484978,1.452334,2.156684,0.457613,1.539738,131.626282,Square
1.133643,1.355075,0.490584,1.504263,1.536171,2.310805,0.404386,1.627935,132.709335,Square
1.198332,1.334950,0.494870,1.513715,1.599713,2.421509,0.407799,1.607767,137.383530,Square
1.150194,1.292064,0.496651,1.558349,1.486125,2.315901,0.398827,1.574052,129.441116,Square
1.220026,1.346872,0.549009,1.352366,1.643218,2.222232,0.426649,1.548623,137.602448,Square
1.100852,1.371773,0.497168,1.466271,1.510120,2.214244,0.408614,1.631119,132.812088,Square
1.201676,1.308008,0.507701,1.505850,1.571802,2.366899,0.412749,1.572053,135.922501,Square
1.179852,1.292787,0.465490,1.661738,1.525297,2.534644,0.405078,1.614189,131.461090,Square
1.187741,1.316519,0.479384,1.584490,1.563682,2.477640,0.412891,1.614253,134.674026,Square
1.149226,1.339183,0.508802,1.467611,1.539023,2.258688,0.422401,1.592957,136.278183,Square
1.232093,1.355036,0.521769,1.414396,1.669530,2.361376,0.411259,1.587608,137.360245,Square
1.205785,1.372357,0.516354,1.411189,1.654767,2.335190,0.413184,1.606391,137.316116,Square
1.174372,1.288504,0.514266,1.509129,1.513183,2.283588,0.403355,1.549955,131.501205,Square
1.235125,1.344350,0.496921,1.496926,1.660441,2.485558,0.415566,1.611896,134.848969,Square
1.204576,1.312760,0.516178,1.475757,1.581319,2.333643,0.411312,1.565028,137.110916,Square
1.207989,1.327563,0.529244,1.423276,1.603682,2.282483,0.418307,1.559450,139.342087,Square
1.165429,1.314360,0.522650,1.455709,1.531794,2.229846,0.413324,1.558268,133.903885,Square
1.139685,1.332035,0.500847,1.498923,1.518100,2.275515,0.407583,1.597983,132.113678,Square
1.200840,1.346475,0.512177,1.450044,1.616902,2.344579,0.410251,1.593807,140.276001,Oval
1.222314,1.388469,0.524151,1.374065,1.697145,2.331988,0.408291,1.607240,138.940536,Oval
1.252824,1.398062,0.518495,1.379523,1.751526,2.416270,0.409075,1.621047,143.514023,Oval
1.215984,1.329412,0.492290,1.527986,1.616543,2.470055,0.426347,1.607068,135.598831,Oval
1.217071,1.367552,0.493636,1.481322,1.664408,2.465523,0.419934,1.632827,140.531982,Oval
1.197397,1.354355,0.515263,1.432973,1.621701,2.323854,0.413560,1.595377,135.047882,Oval
1.216392,1.334929,0.518102,1.445860,1.623797,2.347783,0.433357,1.578275,137.761108,Oval
1.201060,1.304726,0.499180,1.535406,1.567054,2.406064,0.427140,1.580247,137.638779,Oval
1.182070,1.350276,0.520240,1.423554,1.596122,2.272165,0.417363,1.586258,139.207291,Oval
1.153909,1.412423,0.528137,1.340568,1.629807,2.184866,0.413862,1.617939,141.371094,Oval
1.217583,1.351954,0.509743,1.451065,1.646117,2.388623,0.429802,1.600752,140.693756,Oval
1.208651,1.370131,0.504403,1.446974,1.656011,2.396204,0.408912,1.620404,138.080124,Oval
1.206484,1.313990,0.491522,1.548337,1.585308,2.454590,0.413459,1.596727,134.532028,Oval
1.197253,1.323574,0.504543,1.497456,1.584653,2.372947,0.425762,1.587210,139.766907,Oval
1.236761,1.316185,0.487700,1.557866,1.627807,2.535906,0.412856,1.603243,135.150787,Oval
1.236802,1.319007,0.495381,1.530430,1.631351,2.496668,0.418380,1.595498,135.721130,Oval
1.184091,1.398584,0.536483,1.332770,1.656051,2.207135,0.415423,1.598092,140.401810,Oval
1.259167,1.367301,0.533534,1.370798,1.721661,2.360050,0.445204,1.581150,144.000381,Oval
1.279689,1.310481,0.524347,1.455295,1.677008,2.440541,0.439612,1.553488,136.064758,Oval
1.181507,1.358883,0.539454,1.364154,1.605529,2.190188,0.414311,1.568193,139.633362,Oval
1.204546,1.375124,0.534278,1.361103,1.656399,2.254530,0.417855,1.585433,140.108154,Oval
1.184152,1.330166,0.503429,1.493330,1.575118,2.352171,0.414731,1.593352,137.239548,Oval
1.192203,1.370336,0.522254,1.397303,1.633718,2.282800,0.419778,1.597441,138.298767,Oval
1.215176,1.371292,0.528736,1.379213,1.666361,2.298267,0.412569,1.589856,143.256836,Oval
1.196281,1.314920,0.501868,1.515345,1.573014,2.383659,0.401524,1.584321,135.212234,Oval
1.208043,1.320270,0.506069,1.496675,1.594943,2.387111,0.423039,1.582917,137.901093,Oval
1.193722,1.365308,0.514828,1.422679,1.629799,2.318681,0.431662,1.603510,142.074905,Oval
1.221050,1.344153,0.510932,1.456089,1.641277,2.389847,0.432124,1.593758,139.117340,Oval
1.183103,1.380509,0.525783,1.377699,1.633285,2.250175,0.420420,1.599804,141.556366,Oval
1.211651,1.354526,0.484615,1.523407,1.641213,2.500236,0.403729,1.635483,138.048477,Oval
1.139251,1.345558,0.533391,1.393322,1.532928,2.135863,0.410396,1.566689,139.913040,Oval
1.221863,1.404549,0.495317,1.437407,1.716166,2.466829,0.393646,1.656603,137.919632,Oval
1.213231,1.334316,0.507148,1.477768,1.618834,2.392260,0.436898,1.591602,134.264023,Oval
1.160433,1.346463,0.529342,1.403037,1.562480,2.192217,0.409908,1.572292,138.302887,Oval
1.204872,1.342597,0.497486,1.497179,1.617657,2.421921,0.415516,1.609903,136.669022,Oval
1.223564,1.366998,0.551605,1.326184,1.672609,2.218187,0.412874,1.558682,142.958374,Oval
1.208971,1.388207,0.527924,1.364503,1.678302,2.290048,0.417133,1.602208,140.545242,Oval
1.219254,1.385137,0.507514,1.422523,1.688834,2.402405,0.416241,1.626724,140.035538,Oval
1.228303,1.378053,0.516419,1.405178,1.692667,2.378500,0.418590,1.610201,138.494736,Oval
1.218025,1.360558,0.512471,1.434213,1.657194,2.376768,0.405680,1.603253,138.928833,Oval
1.144437,1.345021,0.506262,1.468573,1.539292,2.260563,0.430480,1.600326,138.031586,Oval
1.203137,1.317188,0.512395,1.481657,1.584757,2.348067,0.408181,1.572837,137.233566,Oval
1.143611,1.371404,0.523462,1.392994,1.568353,2.184707,0.395209,1.596625,140.092010,Oval
1.242842,1.308081,0.483187,1.582158,1.625737,2.572172,0.424588,1.602993,142.052078,Oval
1.252033,1.308399,0.481792,1.586355,1.638158,2.598700,0.415315,1.605027,133.728836,Oval
1.223589,1.333949,0.489106,1.532703,1.632206,2.501687,0.420190,1.614518,137.248825,Oval
1.310807,1.321253,0.503042,1.504559,1.731907,2.605757,0.434913,1.587428,145.179642,Oval
1.153578,1.374291,0.537730,1.353184,1.585352,2.145274,0.418673,1.580556,142.971298,Oval
1.147537,1.358100,0.507690,1.450339,1.558470,2.260310,0.408555,1.607700,138.970200,Oval
1.200444,1.371213,0.527300,1.383049,1.646065,2.276588,0.409654,1.591621,140.530869,Oval
1.192328,1.339470,0.512977,1.455354,1.597088,2.324329,0.430750,1.587880,133.345978,Oval
1.188991,1.343262,0.479614,1.552199,1.597126,2.479057,0.398216,1.633893,134.767685,Oval
1.242455,1.363117,0.501926,1.461595,1.693612,2.475374,0.413162,1.618726,136.985352,Oval
1.254972,1.350575,0.504940,1.466364,1.694934,2.485390,0.413459,1.605955,137.529892,Oval
1.137762,1.352467,0.519159,1.424206,1.538786,2.191549,0.421523,1.589132,138.149170,Oval
1.216696,1.316450,0.506760,1.498971,1.601719,2.400931,0.404006,1.579306,136.482895,Oval
1.197328,1.352542,0.498601,1.482846,1.619436,2.401375,0.424192,1.615575,141.158508,Oval
1.209369,1.347337,0.521593,1.422957,1.629428,2.318606,0.413049,1.582532,139.612045,Oval
1.197933,1.346369,0.514820,1.442713,1.612860,2.326895,0.413890,1.590383,136.618820,Oval
1.181087,1.319126,0.506763,1.495923,1.558002,2.330652,0.429925,1.581227,138.053497,Oval
1.187252,1.379005,0.539766,1.343472,1.637226,2.199567,0.415310,1.581119,140.588699,Oval
1.198960,1.369731,0.517614,1.410453,1.642253,2.316321,0.415663,1.602970,141.205307,Oval
1.237915,1.370377,0.511814,1.425766,1.696410,2.418684,0.419651,1.610903,139.887543,Oval
1.243054,1.348993,0.499158,1.485088,1.676872,2.490303,0.412424,1.612316,135.703842,Oval
1.194045,1.386509,0.514498,1.401824,1.655555,2.320797,0.417681,1.618472,140.349548,Oval
1.233945,1.372224,0.527922,1.380402,1.693248,2.337363,0.426178,1.591513,141.460464,Oval
1.212976,1.356168,0.496039,1.486521,1.644999,2.445325,0.415479,1.621520,137.166077,Oval
1.182112,1.357708,0.486160,1.515006,1.604963,2.431529,0.384154,1.635731,135.218277,Oval
1.215905,1.358329,0.507085,1.451825,1.651598,2.397832,0.414456,1.608643,136.652557,Oval
1.225186,1.364071,0.522765,1.402351,1.671241,2.343667,0.415191,1.592529,138.728378,Oval
1.214512,1.388863,0.520196,1.384120,1.686791,2.334721,0.414543,1.612631,140.847870,Oval
1.264327,1.389159,0.505741,1.423376,1.756351,2.499949,0.410849,1.631852,136.655548,Oval
1.186114,1.408014,0.535817,1.325490,1.670065,2.213655,0.409032,1.605088,141.076599,Oval
1.186125,1.336408,0.516988,1.447373,1.585146,2.294297,0.408666,1.580699,136.237122,Oval
1.219208,1.402848,0.551488,1.292568,1.710363,2.210759,0.413273,1.581873,143.316650,Oval
1.266775,1.301031,0.513604,1.496525,1.648113,2.466443,0.431078,1.559789,134.103867,Oval
1.206146,1.375034,0.519495,1.399927,1.658493,2.321768,0.407599,1.604172,137.552261,Oval
1.188099,1.353985,0.501389,1.473030,1.608668,2.369616,0.419382,1.612969,139.128723,Oval
1.274579,1.353097,0.513755,1.438517,1.724629,2.480909,0.419023,1.596424,140.516037,Oval
1.199170,1.386662,0.547974,1.316042,1.662843,2.188372,0.419939,1.575883,140.732727,Oval
1.233529,1.354376,0.504470,1.463610,1.670662,2.445198,0.399757,1.609247,133.763504,Oval
1.183975,1.360125,0.485302,1.514988,1.610355,2.439668,0.408783,1.638635,136.236160,Oval
1.293740,1.363625,0.480926,1.524849,1.764176,2.690102,0.420760,1.647086,140.915298,Oval
1.242442,1.339109,0.522306,1.429747,1.663766,2.378764,0.408178,1.575956,139.201569,Oval
1.203455,1.322770,0.509417,1.484028,1.591894,2.362415,0.413413,1.580519,136.956909,Oval
1.147275,1.362721,0.524481,1.399147,1.563417,2.187450,0.416383,1.589438,140.061966,Oval
1.203279,1.307893,0.504389,1.515869,1.573760,2.385615,0.431764,1.576071,136.868973,Oval
1.185575,1.361526,0.514346,1.427970,1.614191,2.305017,0.411553,1.601517,135.652985,Oval
1.243583,1.374287,0.494413,1.471747,1.709040,2.515273,0.403194,1.636577,134.773132,Oval
1.174872,1.327334,0.502954,1.497929,1.559447,2.335941,0.418406,1.591920,134.237152,Oval
1.188749,1.297288,0.481156,1.602056,1.542150,2.470610,0.409276,1.597450,133.530121,Oval
1.212870,1.362554,0.521950,1.406104,1.652602,2.323729,0.411707,1.592527,138.583511,Oval
1.189147,1.334311,0.471271,1.590274,1.586692,2.523274,0.415075,1.638375,137.218414,Oval
1.226342,1.349564,0.519542,1.426218,1.655027,2.360429,0.414203,1.586644,137.864578,Oval
1.181105,1.377476,0.519543,1.397315,1.626944,2.273354,0.424657,1.605770,140.412918,Oval
1.173546,1.391997,0.494523,1.452698,1.633572,2.373088,0.416479,1.648920,136.561630,Oval
1.211830,1.331539,0.513542,1.462413,1.613600,2.359750,0.419012,1.581587,139.488647,Oval
1.153152,1.348941,0.508564,1.457677,1.555535,2.267467,0.419994,1.600146,141.562149,Oval
1.264928,1.338111,0.500822,1.492190,1.692614,2.525702,0.403046,1.602378,132.232452,Oval
1.253171,1.361310,0.493147,1.489589,1.705955,2.541173,0.411112,1.629019,142.011230,Oval
1.224375,1.328738,0.508969,1.478663,1.626874,2.405599,0.420335,1.585335,139.268784,Oval
1.252125,1.336239,0.489689,1.528252,1.673139,2.556978,0.414617,1.615433,136.666824,Oval
1.191800,1.414458,0.537354,1.315676,1.685751,2.217902,0.405603,1.607279,140.844788,Oval
1.234938,1.359731,0.523967,1.403600,1.679183,2.356902,0.416005,1.588050,142.522873,Oval
1.189154,1.363774,0.527072,1.391195,1.621736,2.256151,0.425935,1.586884,140.758194,Oval
1.181087,1.319126,0.506763,1.495923,1.558002,2.330652,0.429925,1.581227,138.053497,Oval
1.254258,1.320616,0.504132,1.502031,1.656393,2.487954,0.414857,1.585596,138.892899,Oval
1.179417,1.329895,0.489487,1.536179,1.568500,2.409497,0.404846,1.611050,132.977051,Oval
1.245376,1.370731,0.526469,1.385719,1.707075,2.365527,0.423422,1.592349,139.662064,Oval
1.194264,1.367877,0.506995,1.441948,1.633607,2.355575,0.411959,1.615438,136.839478,Oval
1.215703,1.334138,0.525776,1.425602,1.621916,2.312207,0.425090,1.568229,139.148224,Oval
1.230940,1.336998,0.513186,1.457453,1.645765,2.398624,0.416257,1.585879,136.881805,Oval
1.247706,1.355065,0.526540,1.401549,1.690722,2.369631,0.423921,1.581638,140.031479,Oval
1.138166,1.382832,0.500700,1.444285,1.573893,2.273149,0.417179,1.634182,138.126862,Oval
1.245978,1.329973,0.510764,1.472098,1.657117,2.439440,0.406199,1.583959,140.332047,Oval
1.215268,1.369916,0.512064,1.425549,1.664816,2.373276,0.401768,1.610260,140.365250,Oval
1.226449,1.371526,0.521010,1.399426,1.682106,2.353983,0.415774,1.599840,137.683029,Oval
1.175516,1.383787,0.526588,1.372333,1.626664,2.232326,0.416520,1.600970,140.797394,Oval
1.211684,1.355943,0.473706,1.556859,1.642975,2.557880,0.415437,1.651255,136.976746,Oval
1.210452,1.405568,0.524525,1.356381,1.701372,2.307709,0.424551,1.618147,144.376892,Oval
1.202519,1.397027,0.552267,1.296123,1.679952,2.177424,0.430354,1.577197,144.318420,Oval
1.199779,1.360850,0.510949,1.438177,1.632720,2.348141,0.417174,1.605416,137.948288,Oval
1.180712,1.356856,0.508792,1.448524,1.602056,2.320617,0.401709,1.605406,139.864609,Oval
1.251744,1.388841,0.503075,1.431248,1.738473,2.488186,0.415800,1.635190,143.061493,Oval
1.179506,1.370134,0.518980,1.406328,1.616082,2.272741,0.411922,1.601493,142.767349,Oval
1.201581,1.383421,0.534188,1.353168,1.662292,2.249360,0.418061,1.591047,140.151993,Oval
1.232707,1.342059,0.520040,1.432819,1.654365,2.370406,0.417508,1.580823,137.344925,Oval
1.226800,1.341351,0.497836,1.497516,1.645570,2.464267,0.421209,1.608554,139.211945,Oval
1.206503,1.412759,0.548096,1.291442,1.704499,2.201262,0.427319,1.592444,143.030624,Oval
1.211144,1.339191,0.503178,1.484007,1.621952,2.406988,0.416463,1.600131,134.536514,Oval
1.239999,1.323411,0.491791,1.536470,1.641029,2.521392,0.415385,1.603316,135.182434,Oval
1.167888,1.375090,0.562355,1.293177,1.605951,2.076779,0.412562,1.550892,139.967651,Oval
1.214501,1.409239,0.520580,1.363101,1.711522,2.332977,0.417578,1.625775,142.156418,Oval
1.271159,1.367394,0.511798,1.428920,1.738174,2.483711,0.416802,1.608860,140.684189,Oval
1.164909,1.367552,0.534046,1.369234,1.593074,2.181292,0.418135,1.580678,137.776764,Oval
1.201748,1.397169,0.520054,1.376267,1.679045,2.310814,0.413328,1.618402,138.484482,Oval
1.172499,1.375962,0.550561,1.320043,1.613314,2.129644,0.404289,1.565772,140.130035,Oval
1.256003,1.335413,0.508481,1.472685,1.677282,2.470107,0.414556,1.590693,139.711334,Oval
1.169717,1.368655,0.550852,1.326391,1.600939,2.123471,0.431128,1.560676,142.280121,Oval
1.255165,1.336086,0.529031,1.414764,1.677008,2.372571,0.417065,1.565575,139.806595,Oval
1.234036,1.345479,0.526018,1.412936,1.660370,2.345997,0.420536,1.575737,136.773453,Oval
1.175713,1.414939,0.538876,1.311515,1.663562,2.181787,0.414520,1.605625,141.920486,Oval
1.180150,1.356558,0.512496,1.438371,1.600942,2.302749,0.426854,1.600441,139.684433,Oval
1.147762,1.376773,0.499995,1.452686,1.580208,2.295546,0.404010,1.630880,139.249817,Oval
1.198024,1.384088,0.527818,1.368840,1.658171,2.269770,0.415738,1.599597,139.946136,Oval
1.145357,1.349276,0.515777,1.436935,1.545403,2.220644,0.405388,1.591197,139.497787,Oval
1.207087,1.384378,0.570063,1.267133,1.671065,2.117462,0.414215,1.547497,144.114517,Oval
1.188079,1.442963,0.547940,1.264770,1.714354,2.168263,0.407750,1.611657,143.253555,Oval
1.173003,1.363180,0.548912,1.336423,1.599014,2.136958,0.424279,1.559465,141.600067,Oval
1.214775,1.320028,0.476962,1.588303,1.603536,2.546902,0.419689,1.620061,135.710144,Oval
1.202416,1.332329,0.512719,1.463891,1.602013,2.345173,0.408342,1.583174,136.977463,Oval
1.156102,1.357608,0.520628,1.414810,1.569534,2.220592,0.408967,1.590815,136.317764,Oval
1.210131,1.417391,0.546319,1.291411,1.715228,2.215064,0.432047,1.597648,146.510376,Oval
1.215062,1.331518,0.494569,1.518539,1.617878,2.456811,0.408561,1.605663,133.981949,Oval
1.142577,1.377867,0.513359,1.413745,1.574319,2.225687,0.403951,1.614051,139.889023,Oval
1.215225,1.334388,0.527650,1.420274,1.621582,2.303091,0.424230,1.566101,138.463943,Oval
1.254795,1.348220,0.500852,1.480914,1.691739,2.505320,0.419662,1.609566,139.132996,Oval
1.219351,1.340142,0.511843,1.457847,1.634104,2.382273,0.433590,1.589784,141.922226,Oval
1.234961,1.392607,0.505914,1.419367,1.719815,2.441049,0.411752,1.633998,140.930038,Oval
1.169156,1.358650,0.523801,1.405161,1.588473,2.232061,0.411396,1.587521,139.138977,Oval
1.209920,1.321367,0.491751,1.538974,1.598749,2.460433,0.409838,1.601867,136.040527,Oval
1.236453,1.376071,0.534073,1.360687,1.701447,2.315137,0.433307,1.586319,143.916992,Oval
1.149055,1.361679,0.504432,1.455870,1.564644,2.277919,0.426024,1.614440,140.228973,Oval
1.197253,1.323574,0.504543,1.497456,1.584653,2.372947,0.425762,1.587210,139.766907,Oval
1.186594,1.374300,0.526173,1.382896,1.630736,2.255138,0.422607,1.595130,140.739914,Oval
1.217779,1.396677,0.528859,1.353829,1.700845,2.302653,0.420955,1.606627,143.831711,Oval
1.156311,1.366894,0.521453,1.402975,1.580554,2.217477,0.427860,1.596120,140.077255,Oval
1.251889,1.349513,0.505159,1.466881,1.689441,2.478209,0.405166,1.604921,135.231674,Oval
1.226786,1.331835,0.498682,1.505657,1.633877,2.460058,0.412696,1.600608,134.715195,Oval
1.192675,1.309553,0.494369,1.544635,1.561871,2.412522,0.425106,1.589841,137.104294,Oval
1.208778,1.367772,0.493004,1.482981,1.653332,2.451861,0.403560,1.633827,136.334885,Oval
1.191815,1.386234,0.517036,1.395219,1.652135,2.305090,0.416619,1.614967,138.058029,Oval
1.209899,1.390944,0.527038,1.364107,1.682902,2.295660,0.420237,1.605170,141.003891,Oval
1.198178,1.321605,0.520880,1.452648,1.583518,2.300294,0.407694,1.565513,137.142548,Oval
1.200370,1.354583,0.514863,1.433846,1.626001,2.331436,0.406366,1.596045,138.383911,Oval
1.224493,1.340030,0.480402,1.553392,1.640857,2.548894,0.423892,1.630452,135.043060,Oval
1.193722,1.365308,0.514828,1.422679,1.629799,2.318681,0.431662,1.603510,142.074905,Oval
1.178096,1.356134,0.534133,1.380538,1.597655,2.205624,0.425653,1.572917,141.848541,Oval
1.255417,1.383165,0.521150,1.387277,1.736449,2.408936,0.419427,1.607549,140.306076,Oval
1.159160,1.337587,0.506935,1.474774,1.550478,2.286604,0.407912,1.594198,139.102539,Oval
1.207038,1.343293,0.505178,1.473618,1.621405,2.389331,0.416364,1.600490,137.546173,Oval
1.174854,1.342542,0.488145,1.525891,1.577290,2.406772,0.430037,1.622059,134.612030,Oval
1.169713,1.285145,0.483130,1.610588,1.503251,2.421117,0.416002,1.585726,133.363358,Oval
1.176384,1.322565,0.492260,1.535989,1.555845,2.389760,0.434904,1.602093,136.312332,Oval
1.241104,1.367154,0.521707,1.402025,1.696781,2.378929,0.400130,1.595974,141.049606,Oval
1.222843,1.353826,0.515106,1.433972,1.655517,2.373965,0.421033,1.595210,135.504761,Oval
1.179911,1.361814,0.528204,1.390211,1.606820,2.233819,0.415170,1.584135,137.860291,Oval
1.209037,1.400601,0.551051,1.295668,1.693380,2.194058,0.413240,1.580990,139.986801,Oval
1.194488,1.357878,0.517226,1.423834,1.621969,2.309415,0.411946,1.595317,141.264679,Oval
1.122924,1.355574,0.522182,1.412717,1.522207,2.150447,0.426272,1.587457,143.566910,Oval
1.215302,1.333309,0.498050,1.505901,1.620373,2.440121,0.423857,1.602482,138.830658,Oval
1.267659,1.364994,0.537056,1.364112,1.730347,2.360388,0.427416,1.575225,141.880600,Oval
1.191102,1.327016,0.493302,1.527604,1.580612,2.414550,0.403919,1.604014,134.834961,Oval
1.201130,1.374660,0.530320,1.371724,1.651145,2.264916,0.425410,1.590112,141.322968,Oval
1.211908,1.373666,0.508029,1.432947,1.664758,2.385510,0.419613,1.618113,139.926025,Oval
1.181946,1.374810,0.519162,1.401052,1.624950,2.276639,0.412552,1.604446,138.433655,Oval
1.249825,1.420820,0.532683,1.321271,1.775777,2.346283,0.408967,1.617465,140.900894,Oval
1.233970,1.424158,0.525225,1.336892,1.757368,2.349411,0.429121,1.629468,143.875809,Oval
1.223998,1.364494,0.504135,1.453721,1.670139,2.427916,0.417565,1.616805,137.181274,Oval
1.201178,1.319171,0.498611,1.520328,1.584559,2.409049,0.415271,1.591517,133.421234,Oval
1.203740,1.391058,0.520027,1.382385,1.674472,2.314765,0.411122,1.614330,138.323990,Oval
1.229990,1.356644,0.481897,1.529609,1.668658,2.552394,0.401476,1.640676,134.381348,Oval
1.221863,1.404549,0.495317,1.437407,1.716166,2.466829,0.393646,1.656603,137.919632,Oval
1.267655,1.388494,0.525042,1.371708,1.760132,2.414387,0.418150,1.606107,141.291855,Oval
1.193933,1.322111,0.492666,1.535250,1.578512,2.423411,0.412002,1.601240,135.441986,Oval
1.265009,1.332438,0.522880,1.435329,1.685546,2.419312,0.428629,1.570619,142.450409,Oval
1.251983,1.374859,0.518862,1.401812,1.721300,2.412938,0.419204,1.604866,141.392044,Oval
1.227447,1.348508,0.494277,1.500292,1.655222,2.483317,0.416865,1.618335,139.450638,Oval
1.217071,1.367552,0.493636,1.481322,1.664408,2.465523,0.419934,1.632827,140.531982,Oval
1.205241,1.329470,0.495422,1.518259,1.602332,2.432755,0.417744,1.603076,135.203171,Oval
1.185283,1.326894,0.506560,1.487761,1.572745,2.339869,0.429826,1.587051,134.928574,Oval
1.249674,1.373999,0.536285,1.357118,1.717051,2.330241,0.430185,1.582168,140.900742,Oval
1.245358,1.368941,0.520855,1.402485,1.704823,2.390988,0.416459,1.598278,138.783524,Oval
1.275541,1.338873,0.488089,1.530247,1.707788,2.613337,0.408012,1.619452,135.256851,Oval
1.243090,1.382277,0.509083,1.421071,1.718295,2.441820,0.408001,1.622682,140.642776,Oval
1.196146,1.346554,0.502185,1.478809,1.610675,2.381881,0.409492,1.606656,135.202957,Oval
1.192219,1.320008,0.490158,1.545566,1.573738,2.432317,0.403960,1.602912,136.491592,Oval
1.218400,1.345901,0.504054,1.474043,1.639846,2.417204,0.421998,1.603785,135.942337,Oval
1.199325,1.329514,0.493764,1.523309,1.594519,2.428945,0.416614,1.605241,134.626770,Oval
1.232874,1.393473,0.517031,1.387985,1.717977,2.384526,0.420915,1.619876,143.045517,Oval
1.187826,1.355705,0.503013,1.466411,1.610342,2.361423,0.403980,1.612076,139.181641,Oval
1.223937,1.336315,0.500445,1.495322,1.635565,2.445696,0.425747,1.601574,137.997269,Oval
1.209518,1.332712,0.507143,1.479561,1.611940,2.384964,0.401255,1.590467,135.120132,Oval
1.208663,1.344375,0.516660,1.439708,1.624897,2.339377,0.429318,1.586672,141.997238,Oval
1.120110,1.341708,0.511753,1.456403,1.502860,2.188769,0.411796,1.590999,139.132965,Oval
1.143523,1.315767,0.482939,1.573725,1.504610,2.367843,0.435732,1.609073,132.621292,Oval
1.236959,1.330079,0.496566,1.514070,1.645253,2.491028,0.406512,1.602050,136.599991,Oval
1.225947,1.353866,0.526734,1.402274,1.659768,2.327450,0.416588,1.580578,138.505707,Oval
1.145914,1.361300,0.549805,1.336095,1.559933,2.084218,0.410401,1.557151,139.446213,Oval
1.218108,1.343150,0.502044,1.482975,1.636103,2.426299,0.422060,1.604413,139.987991,Oval
1.250416,1.388062,0.504582,1.427773,1.735655,2.478122,0.424929,1.632638,139.476593,Oval
1.176014,1.376482,0.531231,1.367561,1.618761,2.213754,0.420177,1.590178,138.226227,Oval
1.137819,1.372794,0.536631,1.357435,1.561992,2.120302,0.410460,1.580938,141.160812,Oval
1.186669,1.334726,0.516148,1.451555,1.583877,2.299084,0.422758,1.580570,132.501144,Oval
1.231817,1.344062,0.496614,1.498173,1.655639,2.480434,0.418620,1.612088,137.864212,Oval
1.216710,1.365461,0.494846,1.479961,1.661370,2.458763,0.400873,1.629727,139.384567,Oval
1.228165,1.358895,0.499119,1.474382,1.668948,2.460666,0.425637,1.619419,136.819138,Oval
1.233510,1.358383,0.514497,1.430852,1.675579,2.397506,0.408799,1.599148,139.118225,Oval
1.207087,1.384378,0.570063,1.267133,1.671065,2.117462,0.414215,1.547497,144.114517,Oval
1.130285,1.370044,0.518220,1.408484,1.548540,2.181092,0.423766,1.602406,139.808594,Oval
1.206083,1.365487,0.513757,1.425458,1.646891,2.347575,0.417712,1.605012,137.511368,Oval
1.141111,1.345471,0.523801,1.418924,1.535332,2.178519,0.413201,1.578488,137.227371,Oval
1.265571,1.351292,0.503208,1.470630,1.710156,2.515007,0.414301,1.608700,137.347321,Oval
1.219801,1.330571,0.495750,1.516001,1.623031,2.460516,0.413529,1.603454,138.596848,Oval
1.208911,1.388188,0.544425,1.323164,1.678196,2.220528,0.431788,1.581292,142.300705,Oval
1.212752,1.328737,0.537364,1.400530,1.611428,2.256853,0.421537,1.550437,142.565811,Oval
1.161480,1.353031,0.516869,1.429921,1.571518,2.247146,0.415863,1.592420,141.297440,Oval
1.206153,1.338705,0.503095,1.484791,1.614683,2.397468,0.410576,1.599891,135.585419,Oval
1.163880,1.353445,0.527131,1.401654,1.575248,2.207952,0.413860,1.579795,139.551697,Oval
1.196963,1.335253,0.501134,1.494455,1.598248,2.388510,0.423875,1.599929,139.471298,Oval
1.218108,1.343150,0.502044,1.482975,1.636103,2.426299,0.422060,1.604413,139.987991,Oval
1.229167,1.365640,0.515206,1.421291,1.678600,2.385778,0.432234,1.603254,139.656174,Oval
1.210092,1.323789,0.489685,1.542638,1.601907,2.471163,0.416817,1.606306,136.117767,Oval
1.176202,1.362293,0.503687,1.457365,1.602332,2.335183,0.415165,1.615843,138.313568,Oval
1.216801,1.345149,0.498957,1.489932,1.636778,2.438688,0.419487,1.609827,137.714233,Oval
1.240226,1.353671,0.527553,1.400298,1.678858,2.350901,0.420067,1.579423,138.703384,Oval
1.183817,1.391658,0.520911,1.379444,1.647468,2.272591,0.419606,1.613583,139.439011,Oval
1.203888,1.321805,0.478535,1.580954,1.591306,2.515781,0.413279,1.619334,138.277100,Oval
1.176112,1.351569,0.491631,1.504953,1.589597,2.392268,0.417618,1.624020,135.852478,Oval
1.147231,1.339813,0.517884,1.441198,1.537075,2.215230,0.425359,1.581957,137.989456,Oval
1.155708,1.366141,0.542645,1.348927,1.578860,2.129768,0.407883,1.569078,138.533554,Oval
1.203349,1.338288,0.503892,1.482905,1.610427,2.388110,0.414156,1.598574,137.545654,Oval
1.219239,1.386100,0.504589,1.429774,1.689987,2.416299,0.408061,1.631271,139.298920,Oval
1.183438,1.363152,0.519207,1.412912,1.613206,2.279318,0.412468,1.596422,140.271011,Oval
1.224668,1.307801,0.482290,1.585441,1.601621,2.539275,0.413513,1.603936,134.643158,Oval
1.262251,1.364768,0.529085,1.384892,1.722680,2.385727,0.429131,1.585025,141.633469,Oval
1.318215,1.383569,0.513260,1.408193,1.823841,2.568321,0.408041,1.618086,140.000092,Oval
1.218001,1.364841,0.513789,1.426044,1.662379,2.370625,0.413727,1.604525,139.116852,Oval
1.205295,1.315855,0.491693,1.545604,1.585994,2.451319,0.418648,1.597885,138.102219,Oval
1.203780,1.363925,0.524133,1.398841,1.641866,2.296710,0.420487,1.590697,142.043930,Oval
1.233878,1.379964,0.500356,1.448281,1.702706,2.465998,0.410366,1.632635,137.592514,Oval
1.275915,1.414941,0.546467,1.293294,1.805344,2.334841,0.408711,1.595901,141.622101,Oval
1.197411,1.300213,0.515741,1.491260,1.556889,2.321726,0.406684,1.556607,134.376083,Oval
1.163729,1.373342,0.540937,1.346092,1.598197,2.151321,0.402788,1.575935,139.366974,Oval
1.203041,1.358835,0.517253,1.422756,1.634734,2.325828,0.409655,1.595944,136.958725,Oval
1.216740,1.368219,0.537550,1.359644,1.664767,2.263491,0.430128,1.576755,142.956543,Oval
1.198024,1.384088,0.527818,1.368840,1.658171,2.269770,0.415738,1.599597,139.946136,Oval
1.235997,1.373124,0.514619,1.415156,1.697177,2.401771,0.412780,1.609158,140.550125,Oval
1.173999,1.317684,0.531516,1.427817,1.546960,2.208776,0.429865,1.549880,139.900116,Oval
1.170906,1.338777,0.519962,1.436547,1.567582,2.251905,0.414533,1.578641,141.413223,Oval
1.197665,1.327245,0.504574,1.493220,1.589595,2.373615,0.411055,1.589807,136.878265,Oval
1.223375,1.408574,0.560589,1.266415,1.723214,2.182304,0.415061,1.574150,145.165848,Oval
1.200963,1.346568,0.521161,1.424950,1.617178,2.304398,0.408100,1.582541,139.722656,Oval
1.152855,1.367864,0.523013,1.397798,1.576948,2.204255,0.403289,1.594794,135.382843,Oval
1.203239,1.353598,0.525339,1.406276,1.628702,2.290405,0.420943,1.582140,136.159576,Oval
1.221654,1.396798,0.545080,1.313427,1.706404,2.241237,0.411673,1.586038,141.178894,Oval
1.174231,1.366277,0.522106,1.401853,1.604325,2.249028,0.416946,1.594869,135.486099,Oval
1.196810,1.387716,0.524367,1.374243,1.660833,2.282388,0.419809,1.606457,139.029053,Oval
1.211004,1.343938,0.504740,1.474188,1.627515,2.399263,0.419296,1.601509,134.269470,Oval
1.146720,1.322880,0.526150,1.436715,1.516973,2.179457,0.415577,1.559970,138.440536,Oval
1.214248,1.334136,0.507681,1.476416,1.619972,2.391753,0.419750,1.590799,134.334488,Oval
1.199602,1.332981,0.482419,1.555076,1.599047,2.486640,0.410032,1.622564,134.977310,Oval
1.191216,1.319675,0.515468,1.470047,1.572017,2.310939,0.412241,1.570807,140.087326,Oval
1.202315,1.405458,0.531552,1.338557,1.689803,2.261897,0.412836,1.608928,139.695465,Oval
1.227407,1.318287,0.489130,1.550836,1.618074,2.509367,0.404142,1.602962,135.613251,Oval
1.219254,1.331837,0.504106,1.489453,1.623847,2.418644,0.417441,1.593690,137.676712,Oval
1.165539,1.402719,0.528121,1.349882,1.634924,2.206954,0.409323,1.611574,139.729294,Oval
1.188532,1.337083,0.512900,1.458173,1.589166,2.317279,0.410527,1.586299,135.495911,Oval
1.163767,1.372810,0.530913,1.372037,1.597631,2.192008,0.426354,1.588126,142.144348,Oval
1.214321,1.321779,0.477322,1.585000,1.605064,2.544028,0.400510,1.620905,132.911804,Oval
1.254860,1.366979,0.519861,1.407184,1.715368,2.413839,0.415154,1.598209,141.295898,Oval
1.252963,1.368134,0.532624,1.372303,1.714221,2.352432,0.420701,1.582846,138.148849,Oval
1.229619,1.384010,0.512256,1.410501,1.701805,2.400398,0.413576,1.619703,136.050461,Oval
1.195793,1.327065,0.523276,1.440047,1.586894,2.285203,0.430062,1.566393,139.337296,Oval
1.227657,1.375755,0.534980,1.358693,1.688955,2.294772,0.415707,1.584970,140.013901,Oval
1.162490,1.334461,0.492830,1.520536,1.551298,2.358804,0.417246,1.610051,137.547943,Oval
1.212013,1.380373,0.515198,1.406141,1.673030,2.352517,0.415970,1.613371,138.644562,Oval
1.179838,1.397080,0.526987,1.358246,1.648328,2.238834,0.426941,1.609313,141.963272,Oval
1.226422,1.387044,0.534838,1.347991,1.701101,2.293070,0.412746,1.592616,140.701294,Oval
1.197328,1.352542,0.498601,1.482846,1.619436,2.401375,0.424192,1.615575,141.158508,Oval
1.201581,1.383421,0.534188,1.353168,1.662292,2.249360,0.418061,1.591047,140.151993,Oval
1.126786,1.340294,0.509964,1.463054,1.510224,2.209540,0.405614,1.592269,137.161377,Oval
1.271653,1.371774,0.531224,1.372270,1.744421,2.393816,0.433469,1.587041,140.465027,Oval
1.236322,1.349527,0.499842,1.482470,1.668449,2.473426,0.425308,1.611808,137.697876,Oval
1.214272,1.304198,0.530535,1.445247,1.583651,2.288768,0.416774,1.541675,138.014755,Oval
1.290450,1.400981,0.559050,1.276783,1.807897,2.308293,0.427778,1.571295,141.514816,Oval
1.191900,1.293924,0.514722,1.501476,1.542228,2.315618,0.415481,1.553320,131.359406,Oval
1.264906,1.338798,0.488411,1.529325,1.693453,2.589840,0.417423,1.618975,138.492142,Oval
1.238565,1.366898,0.534728,1.368142,1.692992,2.316254,0.417119,1.579391,141.891663,Oval
1.109182,1.342125,0.529559,1.406996,1.488660,2.094539,0.440928,1.569063,143.030762,Oval
1.239236,1.388413,0.509506,1.413617,1.720571,2.432229,0.417035,1.626343,141.418701,Oval
1.214292,1.368657,0.512705,1.425076,1.661949,2.368403,0.406814,1.608560,136.368729,Oval
1.148599,1.346233,0.539719,1.376298,1.546281,2.128144,0.434161,1.559415,141.162964,Oval
1.230466,1.342853,0.512322,1.453545,1.652335,2.401743,0.426612,1.591083,138.754822,Oval
1.194402,1.372171,0.511358,1.425171,1.638924,2.335747,0.418268,1.612734,139.629456,Oval
1.207297,1.335181,0.492600,1.520425,1.611960,2.450864,0.434729,1.610873,138.873978,Oval
1.233047,1.382045,0.523552,1.382032,1.704126,2.355157,0.422911,1.603699,140.005280,Oval
1.245517,1.391845,0.530361,1.354682,1.733566,2.348431,0.418651,1.601496,140.828110,Oval
1.159093,1.373676,0.512872,1.419405,1.592218,2.260003,0.407407,1.611803,137.593658,Oval
1.173046,1.388082,0.540469,1.332952,1.628284,2.170424,0.411625,1.586185,141.340790,Oval
1.243583,1.374287,0.494413,1.471747,1.709040,2.515273,0.403194,1.636577,134.773132,Oval
1.191569,1.316215,0.490392,1.549278,1.568361,2.429828,0.423118,1.599812,135.201492,Oval
1.245672,1.332280,0.551741,1.360407,1.659583,2.257709,0.429998,1.535704,136.555557,Oval
1.217886,1.360319,0.529345,1.388739,1.656713,2.300743,0.418007,1.581695,137.987473,Oval
1.206932,1.388720,0.539409,1.334957,1.676090,2.237507,0.413264,1.587936,138.510300,Oval
1.157610,1.348467,0.495058,1.497973,1.561000,2.338335,0.407909,1.617285,136.545532,Oval
1.251533,1.339002,0.521150,1.433034,1.675805,2.401485,0.422792,1.577319,138.355621,Oval
1.317234,1.298546,0.496296,1.551679,1.710490,2.654131,0.422809,1.579295,139.009827,Oval
1.166852,1.354934,0.492722,1.497890,1.581008,2.368176,0.396960,1.625005,135.670517,Oval
1.243034,1.338883,0.514651,1.451257,1.664278,2.415295,0.420323,1.585361,138.766556,Oval
1.180419,1.327163,0.515825,1.460742,1.566608,2.288411,0.413825,1.575657,137.340042,Oval
1.202390,1.371844,0.513904,1.418447,1.649491,2.339716,0.422273,1.609204,135.741287,Oval
1.153972,1.423599,0.528631,1.328801,1.642793,2.182945,0.413613,1.624596,140.464020,Oval
1.177630,1.348685,0.502685,1.475005,1.588251,2.342679,0.411850,1.607525,136.129562,Oval
1.249574,1.352708,0.523668,1.411693,1.690308,2.386196,0.409954,1.583625,137.599075,Oval
1.172348,1.318386,0.499823,1.517543,1.545607,2.345526,0.418510,1.589413,132.957321,Oval
1.237915,1.370377,0.511814,1.425766,1.696410,2.418684,0.419651,1.610903,139.887543,Oval
1.249004,1.339597,0.499333,1.494981,1.673163,2.501346,0.413549,1.605361,138.504181,Oval
1.222964,1.362698,0.525305,1.396976,1.666530,2.328103,0.412826,1.588382,140.389679,Oval
1.214691,1.332808,0.494017,1.518766,1.618950,2.458806,0.420217,1.607314,134.767395,Oval
1.218068,1.353714,0.530953,1.391288,1.648916,2.294118,0.409921,1.575224,137.751434,Oval
1.283973,1.342892,0.524912,1.418641,1.724237,2.446073,0.426841,1.575332,143.203842,Oval
1.239052,1.365943,0.516697,1.416875,1.692474,2.398023,0.419098,1.601547,141.675858,Oval
1.257406,1.350623,0.507950,1.457621,1.698282,2.475450,0.420685,1.602116,139.049805,Oval
1.213551,1.313615,0.496132,1.534385,1.594139,2.446023,0.405808,1.590596,138.522415,Oval
1.230036,1.391906,0.533914,1.345609,1.712093,2.303809,0.414507,1.596993,142.643723,Oval
1.247140,1.375191,0.508499,1.430036,1.715056,2.452592,0.416048,1.618554,139.557159,Oval
1.199748,1.338928,0.494282,1.511014,1.606376,2.427256,0.419060,1.611411,136.027451,Oval
1.199806,1.330525,0.506819,1.482943,1.596371,2.367327,0.409283,1.589317,138.680634,Oval
1.185387,1.337169,0.507447,1.473746,1.585063,2.335981,0.420843,1.593250,133.294815,Oval
1.274536,1.344459,0.499163,1.490082,1.713562,2.553349,0.421222,1.609067,139.977051,Oval
1.189840,1.335261,0.489093,1.531238,1.588747,2.432750,0.437252,1.615496,136.052826,Oval
1.237292,1.389555,0.531307,1.354498,1.719286,2.328769,0.405326,1.598769,139.474136,Oval
1.207449,1.332492,0.508523,1.475790,1.608917,2.374424,0.420404,1.588567,138.188049,Oval
1.259492,1.363089,0.506076,1.449641,1.716800,2.488744,0.435761,1.613289,139.821381,Oval
1.232099,1.376510,0.529546,1.371883,1.695996,2.326708,0.423911,1.592330,139.321289,Oval
1.204043,1.342471,0.534102,1.394669,1.616393,2.254332,0.420019,1.563725,139.123581,Oval
1.257142,1.371985,0.522026,1.396236,1.724779,2.408198,0.419917,1.598853,141.340210,Oval
1.165835,1.388326,0.536457,1.342685,1.618559,2.173214,0.416569,1.591408,141.373978,Oval
1.253599,1.352985,0.489932,1.508590,1.696100,2.558720,0.401906,1.627288,135.913971,Oval
1.232618,1.426753,0.530030,1.322363,1.758641,2.325562,0.419673,1.624797,141.317001,Oval
1.143936,1.418966,0.525408,1.341318,1.623206,2.177235,0.404440,1.625823,139.950027,Oval
1.230725,1.340784,0.498486,1.496194,1.650137,2.468925,0.416442,1.607306,133.259903,Oval
1.185937,1.367424,0.503418,1.452672,1.621680,2.355768,0.409000,1.619800,137.035370,Oval
1.237532,1.329052,0.493770,1.523819,1.644744,2.506294,0.420664,1.604897,138.292801,Oval
1.250148,1.394042,0.516717,1.388261,1.742759,2.419405,0.408064,1.620673,140.081161,Oval
1.152475,1.425085,0.525635,1.334982,1.642375,2.192541,0.401826,1.629531,139.848511,Oval
1.210533,1.384261,0.526152,1.373001,1.675693,2.300727,0.418066,1.601846,140.388718,Oval
1.256292,1.360714,0.516646,1.422461,1.709454,2.431632,0.421191,1.598013,139.545670,Oval
1.206023,1.320866,0.516235,1.466539,1.592995,2.336190,0.412065,1.570704,136.596466,Oval
1.187287,1.385225,0.528918,1.364870,1.644659,2.244746,0.415699,1.598948,143.639450,Oval
1.211111,1.358881,0.494231,1.488978,1.645756,2.450494,0.417309,1.625843,138.827057,Oval
1.231356,1.351967,0.519464,1.423896,1.664753,2.370435,0.429243,1.588402,138.819046,Oval
1.228377,1.333669,0.516178,1.452623,1.638248,2.379756,0.418327,1.579792,135.637939,Oval
1.253970,1.382223,0.529449,1.366462,1.733266,2.368442,0.418983,1.596269,141.527527,Oval
1.199665,1.343618,0.491302,1.514872,1.611891,2.441809,0.420427,1.618698,137.303680,Oval
1.172787,1.384438,0.519807,1.389583,1.623651,2.256199,0.406331,1.610149,142.443939,Oval
1.162803,1.370347,0.501069,1.456371,1.593444,2.320645,0.425186,1.624945,135.725388,Oval
1.184533,1.338753,0.473293,1.578226,1.585797,2.502746,0.398433,1.638999,134.354996,Oval
1.207394,1.338532,0.506203,1.475865,1.616135,2.385198,0.415571,1.595800,137.838638,Oval
1.231533,1.345801,0.517487,1.435886,1.657399,2.379835,0.414867,1.586624,138.723145,Oval
1.202617,1.343796,0.513152,1.450176,1.616073,2.343590,0.399837,1.590695,134.753616,Oval
1.229702,1.353613,0.501105,1.474268,1.664540,2.453979,0.426101,1.613074,135.283783,Oval
1.258769,1.363647,0.516267,1.420441,1.716518,2.438213,0.430786,1.600519,140.093857,Oval
1.188748,1.375261,0.520494,1.397008,1.634839,2.283882,0.399865,1.603041,139.012741,Oval
1.163880,1.353445,0.527131,1.401654,1.575248,2.207952,0.413860,1.579795,139.551697,Oval
1.236340,1.346417,0.510033,1.456205,1.664629,2.424041,0.439971,1.596495,142.141541,Oval
1.207155,1.425779,0.548784,1.278046,1.721136,2.199691,0.416749,1.599802,142.947174,Oval
1.240863,1.322368,0.520290,1.453456,1.640878,2.384945,0.424013,1.566773,139.240662,Oval
1.262031,1.355659,0.499722,1.476117,1.710884,2.525466,0.410560,1.616330,138.422379,Oval
1.247329,1.365197,0.512477,1.429324,1.702850,2.433924,0.420872,1.606462,137.848022,Oval
1.179732,1.330600,0.496169,1.514686,1.569751,2.377680,0.417315,1.602937,131.912338,Oval
1.224485,1.352676,0.512130,1.443529,1.656331,2.390962,0.416745,1.598203,141.374130,Oval
1.207327,1.372994,0.528143,1.379050,1.657653,2.285988,0.421644,1.591751,139.099060,Oval
1.249847,1.413627,0.539646,1.310861,1.766817,2.316051,0.421245,1.603790,142.397568,Oval
1.255069,1.350806,0.508256,1.456548,1.695354,2.469365,0.417267,1.601852,141.108551,Oval
1.214883,1.360619,0.516315,1.423472,1.652992,2.352987,0.415887,1.598370,139.428619,Oval
1.233305,1.359840,0.521996,1.408786,1.677097,2.362671,0.416138,1.590613,141.367661,Oval
1.179549,1.333984,0.494151,1.517014,1.573500,2.387021,0.430402,1.607995,136.550919,Oval
1.187344,1.364777,0.520658,1.407297,1.620460,2.280468,0.416860,1.595687,137.210617,Oval
1.235026,1.357827,0.529793,1.390110,1.676952,2.331148,0.405495,1.579450,137.755066,Oval
1.194325,1.364852,0.529551,1.383587,1.630077,2.255354,0.413530,1.584495,138.616989,Oval
1.217258,1.352032,0.500821,1.476831,1.645772,2.430527,0.417602,1.612320,139.196289,Oval
1.237092,1.345651,0.482145,1.541309,1.664694,2.565808,0.406942,1.632280,138.086868,Oval
1.219895,1.299581,0.508780,1.512401,1.585352,2.397687,0.427347,1.564629,136.678329,Oval
1.225447,1.403296,0.529304,1.346311,1.719665,2.315204,0.421848,1.610420,141.274414,Oval
1.182050,1.324955,0.535232,1.410122,1.566163,2.208481,0.411051,1.550418,137.808533,Oval
1.154976,1.372364,0.507788,1.434987,1.585048,2.274524,0.403060,1.617524,137.343719,Oval
1.153909,1.412423,0.528137,1.340568,1.629807,2.184866,0.413862,1.617939,141.371094,Oval
1.271952,1.384536,0.530269,1.362070,1.761063,2.398692,0.424922,1.596765,141.204712,Oval
1.233188,1.318777,0.491116,1.543989,1.626300,2.510990,0.404923,1.600776,134.373489,Oval
1.176964,1.357512,0.519309,1.418503,1.597744,2.266404,0.422805,1.592419,136.847992,Oval
1.194685,1.347131,0.533245,1.392078,1.609397,2.240406,0.427065,1.567935,141.009644,Oval
1.164430,1.358017,0.531766,1.384759,1.581315,2.189741,0.414323,1.577121,139.819916,Oval
1.162842,1.313752,0.515707,1.475991,1.527687,2.254852,0.417729,1.566311,136.897888,Oval
1.244987,1.353006,0.497744,1.484890,1.684475,2.501261,0.414464,1.617026,138.441193,Oval
1.184777,1.369087,0.516196,1.414993,1.622063,2.295207,0.416301,1.604351,140.093597,Oval
1.151423,1.350871,0.525361,1.409055,1.555424,2.191678,0.421987,1.580247,140.704712,Oval
1.221497,1.345616,0.512661,1.449600,1.643666,2.382659,0.428486,1.592591,139.154816,Oval
1.243831,1.360034,0.524924,1.400728,1.691651,2.369544,0.427389,1.587050,138.764526,Oval
1.182458,1.370328,0.546398,1.335568,1.620356,2.164095,0.425745,1.567213,140.903030,Oval
1.162601,1.355073,0.513860,1.436125,1.575410,2.262486,0.420446,1.597664,137.346207,Oval
1.179074,1.370501,0.539957,1.351330,1.615921,2.183642,0.445322,1.575277,141.881470,Oval
1.202519,1.397027,0.552267,1.296123,1.679952,2.177424,0.430354,1.577197,144.318420,Oval
1.216731,1.353842,0.495805,1.489778,1.647261,2.454053,0.421819,1.620163,140.952362,Oval
1.199897,1.375367,0.539765,1.347028,1.650299,2.222998,0.417513,1.578727,141.406281,Oval
1.204058,1.391276,0.525844,1.366877,1.675177,2.289762,0.419024,1.606931,140.092041,Oval
1.254857,1.364883,0.523050,1.400753,1.712733,2.399117,0.430393,1.592721,144.774979,Oval
1.128857,1.347344,0.524486,1.415101,1.520958,2.152309,0.426857,1.578921,139.056366,Oval
1.143829,1.342140,0.512212,1.454630,1.535178,2.233117,0.402080,1.590722,135.392395,Oval
1.171513,1.343780,0.522436,1.424422,1.574255,2.242404,0.422695,1.579023,137.558197,Oval
1.224600,1.352242,0.513434,1.440326,1.655956,2.385115,0.419899,1.596237,140.441238,Oval
1.113245,1.315080,0.511857,1.485590,1.464007,2.174915,0.429771,1.571997,138.164124,Oval
1.173503,1.421901,0.551417,1.275412,1.668605,2.128158,0.423745,1.594005,142.896942,Oval
1.214092,1.347116,0.518408,1.431934,1.635523,2.341961,0.438798,1.586376,136.271515,Oval
1.211070,1.346372,0.512073,1.450452,1.630551,2.365036,0.424450,1.593868,140.646835,Oval
1.191592,1.363390,0.515137,1.423828,1.624604,2.313156,0.399058,1.601790,137.723526,Oval
1.203279,1.383762,0.546643,1.322010,1.665052,2.201215,0.420562,1.575658,142.138077,Oval
1.213312,1.367196,0.522475,1.399923,1.658835,2.322242,0.435451,1.595025,139.001099,Oval
1.199072,1.362468,0.484189,1.515858,1.633698,2.476454,0.408010,1.641832,139.318939,Oval
1.257699,1.325931,0.485809,1.552437,1.667621,2.588877,0.401330,1.612909,133.496017,Oval
1.251679,1.389713,0.521458,1.379924,1.739475,2.400343,0.411805,1.611563,140.227402,Oval
1.236802,1.319007,0.495381,1.530430,1.631351,2.496668,0.418380,1.595498,135.721130,Oval
1.175516,1.383787,0.526588,1.372333,1.626664,2.232326,0.416520,1.600970,140.797394,Oval
1.179554,1.332934,0.522573,1.435637,1.572267,2.257205,0.411112,1.571342,138.910034,Oval
1.232618,1.426753,0.530030,1.322363,1.758641,2.325562,0.419673,1.624797,141.317001,Oval
1.184560,1.389799,0.523535,1.374366,1.646299,2.262617,0.402348,1.608928,138.780518,Oval
1.231714,1.399750,0.516266,1.383809,1.724092,2.385813,0.408560,1.625119,139.904968,Oval
1.238191,1.345682,0.531961,1.396940,1.666212,2.327598,0.424997,1.568531,139.954300,Oval
1.243776,1.405155,0.518803,1.371746,1.747697,2.397397,0.415966,1.625398,141.226273,Oval
1.268629,1.352316,0.514448,1.437410,1.715587,2.466002,0.418938,1.594999,142.694504,Oval
1.256236,1.334870,0.509342,1.470792,1.676912,2.466388,0.414250,1.589220,137.856216,Oval
1.183652,1.292377,0.477417,1.620740,1.529724,2.479285,0.443728,1.598485,133.342316,Oval
1.237331,1.385500,0.519051,1.390538,1.714322,2.383831,0.417636,1.611847,139.851273,Oval
1.210398,1.351778,0.513913,1.439476,1.636189,2.355256,0.405351,1.595304,138.487442,Oval
1.149796,1.345696,0.493103,1.507008,1.547276,2.331757,0.422983,1.617845,136.309479,Oval
1.263107,1.404906,0.517402,1.375704,1.774547,2.441251,0.411711,1.627084,141.627289,Oval
1.168156,1.330673,0.511229,1.469987,1.554434,2.284998,0.429369,1.583872,133.738831,Oval
1.207498,1.373323,0.537202,1.355469,1.658284,2.247753,0.423640,1.580574,138.873215,Oval
1.211353,1.343335,0.501950,1.483046,1.627253,2.413292,0.411122,1.604665,136.300415,Oval
1.240709,1.360927,0.515320,1.425897,1.688514,2.407647,0.427180,1.599855,142.006592,Oval
1.174394,1.360822,0.520553,1.411671,1.598140,2.256048,0.423011,1.593113,135.848236,Oval
1.222797,1.321293,0.482746,1.567769,1.615672,2.533001,0.420468,1.613449,135.588104,Oval
1.264494,1.349662,0.503931,1.470292,1.706639,2.509257,0.406695,1.606609,136.334732,Oval
1.289289,1.352389,0.514515,1.437145,1.743620,2.505835,0.427248,1.594963,141.549530,Oval
1.131970,1.367199,0.520695,1.404705,1.547628,2.173961,0.405565,1.597295,138.445602,Oval
1.223418,1.378323,0.519801,1.395762,1.686265,2.353625,0.406801,1.606012,141.938812,Oval
1.214532,1.356726,0.521843,1.412433,1.647787,2.327388,0.421010,1.588673,139.974426,Oval
1.168893,1.347711,0.497058,1.492780,1.575329,2.351621,0.403995,1.614130,137.255035,Oval
1.225455,1.352152,0.499102,1.481786,1.657002,2.455323,0.436456,1.614643,141.239914,Oval
1.262605,1.411378,0.530976,1.334386,1.782014,2.377894,0.432467,1.613549,140.486969,Oval
1.145507,1.341587,0.528058,1.411560,1.536798,2.169283,0.416142,1.570544,139.880203,Oval
1.162918,1.315317,0.514872,1.476626,1.529606,2.258657,0.418807,1.568450,131.699097,Oval
1.221120,1.341746,0.517146,1.441173,1.638433,2.361267,0.424555,1.584229,138.236008,Oval
1.250848,1.358099,0.500194,1.472075,1.698775,2.500724,0.424783,1.617446,140.974350,Oval
1.233697,1.337731,0.507186,1.473886,1.650355,2.432435,0.415196,1.593981,138.787460,Oval
1.202416,1.332329,0.512719,1.463891,1.602013,2.345173,0.408342,1.583174,136.977463,Oval
1.186056,1.337410,0.490688,1.523808,1.586243,2.417129,0.399656,1.614985,132.489151,Oval
1.237626,1.371305,0.527189,1.383247,1.697163,2.347596,0.428066,1.591823,138.467880,Oval
1.167856,1.351611,0.517709,1.429098,1.578487,2.255813,0.423712,1.590373,137.981949,Oval
1.222774,1.354358,0.509766,1.448423,1.656075,2.398697,0.414507,1.602406,135.133530,Oval
1.197855,1.354494,0.484575,1.523570,1.622487,2.471972,0.425038,1.635513,137.936676,Oval
1.137597,1.351234,0.538485,1.374344,1.537161,2.112588,0.420666,1.564273,143.070511,Oval
1.170177,1.337290,0.505645,1.478865,1.564865,2.314225,0.417689,1.595626,137.393402,Oval
1.136843,1.353356,0.517747,1.427153,1.538553,2.195751,0.424178,1.591532,139.098190,Oval
1.250596,1.406846,0.541489,1.312696,1.759396,2.309551,0.413226,1.597063,140.891754,Oval
1.270255,1.339001,0.485419,1.538517,1.700872,2.616820,0.423026,1.623054,137.483032,Oval
1.224085,1.347268,0.505065,1.469599,1.649171,2.423621,0.409972,1.603454,139.263321,Oval
1.219732,1.387022,0.527916,1.365688,1.691795,2.310465,0.420399,1.601428,136.402359,Oval
1.247644,1.328864,0.538182,1.398268,1.657949,2.318258,0.439780,1.549542,142.940536,Oval
1.203449,1.350932,0.512078,1.445542,1.625777,2.350128,0.419225,1.597052,137.829407,Oval
1.213796,1.351216,0.524640,1.410633,1.640100,2.313580,0.420040,1.581386,137.427795,Oval
1.185464,1.348719,0.505827,1.465806,1.598858,2.343616,0.421346,1.603500,139.569092,Oval
1.236087,1.368335,0.511990,1.427400,1.691382,2.414278,0.422993,1.609263,137.678864,Oval
1.208930,1.353480,0.527290,1.401196,1.636262,2.292725,0.410343,1.579622,140.466217,Oval
1.256338,1.359116,0.503639,1.460912,1.707509,2.494520,0.419979,1.613669,139.422897,Oval
1.194998,1.310342,0.497017,1.535479,1.565856,2.404339,0.417108,1.587079,138.635361,Oval
1.169881,1.375798,0.544395,1.335153,1.609521,2.148956,0.413261,1.573260,139.423996,Oval
1.202639,1.363130,0.505573,1.451037,1.639354,2.378764,0.408496,1.613972,135.214386,Oval
1.231699,1.370684,0.518163,1.407979,1.688270,2.377048,0.408806,1.602916,139.037018,Oval
1.193699,1.424462,0.529099,1.326821,1.700379,2.256098,0.414066,1.624539,140.333786,Oval
1.187877,1.389511,0.525735,1.368897,1.650569,2.259459,0.408224,1.605893,140.027267,Oval
1.203455,1.322770,0.509417,1.484028,1.591894,2.362415,0.413413,1.580519,136.956909,Oval
1.142035,1.361700,0.527672,1.391728,1.555109,2.164289,0.412323,1.584726,142.630142,Oval
1.140785,1.367648,0.538967,1.356638,1.560191,2.116615,0.411457,1.574618,140.170593,Oval
1.162218,1.363050,0.544179,1.348177,1.584160,2.135729,0.420768,1.565157,140.995071,Oval
1.179911,1.361814,0.528204,1.390211,1.606820,2.233819,0.415170,1.584135,137.860291,Oval
1.188275,1.319948,0.504167,1.502687,1.568461,2.356907,0.427657,1.585072,133.470032,Oval
1.280501,1.408886,0.523630,1.355499,1.804081,2.445430,0.425908,1.621519,142.181763,Oval
1.225556,1.352976,0.526787,1.403054,1.658148,2.326472,0.424230,1.579906,141.179596,Oval
1.211493,1.362595,0.510427,1.437804,1.650774,2.373489,0.427923,1.607303,140.415359,Oval
1.257027,1.343310,0.511801,1.454530,1.688576,2.456085,0.411873,1.592064,138.570770,Oval
1.202066,1.329552,0.478331,1.572413,1.598209,2.513044,0.406572,1.625404,135.421158,Oval
1.240046,1.412548,0.506796,1.396895,1.751625,2.446836,0.400263,1.646448,145.732727,Oval
1.263344,1.368810,0.528165,1.383207,1.729278,2.391949,0.417939,1.588907,138.958359,Oval
1.188227,1.317663,0.492021,1.542454,1.565683,2.414994,0.413236,1.598798,131.325668,Oval
1.205661,1.387779,0.515972,1.396542,1.673190,2.336680,0.417838,1.617406,138.278488,Oval
1.166223,1.346984,0.538084,1.379709,1.570883,2.167362,0.432314,1.561910,141.634781,Oval
1.179074,1.370501,0.539957,1.351330,1.615921,2.183642,0.445322,1.575277,141.881470,Oval
1.337038,1.319652,0.527503,1.436532,1.764424,2.534652,0.422375,1.556082,140.338501,Oval
1.161011,1.407490,0.526603,1.349185,1.634111,2.204719,0.413226,1.616701,140.839767,Oval
1.228622,1.365014,0.499389,1.466980,1.677086,2.460252,0.413543,1.623400,136.059052,Oval
1.252722,1.344116,0.503490,1.477652,1.683804,2.488076,0.414286,1.603240,137.358627,Oval
1.207946,1.351547,0.507467,1.458012,1.632595,2.380343,0.422429,1.603386,134.031601,Oval
1.270833,1.297322,0.480959,1.602671,1.648679,2.642290,0.409480,1.597727,134.808517,Oval
1.195314,1.389439,0.509681,1.412088,1.660816,2.345218,0.400546,1.626815,139.442978,Oval
1.248536,1.348502,0.515047,1.439797,1.683654,2.424120,0.417363,1.591583,138.238586,Oval
1.230746,1.421358,0.523863,1.343009,1.749330,2.349365,0.417529,1.629440,143.003387,Oval
1.177457,1.404463,0.519165,1.371465,1.653695,2.267984,0.417692,1.624457,143.709885,Oval
1.200967,1.372858,0.521231,1.397476,1.648757,2.304098,0.419324,1.600463,143.770508,Oval
1.221928,1.371903,0.546358,1.334133,1.676368,2.236498,0.427866,1.568292,140.675400,Oval
1.240925,1.379551,0.512003,1.415760,1.711919,2.423668,0.405618,1.616976,141.464249,Oval
1.235486,1.356550,0.496643,1.484294,1.675999,2.487675,0.435841,1.620999,138.155548,Oval
1.165104,1.327759,0.512317,1.470082,1.546977,2.274184,0.416000,1.580446,135.167450,Oval
1.166449,1.385981,0.505297,1.427894,1.616676,2.308441,0.405012,1.630247,139.051361,Oval
1.151248,1.372781,0.532886,1.366986,1.580412,2.160401,0.409140,1.585622,138.419510,Oval
1.217428,1.339656,0.496270,1.504140,1.630936,2.453156,0.417731,1.609360,136.441422,Oval
1.149891,1.383079,0.527447,1.370801,1.590390,2.180110,0.412629,1.599397,141.297256,Oval
1.169411,1.378884,0.513198,1.413148,1.612483,2.278677,0.412073,1.614959,140.530365,Oval
1.255626,1.360019,0.511123,1.438567,1.707676,2.456605,0.412663,1.604613,135.692474,Oval
1.239797,1.408803,0.524771,1.352633,1.746629,2.362548,0.411761,1.619966,135.798325,Oval
1.186146,1.353298,0.507778,1.455233,1.605208,2.335953,0.415693,1.604217,136.801788,Oval
1.218305,1.347329,0.499256,1.486632,1.641457,2.440242,0.401442,1.611000,134.521912,Oval
1.261405,1.345216,0.544669,1.364820,1.696862,2.315912,0.424335,1.552742,138.238220,Oval
1.208033,1.358694,0.510287,1.442327,1.641346,2.367359,0.413816,1.604765,136.328445,Oval
1.217720,1.367994,0.540385,1.352736,1.665833,2.253432,0.407740,1.573091,139.373810,Oval
1.214241,1.303887,0.512879,1.495358,1.583234,2.367501,0.444560,1.562724,133.962234,Oval
1.289202,1.323743,0.543543,1.389834,1.706572,2.371851,0.436471,1.539674,139.474442,Oval
1.190970,1.316771,0.503818,1.507357,1.568235,2.363890,0.434953,1.583216,132.649612,Oval
1.228418,1.384195,0.529716,1.363827,1.700371,2.319012,0.406620,1.597243,140.761703,Oval
1.199300,1.319459,0.499501,1.517286,1.582427,2.400994,0.408473,1.590600,134.025894,Oval
1.175182,1.329966,0.512811,1.466231,1.562952,2.291649,0.410189,1.581391,137.895004,Oval
1.243749,1.369759,0.518155,1.408950,1.703636,2.400339,0.416125,1.602293,139.558640,Oval
1.202082,1.415108,0.507412,1.392673,1.701076,2.369042,0.400328,1.647348,139.302094,Oval
1.151895,1.376924,0.532966,1.362670,1.586072,2.161292,0.412155,1.588282,140.341354,Oval
1.154480,1.336888,0.544441,1.373896,1.543411,2.120486,0.431729,1.547452,141.185104,Oval
1.216313,1.381303,0.518507,1.396227,1.680097,2.345797,0.415191,1.609708,141.453995,Oval
1.180712,1.356856,0.508792,1.448524,1.602056,2.320617,0.401709,1.605406,139.864609,Oval
1.247206,1.358664,0.526433,1.398121,1.694534,2.369164,0.418197,1.584221,142.800720,Oval
1.249531,1.398187,0.504075,1.418861,1.747077,2.478859,0.420816,1.640303,140.269211,Oval
1.181730,1.373487,0.502788,1.448075,1.623090,2.350356,0.403597,1.624878,137.617615,Oval
1.147923,1.373613,0.518543,1.403948,1.576802,2.213749,0.410276,1.604429,138.015182,Oval
1.244705,1.351993,0.506036,1.461652,1.682833,2.459716,0.406350,1.605543,137.546570,Oval
1.238718,1.350453,0.528642,1.400745,1.672830,2.343208,0.408621,1.575877,137.841568,Oval
1.160675,1.298247,0.496626,1.551004,1.506842,2.337118,0.419067,1.578662,132.117798,Oval
1.209540,1.325346,0.499367,1.510954,1.603058,2.422146,0.412461,1.595040,135.695251,Oval
1.187127,1.409800,0.517022,1.371936,1.673612,2.296088,0.403738,1.630867,138.736191,Oval
1.153947,1.333768,0.493457,1.519395,1.539098,2.338497,0.428123,1.608735,130.601257,Oval
1.239219,1.385092,0.511988,1.410140,1.716431,2.420408,0.423974,1.620796,138.260468,Oval
1.251841,1.300234,0.497230,1.546755,1.627686,2.517631,0.433261,1.579377,137.875397,Oval
1.170685,1.370168,0.507233,1.438861,1.604036,2.307984,0.410932,1.616723,140.255142,Oval
1.237927,1.362470,0.520686,1.409603,1.686638,2.377490,0.420782,1.594073,138.973328,Oval
1.140790,1.350058,0.520630,1.422717,1.540132,2.191173,0.406338,1.585617,134.019241,Oval
1.190147,1.384328,0.501551,1.440275,1.647554,2.372931,0.398266,1.634089,136.774872,Oval
1.238773,1.366663,0.550182,1.329942,1.692984,2.251571,0.428676,1.560195,142.424011,Oval
1.183660,1.386355,0.534456,1.349625,1.640972,2.214698,0.411114,1.592645,140.765015,Oval
1.203264,1.324160,0.466480,1.618924,1.593314,2.579455,0.411889,1.637096,136.537094,Oval
1.192891,1.355111,0.544691,1.354799,1.616500,2.190032,0.431737,1.559287,142.087311,Oval
1.197680,1.355219,0.505723,1.459077,1.623119,2.368256,0.405082,1.608220,138.124435,Oval
1.190185,1.385341,0.523221,1.379615,1.648812,2.274726,0.411152,1.606341,140.567963,Oval
1.147958,1.269454,0.475901,1.655260,1.457279,2.412176,0.426416,1.582727,126.079239,Oval
1.232665,1.398847,0.530648,1.347173,1.724309,2.322943,0.427665,1.605752,143.412735,Oval
1.163865,1.329351,0.525381,1.431812,1.547186,2.215279,0.429532,1.565402,141.583344,Oval
1.181650,1.360186,0.509915,1.441796,1.607263,2.317345,0.404491,1.606285,139.107834,Oval
1.154071,1.389151,0.539442,1.334461,1.603179,2.139380,0.418945,1.588176,139.198090,Oval
1.226971,1.346831,0.519550,1.429090,1.652522,2.361603,0.420955,1.584744,138.179581,Oval
1.153179,1.355407,0.506394,1.456940,1.563026,2.277236,0.406017,1.607484,135.915634,Oval
1.173967,1.374848,0.551741,1.318288,1.614027,2.127753,0.421477,1.563607,143.515045,Oval
1.169450,1.350133,0.520209,1.423789,1.578912,2.248038,0.433856,1.586198,144.524826,Oval
1.204602,1.371131,0.509063,1.432680,1.651667,2.366311,0.415500,1.615003,135.134476,Oval
1.214177,1.392807,0.516783,1.389316,1.691114,2.349491,0.419952,1.619751,143.382401,Oval
1.180100,1.383759,0.494119,1.462540,1.632974,2.388290,0.409551,1.643671,136.780899,Oval
1.202942,1.385356,0.534257,1.351102,1.666503,2.251615,0.416530,1.592238,140.405930,Oval
1.225407,1.465052,0.575630,1.185779,1.795284,2.128810,0.428918,1.589573,146.162125,Oval
1.281994,1.303760,0.506380,1.514698,1.671412,2.531684,0.418070,1.570608,136.581619,Oval
1.226501,1.345330,0.505689,1.469901,1.650048,2.425408,0.412957,1.601280,136.893936,Oval
1.222894,1.366727,0.514506,1.422091,1.671363,2.376829,0.410962,1.604903,138.953781,Oval
1.153910,1.323541,0.541427,1.395478,1.527247,2.131240,0.411255,1.542049,136.953888,Oval
1.204271,1.369374,0.530195,1.377342,1.649098,2.271372,0.426386,1.586727,138.915222,Oval
1.156624,1.388866,0.551925,1.304546,1.606395,2.095617,0.407865,1.572404,142.238495,Oval
1.184250,1.313901,0.477453,1.594069,1.555987,2.480350,0.412012,1.614798,132.892166,Oval
1.208136,1.403386,0.525205,1.356731,1.695481,2.300312,0.402904,1.615812,140.433746,Oval
1.205241,1.329470,0.495422,1.518259,1.602332,2.432755,0.417744,1.603076,135.203171,Oval
1.205330,1.324284,0.515907,1.463683,1.596200,2.336331,0.416632,1.573524,138.727890,Oval
1.191261,1.315946,0.531060,1.430930,1.567635,2.243177,0.408602,1.549223,135.323105,Oval
1.211762,1.343642,0.523754,1.420983,1.628174,2.313607,0.422581,1.577287,138.754974,Oval
1.180946,1.362113,0.511408,1.435554,1.608582,2.309206,0.406409,1.605702,138.657227,Oval
1.237011,1.356537,0.518151,1.422695,1.678052,2.387357,0.408631,1.593217,139.678772,Oval
1.247871,1.310042,0.510861,1.494211,1.634764,2.442683,0.430371,1.569618,138.149994,Oval
1.237190,1.371619,0.517707,1.408259,1.696952,2.389748,0.423348,1.604142,141.436661,Oval
1.235061,1.360792,0.508320,1.445675,1.680662,2.429692,0.414884,1.608770,138.201569,Oval
1.206510,1.412947,0.528471,1.339223,1.704734,2.283019,0.421291,1.617846,141.136154,Oval
1.194290,1.389459,0.517470,1.390814,1.659416,2.307940,0.410701,1.616586,141.927963,Oval
1.157633,1.424203,0.535322,1.311634,1.648705,2.162498,0.402666,1.616201,140.219421,Oval
1.121225,1.382577,0.533756,1.355089,1.550179,2.100630,0.412585,1.591035,140.350098,Oval
1.261316,1.368649,0.539842,1.353446,1.726298,2.336452,0.407960,1.574196,141.294922,Oval
1.248996,1.318051,0.482632,1.571997,1.646240,2.587886,0.408848,1.611178,133.955368,Oval
1.192564,1.335203,0.519580,1.441452,1.592315,2.295246,0.422590,1.576628,132.229263,Oval
1.223745,1.334919,0.517029,1.448872,1.633601,2.366879,0.413001,1.579606,140.064087,Oval
1.969756,1.348499,0.548892,1.351022,2.656213,3.588602,0.429815,1.549838,147.487793,Oval
1.201958,1.355479,0.526283,1.401806,1.629229,2.283863,0.425062,1.582241,138.797409,Oval
1.140169,1.381271,0.519796,1.392797,1.574883,2.193492,0.416789,1.608018,139.616806,Oval
1.273839,1.315028,0.519996,1.462395,1.675134,2.449707,0.417644,1.561967,138.946472,Oval
1.216309,1.324201,0.495454,1.524203,1.610638,2.454939,0.417911,1.599199,134.944061,Oval
1.194135,1.379734,0.538167,1.346753,1.647589,2.218895,0.413312,1.583602,141.098724,Oval
1.171684,1.401302,0.515282,1.384917,1.641883,2.273872,0.414934,1.627467,139.443253,Oval
1.197526,1.327491,0.521361,1.444873,1.589706,2.296922,0.422045,1.569044,137.037689,Oval
1.288740,1.269644,0.509573,1.545652,1.636241,2.529059,0.439008,1.541788,138.132935,Oval
1.201184,1.345083,0.512830,1.449698,1.615692,2.342266,0.410426,1.592004,137.660751,Oval
1.297298,1.343186,0.498185,1.494422,1.742514,2.604051,0.422477,1.609421,141.732544,Oval
1.184867,1.326312,0.519262,1.452004,1.571503,2.281829,0.429496,1.570805,134.266861,Oval
1.191831,1.355226,0.519886,1.419320,1.615200,2.292487,0.407746,1.590116,138.236633,Oval
1.164756,1.395083,0.524447,1.366780,1.624931,2.220923,0.412419,1.611279,138.936386,Oval
1.233034,1.368982,0.544438,1.341695,1.688001,2.264782,0.416581,1.568740,138.160934,Oval
1.231537,1.368521,0.512913,1.424639,1.685385,2.401065,0.421380,1.608197,143.386398,Oval
1.188969,1.406561,0.528391,1.345508,1.672358,2.250172,0.410567,1.613756,142.889694,Oval
1.223587,1.327349,0.509377,1.479024,1.624127,2.402122,0.429866,1.583834,138.708954,Oval
1.225348,1.402012,0.517494,1.378297,1.717952,2.367848,0.425431,1.625019,140.697159,Oval
1.201958,1.355479,0.526283,1.401806,1.629229,2.283863,0.425062,1.582241,138.797409,Oval
1.173748,1.354132,0.507202,1.455989,1.589409,2.314162,0.410742,1.605546,135.508728,Oval
1.209835,1.308289,0.517765,1.476262,1.582813,2.336647,0.427833,1.559913,135.833328,Oval
1.160750,1.366387,0.525692,1.392178,1.586033,2.208039,0.404438,1.590394,141.206177,Oval
1.231893,1.357486,0.502717,1.465349,1.672277,2.450470,0.399459,1.613719,134.497955,Oval
1.260963,1.350155,0.526751,1.406083,1.702496,2.393850,0.430096,1.578026,137.832031,Oval
1.169724,1.381491,0.539765,1.341056,1.615963,2.167097,0.415668,1.582753,142.120590,Oval
1.238971,1.350911,0.514647,1.438348,1.673740,2.407421,0.414129,1.593768,137.303253,Oval
1.181618,1.331425,0.489473,1.534458,1.573236,2.414064,0.412435,1.612191,130.442245,Oval
1.187339,1.348413,0.479577,1.546388,1.601024,2.475803,0.405177,1.637747,136.583969,Oval
1.171390,1.426473,0.554511,1.264229,1.670956,2.112472,0.411776,1.592939,144.099167,Oval
1.191408,1.338435,0.521724,1.432063,1.594622,2.283599,0.426531,1.576212,139.882904,Oval
1.165176,1.381118,0.519830,1.392862,1.609245,2.241456,0.412576,1.607871,137.513077,Oval
1.224860,1.328386,0.516546,1.457361,1.627087,2.371253,0.441280,1.575623,142.715912,Oval
1.201090,1.418940,0.540652,1.303522,1.704276,2.221560,0.412787,1.605906,140.599045,Oval
1.201960,1.367343,0.513497,1.424245,1.643492,2.340735,0.407897,1.606630,138.818207,Oval
1.147923,1.373613,0.518543,1.403948,1.576802,2.213749,0.410276,1.604429,138.015182,Oval
1.173134,1.314521,0.509196,1.493988,1.542109,2.303893,0.422325,1.574890,141.828537,Oval
1.182894,1.357145,0.514761,1.431423,1.605359,2.297948,0.412596,1.597952,140.523758,Oval
1.250687,1.371670,0.500489,1.456651,1.715531,2.498929,0.427293,1.626641,141.078705,Oval
1.188843,1.342263,0.543948,1.369635,1.595739,2.185580,0.413361,1.551640,141.670593,Oval
1.174790,1.372337,0.522790,1.393838,1.612208,2.247156,0.420245,1.598116,143.246765,Oval
1.301119,1.354170,0.501820,1.471564,1.761936,2.592802,0.410602,1.612540,137.834396,Oval
1.220667,1.357257,0.482361,1.527445,1.656760,2.530610,0.420788,1.640500,134.818329,Oval
1.277749,1.322335,0.491961,1.537191,1.689613,2.597258,0.411198,1.602309,140.541489,Oval
1.246185,1.348190,0.507189,1.462444,1.680094,2.457043,0.404212,1.601379,137.895523,Oval
1.179207,1.375369,0.529558,1.372989,1.621845,2.226776,0.423655,1.591551,139.587189,Oval
1.196955,1.375036,0.508431,1.430387,1.645856,2.354211,0.422444,1.618535,138.229767,Oval
1.182359,1.410604,0.553466,1.280867,1.667841,2.136283,0.400285,1.584307,141.876633,Oval
1.198044,1.361786,0.524792,1.399278,1.631479,2.282893,0.423195,1.588409,139.722992,Oval
1.242916,1.360303,0.526345,1.396670,1.690742,2.361410,0.434024,1.585445,139.999084,Oval
1.164223,1.312205,0.506164,1.505592,1.527700,2.300093,0.422486,1.576989,133.480087,Oval
1.219689,1.337747,0.511130,1.462497,1.631635,2.386261,0.410716,1.588997,132.401642,Oval
1.171705,1.371479,0.512454,1.422840,1.606968,2.286458,0.411933,1.610833,137.499924,Oval
1.220785,1.380104,0.519049,1.395981,1.684811,2.351965,0.412845,1.608193,140.868301,Oval
1.198833,1.351346,0.525366,1.408548,1.620038,2.281902,0.424334,1.580567,140.645111,Oval
1.226540,1.328691,0.512353,1.468948,1.629693,2.393934,0.434638,1.581061,137.298965,Oval
1.227988,1.342290,0.522921,1.424681,1.648316,2.348324,0.420905,1.577391,140.221771,Oval
1.204570,1.410286,0.547462,1.295205,1.698788,2.200278,0.416971,1.591675,143.027237,Oval
1.218745,1.315320,0.498010,1.526620,1.603039,2.447231,0.436377,1.589470,137.995270,Oval
1.198787,1.389608,0.539542,1.333776,1.665844,2.221862,0.424843,1.588349,144.145065,Oval
1.252509,1.383798,0.511910,1.411671,1.733220,2.446737,0.406223,1.620012,140.387741,Oval
1.198085,1.308826,0.497891,1.534561,1.568085,2.406322,0.404596,1.584869,129.566803,Oval
1.213063,1.385497,0.531641,1.357612,1.680695,2.281732,0.409555,1.595655,140.890839,Oval
1.216293,1.303863,0.493033,1.555578,1.585880,2.466959,0.436150,1.587321,136.020218,Oval
1.200141,1.420199,0.520597,1.352537,1.704439,2.305317,0.411332,1.633021,137.676468,Oval
1.240172,1.351180,0.489442,1.512118,1.675696,2.533850,0.420152,1.626630,139.133682,Oval
1.225096,1.355765,0.515653,1.430401,1.660942,2.375813,0.412271,1.595858,137.377411,Oval
1.235918,1.358410,0.504358,1.459588,1.678884,2.450479,0.411820,1.612237,137.362350,Oval
1.250153,1.382899,0.523367,1.381666,1.728835,2.388674,0.424436,1.604511,144.334839,Oval
1.185845,1.351739,0.525654,1.407366,1.602952,2.255940,0.415625,1.580475,135.263519,Oval
1.176149,1.346637,0.506572,1.465912,1.583846,2.321779,0.413316,1.601072,137.889999,Oval
1.171202,1.365081,0.523956,1.398128,1.598786,2.235307,0.416530,1.591707,135.234268,Oval
1.154289,1.338454,0.529000,1.412345,1.544963,2.182021,0.445177,1.567238,142.583435,Oval
1.227668,1.327288,0.493324,1.527223,1.629468,2.488562,0.425882,1.604183,134.391098,Oval
1.190277,1.357855,0.517584,1.422873,1.616223,2.299679,0.421680,1.594846,139.311142,Oval
1.214937,1.354994,0.493008,1.496954,1.646232,2.464335,0.424164,1.624670,135.771439,Oval
1.154001,1.332160,0.505452,1.485126,1.537314,2.283105,0.404082,1.592214,132.541382,Oval
1.207002,1.337303,0.491847,1.520337,1.614128,2.454019,0.420486,1.613396,137.635986,Oval
1.190891,1.332516,0.504533,1.487435,1.586881,2.360383,0.410039,1.593635,132.597107,Oval
1.158528,1.373593,0.504351,1.443475,1.591346,2.297067,0.415615,1.622891,136.333054,Oval
1.172417,1.368570,0.545161,1.340319,1.604535,2.150589,0.418045,1.567582,139.005203,Oval
1.176723,1.377773,0.518425,1.400027,1.621257,2.269803,0.402542,1.607414,140.045700,Oval
1.215725,1.323659,0.507913,1.487422,1.609205,2.393567,0.409246,1.583036,137.112762,Oval
1.215254,1.381065,0.524615,1.380210,1.678346,2.316469,0.418478,1.601674,145.011902,Oval
1.177439,1.353823,0.528714,1.397067,1.594044,2.226987,0.418151,1.578080,138.454544,Oval
1.171271,1.403656,0.553479,1.287176,1.644061,2.116196,0.424516,1.579898,145.286514,Oval
1.221570,1.333450,0.502985,1.490968,1.628901,2.428641,0.418196,1.596272,134.843094,Oval
1.187340,1.334266,0.481749,1.555739,1.584227,2.464644,0.415971,1.624399,137.200256,Oval
1.215151,1.353448,0.506499,1.458747,1.644643,2.399119,0.442082,1.605971,137.537155,Oval
1.242571,1.387012,0.534228,1.349562,1.723461,2.325917,0.428949,1.593368,143.551132,Oval
1.155408,1.324062,0.527289,1.432329,1.529831,2.191221,0.426929,1.559404,140.281677,Oval
1.198572,1.326572,0.511591,1.473485,1.589992,2.342830,0.416542,1.580510,135.885986,Oval
1.240634,1.374247,0.522828,1.391798,1.704937,2.372928,0.421988,1.599361,141.066895,Oval
1.217756,1.365891,0.529531,1.382588,1.663322,2.299689,0.410197,1.585221,138.308105,Oval
1.147002,1.337437,0.501247,1.491676,1.534043,2.288296,0.420473,1.601350,135.045959,Oval
1.224198,1.398771,0.515546,1.386712,1.712372,2.374567,0.411355,1.625410,140.899048,Oval
1.270777,1.398425,0.523748,1.365332,1.777087,2.426314,0.429007,1.614416,141.859009,Oval
1.210640,1.328067,0.487286,1.545240,1.607811,2.484455,0.410815,1.612566,136.713150,Oval
1.240499,1.376686,0.531196,1.367447,1.707779,2.335297,0.444115,1.590359,144.295486,Oval
1.182625,1.359556,0.531602,1.383619,1.607846,2.224646,0.419767,1.578363,142.853104,Oval
1.234036,1.345479,0.526018,1.412936,1.660370,2.345997,0.420536,1.575737,136.773453,Oval
1.168515,1.326411,0.503976,1.495934,1.549931,2.318594,0.420534,1.589965,136.068420,Oval
1.284905,1.368669,0.497095,1.469813,1.758610,2.584828,0.396708,1.629020,138.739578,Oval
1.175698,1.352350,0.500805,1.476530,1.589956,2.347616,0.401269,1.612567,137.871597,Oval
1.171551,1.388728,0.512355,1.405439,1.626966,2.286601,0.396974,1.622800,140.057175,Oval
1.179506,1.370134,0.518980,1.406328,1.616082,2.272741,0.411922,1.601493,142.767349,Oval
1.256102,1.461984,0.559441,1.222652,1.836400,2.245278,0.411499,1.608437,145.762573,Oval
1.194041,1.321746,0.481491,1.571318,1.578219,2.479884,0.408740,1.615423,134.119019,Oval
1.198315,1.342376,0.541482,1.375758,1.608588,2.213027,0.429367,1.554690,141.798096,Oval
1.239850,1.399870,0.559338,1.277138,1.735628,2.216637,0.437512,1.570240,146.132416,Oval
1.144721,1.335653,0.527791,1.418549,1.528950,2.168890,0.421831,1.566798,139.174026,Oval
1.207047,1.367595,0.533743,1.369969,1.650751,2.261477,0.419207,1.581086,137.036102,Oval
1.185370,1.327722,0.497639,1.513485,1.573843,2.381988,0.417129,1.598966,138.120102,Oval
1.189323,1.388438,0.514335,1.400320,1.651301,2.312351,0.416120,1.619999,138.564453,Oval
1.265053,1.358068,0.501357,1.468693,1.718029,2.523257,0.413460,1.615904,136.707550,Oval
1.251542,1.375769,0.522375,1.391464,1.721832,2.395867,0.407985,1.600971,137.437164,Oval
1.176039,1.365767,0.505131,1.449503,1.606195,2.328184,0.414517,1.616396,136.241943,Oval
1.209643,1.317304,0.491463,1.544625,1.593468,2.461310,0.424152,1.599246,138.303116,Oval
1.210724,1.365845,0.507757,1.441925,1.653661,2.384456,0.424471,1.613028,138.811569,Oval
1.236154,1.334810,0.493173,1.519082,1.650031,2.506533,0.398839,1.609861,136.577301,Oval
1.229619,1.384010,0.512256,1.410501,1.701805,2.400398,0.413576,1.619703,136.050461,Oval
1.220165,1.354422,0.502135,1.470365,1.652619,2.429952,0.420586,1.612308,137.593353,Oval
1.173495,1.332279,0.525455,1.428463,1.563423,2.233292,0.416211,1.567339,138.217392,Oval
1.298022,1.357534,0.505588,1.456977,1.762109,2.567353,0.403779,1.610024,138.408600,Oval
1.153306,1.383830,0.555800,1.300165,1.595978,2.075036,0.409021,1.564416,142.092087,Oval
1.160088,1.367470,0.554368,1.319119,1.586385,2.092631,0.416341,1.555639,141.602264,Oval
1.256210,1.391068,0.534509,1.344921,1.747475,2.350215,0.410967,1.595685,140.697922,Oval
1.199897,1.375367,0.539765,1.347028,1.650299,2.222998,0.417513,1.578727,141.406281,Oval
1.160363,1.318719,0.522828,1.450404,1.530193,2.219398,0.411319,1.561110,140.004074,Oval
1.199883,1.368191,0.514734,1.419941,1.641670,2.331074,0.421455,1.605618,141.267349,Oval
1.243648,1.354673,0.507153,1.455550,1.684736,2.452216,0.429012,1.605989,141.727631,Oval
1.180100,1.383759,0.494119,1.462540,1.632974,2.388290,0.409551,1.643671,136.780899,Oval
1.187757,1.346316,0.510427,1.455189,1.599097,2.326989,0.405203,1.595922,138.474213,Oval
1.172778,1.352117,0.515712,1.434096,1.585734,2.274094,0.429699,1.593253,138.576797,Oval
1.243756,1.330177,0.504420,1.490383,1.654416,2.465714,0.407142,1.592103,137.217819,Oval
1.221439,1.356178,0.485557,1.518600,1.656489,2.515543,0.410238,1.635426,138.073776,Oval
1.224320,1.331255,0.499968,1.502437,1.629882,2.448795,0.421763,1.598544,132.667099,Oval
1.377952,1.364845,0.525969,1.393016,1.880692,2.619834,0.415515,1.589000,146.849701,Oval
1.242022,1.409460,0.539331,1.315504,1.750580,2.302895,0.421355,1.601509,144.706146,Oval
1.269227,1.287059,0.504974,1.538625,1.633570,2.513452,0.422714,1.560137,136.639236,Oval
1.230060,1.353008,0.507324,1.456847,1.664281,2.424602,0.422505,1.604598,141.401810,Oval
1.193630,1.330106,0.504838,1.489228,1.587655,2.364380,0.420290,1.591523,137.058823,Oval
1.233295,1.384286,0.527648,1.369084,1.707232,2.337345,0.427079,1.599946,142.319275,Oval
1.218236,1.354294,0.504871,1.462535,1.649851,2.412965,0.403969,1.608670,135.294907,Oval
1.216045,1.379446,0.510273,1.420669,1.677469,2.383129,0.415372,1.619170,138.616440,Oval
1.220832,1.376544,0.508564,1.428446,1.680529,2.400545,0.419967,1.619405,136.173019,Oval
1.191317,1.353979,0.494244,1.494331,1.613017,2.410382,0.420765,1.622313,135.727127,Oval
1.222054,1.341125,0.489789,1.522375,1.638928,2.495063,0.416793,1.618868,136.167480,Oval
1.245109,1.335313,0.515286,1.453345,1.662610,2.416346,0.416910,1.582061,138.947418,Oval
1.216563,1.320626,0.492683,1.536923,1.606625,2.469260,0.409093,1.600128,134.769272,Oval
1.192024,1.363910,0.511427,1.433609,1.625813,2.330780,0.411477,1.606925,138.803955,Oval
1.240429,1.323670,0.501486,1.506474,1.641918,2.473508,0.419728,1.591139,135.296265,Oval
1.195124,1.336677,0.522316,1.432321,1.597495,2.288125,0.434098,1.574258,133.841339,Oval
1.241104,1.367154,0.521707,1.402025,1.696781,2.378929,0.400130,1.595974,141.049606,Oval
1.173374,1.369099,0.504201,1.448642,1.606465,2.327193,0.421833,1.619946,138.017288,Oval
1.196122,1.303952,0.509280,1.505852,1.559685,2.348655,0.427111,1.567178,134.762131,Oval
1.230039,1.360316,0.511846,1.436221,1.673242,2.403145,0.412973,1.603889,141.195221,Oval
1.256321,1.360024,0.522436,1.407410,1.708627,2.404739,0.401813,1.590183,140.031006,Oval
1.203356,1.349923,0.508696,1.456238,1.624437,2.365568,0.413556,1.600666,139.404297,Oval
1.220139,1.356972,0.496063,1.485567,1.655694,2.459645,0.420221,1.622063,135.606781,Oval
1.211554,1.309050,0.476083,1.604581,1.585984,2.544840,0.405533,1.612909,134.783463,Oval
1.243648,1.354673,0.507153,1.455550,1.684736,2.452216,0.429012,1.605989,141.727631,Oval
1.280461,1.378937,0.518897,1.397572,1.765675,2.467657,0.417654,1.607596,139.890152,Oval
1.205670,1.401817,0.505961,1.409910,1.690128,2.382928,0.414172,1.640257,141.004395,Oval
1.188969,1.406561,0.528391,1.345508,1.672358,2.250172,0.410567,1.613756,142.889694,Oval
1.154001,1.352198,0.527661,1.401537,1.560438,2.187011,0.420038,1.578285,137.658035,Oval
1.176998,1.361933,0.520091,1.411774,1.602992,2.263062,0.419530,1.594462,137.815140,Oval
1.205532,1.272886,0.504263,1.557949,1.534505,2.390681,0.435780,1.550532,133.707245,Oval
1.248970,1.289737,0.504212,1.537750,1.610843,2.477074,0.433578,1.563033,133.050446,Oval
1.216298,1.360495,0.526615,1.395758,1.654766,2.309654,0.416924,1.585236,141.826553,Oval
1.175573,1.313906,0.494623,1.538726,1.544592,2.376703,0.406572,1.592721,132.512466,Oval
1.208780,1.383460,0.510077,1.417090,1.672299,2.369799,0.415637,1.622188,142.369598,Oval
1.178064,1.408924,0.530689,1.337435,1.659801,2.219877,0.423574,1.612318,142.605667,Oval
1.173503,1.421901,0.551417,1.275412,1.668605,2.128158,0.423745,1.594005,142.896942,Oval
1.237233,1.345938,0.516677,1.437989,1.665239,2.394596,0.413271,1.587739,139.757370,Oval
1.180899,1.346136,0.503256,1.476123,1.589651,2.346519,0.418033,1.604978,137.474197,Oval
1.174137,1.337045,0.495174,1.510415,1.569875,2.371161,0.419968,1.608892,135.740906,Oval
1.225083,1.335241,0.506620,1.478282,1.635782,2.418148,0.403885,1.592929,134.119705,Oval
1.164585,1.317261,0.522087,1.454071,1.534063,2.230636,0.412591,1.560991,139.945679,Oval
1.231714,1.399750,0.516266,1.383809,1.724092,2.385813,0.408560,1.625119,139.904968,Oval
1.230768,1.368446,0.539761,1.353851,1.684240,2.280211,0.429025,1.574163,140.908218,Oval
1.228920,1.325263,0.494849,1.524844,1.628641,2.483423,0.414950,1.600747,138.436996,Oval
1.162413,1.395140,0.518480,1.382452,1.621729,2.241962,0.407765,1.619100,140.846268,Oval
1.242410,1.401490,0.521821,1.367377,1.741225,2.380910,0.405706,1.618977,141.524567,Oval
1.270577,1.323330,0.497460,1.519055,1.681392,2.554127,0.419494,1.596003,136.986755,Oval
1.200974,1.335057,0.509109,1.471259,1.603369,2.358970,0.415070,1.589647,139.095795,Oval
1.211236,1.361944,0.520450,1.410789,1.649636,2.327287,0.421707,1.594014,140.458511,Oval
1.218472,1.349196,0.495453,1.495968,1.643958,2.459309,0.416801,1.617292,139.635208,Oval
1.202991,1.333500,0.493541,1.519441,1.604188,2.437469,0.423101,1.608432,140.528824,Oval
1.212936,1.339602,0.507139,1.471964,1.624850,2.391721,0.405815,1.595367,136.940598,Oval
1.170772,1.347297,0.511191,1.451955,1.577377,2.290282,0.408486,1.595637,134.419159,Oval
1.174131,1.367430,0.534298,1.368710,1.605542,2.197521,0.412190,1.580282,139.783997,Oval
1.173046,1.388082,0.540469,1.332952,1.628284,2.170424,0.411625,1.586185,141.340790,Oval
1.275692,1.347390,0.517732,1.433513,1.718855,2.464001,0.421745,1.587418,144.851471,Oval
1.121225,1.382577,0.533756,1.355089,1.550179,2.100630,0.412585,1.591035,140.350098,Oval
1.203279,1.307893,0.504389,1.515869,1.573760,2.385615,0.431764,1.576071,136.868973,Oval
1.199067,1.327469,0.503890,1.494995,1.591725,2.379621,0.417249,1.590832,138.322861,Oval
1.186308,1.359493,0.504028,1.459381,1.612777,2.353656,0.408625,1.613429,134.569031,Oval
1.203619,1.365799,0.528074,1.386496,1.643903,2.279265,0.433634,1.586992,143.153503,Oval
1.244987,1.353006,0.497744,1.484890,1.684475,2.501261,0.414464,1.617026,138.441193,Oval
1.147537,1.358100,0.507690,1.450339,1.558470,2.260310,0.408555,1.607700,138.970200,Oval
1.144462,1.330244,0.495976,1.515681,1.522414,2.307494,0.433535,1.602926,132.656860,Oval
1.184100,1.354936,0.532861,1.385056,1.604379,2.222155,0.418494,1.573684,140.375351,Oval
1.221038,1.311097,0.488852,1.560226,1.600899,2.497764,0.407674,1.597990,136.113220,Oval
1.198833,1.338695,0.525055,1.422700,1.604872,2.283252,0.433206,1.572264,141.128922,Oval
1.117999,1.329480,0.483181,1.556713,1.486357,2.313831,0.422362,1.618968,132.145905,Oval
1.171789,1.389762,0.480844,1.496426,1.628507,2.436941,0.394875,1.666122,139.211227,Oval
1.193162,1.382752,0.521847,1.385839,1.649847,2.286422,0.408046,1.606371,137.078354,Oval
1.188540,1.326036,0.496753,1.518115,1.576046,2.392619,0.416951,1.598874,134.684540,Oval
1.240448,1.408765,0.513488,1.382393,1.747499,2.415730,0.418611,1.634883,140.843643,Oval
1.206639,1.345799,0.513870,1.445994,1.623894,2.348140,0.417157,1.591187,141.199524,Oval
1.232289,1.389961,0.525490,1.369092,1.712834,2.345027,0.418684,1.606510,143.723114,Oval
1.117746,1.348454,0.503330,1.473369,1.507228,2.220703,0.399518,1.606529,134.734772,Oval
1.247863,1.333018,0.522979,1.434430,1.663424,2.386066,0.420622,1.570898,138.658569,Oval
1.158440,1.388957,0.540168,1.332853,1.609023,2.144592,0.417719,1.587135,145.568405,Oval
1.226724,1.387920,0.541683,1.330119,1.702595,2.264654,0.415998,1.584554,143.556381,Oval
1.189778,1.355734,0.512275,1.439866,1.613023,2.322537,0.429764,1.600150,139.004425,Oval
1.211814,1.340747,0.508229,1.467551,1.624737,2.384385,0.421015,1.594792,136.708389,Oval
1.209848,1.381488,0.544913,1.328391,1.671391,2.220261,0.416680,1.576330,143.625137,Oval
1.199473,1.332909,0.495732,1.513396,1.598788,2.419599,0.423521,1.605174,136.239716,Oval
1.154739,1.322754,0.505819,1.494602,1.527435,2.282908,0.426855,1.585015,137.231903,Oval
1.163364,1.354943,0.500998,1.473135,1.576291,2.322090,0.407966,1.614157,137.864563,Oval
1.183143,1.394605,0.517365,1.385964,1.650017,2.286864,0.428112,1.620203,133.888596,Oval
1.234809,1.327484,0.495550,1.520139,1.639190,2.491796,0.412854,1.601468,136.713654,Oval
1.166981,1.324245,0.483659,1.561324,1.545369,2.412820,0.409788,1.614458,134.119034,Oval
1.199325,1.329514,0.493764,1.523309,1.594519,2.428945,0.416614,1.605241,134.626770,Oval
1.180419,1.327163,0.515825,1.460742,1.566608,2.288411,0.413825,1.575657,137.340042,Oval
1.247190,1.382849,0.502189,1.439986,1.724676,2.483509,0.403785,1.632208,140.172485,Oval
1.162413,1.395140,0.518480,1.382452,1.621729,2.241962,0.407765,1.619100,140.846268,Oval
1.204810,1.344506,0.509188,1.460693,1.619874,2.366139,0.418482,1.596226,136.107941,Oval
1.268204,1.351262,0.510003,1.451068,1.713675,2.486658,0.416209,1.599933,139.888748,Oval
1.172822,1.386034,0.537730,1.341721,1.625572,2.181063,0.408694,1.588294,140.524963,Oval
1.206510,1.412947,0.528471,1.339223,1.704734,2.283019,0.421291,1.617846,141.136154,Oval
1.153938,1.372383,0.537174,1.356467,1.583645,2.148162,0.423146,1.579986,138.874496,Oval
1.211264,1.358180,0.512459,1.436757,1.645115,2.363630,0.411207,1.601616,138.151199,Oval
1.197218,1.376081,0.496240,1.464414,1.647469,2.412576,0.421029,1.635401,135.760941,Oval
1.272510,1.344759,0.508284,1.463015,1.711220,2.503541,0.424017,1.597557,138.555771,Oval
1.192624,1.288152,0.515424,1.506150,1.536281,2.313871,0.426195,1.548311,133.755585,Oval
1.177173,1.360330,0.539538,1.362491,1.601343,2.181815,0.415119,1.569053,140.255753,Oval
1.161153,1.387134,0.530768,1.358242,1.610674,2.187685,0.407582,1.597854,138.738220,Oval
1.142980,1.367189,0.521598,1.402284,1.562669,2.191305,0.411914,1.596137,142.701706,Oval
1.154989,1.322467,0.491460,1.538603,1.527434,2.350116,0.414313,1.603048,132.834106,Oval
1.200157,1.389474,0.531206,1.354835,1.667588,2.259306,0.405912,1.598845,139.650696,Oval
1.234760,1.363125,0.518128,1.415882,1.683132,2.383118,0.413192,1.597781,138.553726,Oval
1.178726,1.322593,0.499145,1.514772,1.558976,2.361493,0.413827,1.593327,136.285706,Oval
1.165753,1.310961,0.487845,1.563610,1.528256,2.389597,0.415023,1.599176,132.984222,Oval
1.224784,1.377796,0.519823,1.396240,1.687502,2.356157,0.405838,1.605627,135.395828,Oval
1.203668,1.374307,0.527140,1.380353,1.654209,2.283393,0.416123,1.593905,141.009415,Oval
1.361586,1.320115,0.485061,1.561679,1.797450,2.807039,0.422737,1.609566,145.115692,Oval
1.201840,1.342176,0.507497,1.468106,1.613080,2.368172,0.408805,1.596735,138.588211,Oval
1.235148,1.343045,0.488943,1.522830,1.658859,2.526160,0.413543,1.621376,137.787140,Oval
1.221025,1.416474,0.516937,1.365695,1.729550,2.362038,0.410092,1.635436,140.838257,Oval
1.213550,1.350846,0.501118,1.477251,1.639320,2.421686,0.408440,1.611091,139.154037,Oval
1.154071,1.389151,0.539442,1.334461,1.603179,2.139380,0.418945,1.588176,139.198090,Oval
1.222002,1.352523,0.528856,1.398034,1.652785,2.310650,0.406500,1.577020,139.712799,Oval
1.236105,1.382714,0.523808,1.380687,1.709179,2.359842,0.414405,1.603818,137.647476,Oval
1.167071,1.407519,0.532261,1.334816,1.642674,2.192668,0.410794,1.609359,140.239838,Oval
1.214224,1.302173,0.513150,1.496534,1.581131,2.366215,0.427353,1.561162,138.823883,Oval
1.191801,1.365749,0.530005,1.381493,1.627701,2.248658,0.424078,1.584530,140.550018,Oval
1.164533,1.353098,0.511800,1.444010,1.575727,2.275365,0.414601,1.598919,140.195877,Oval
1.211230,1.410639,0.529393,1.339077,1.708609,2.287958,0.420453,1.615128,141.046234,Oval
1.174231,1.366277,0.522106,1.401853,1.604325,2.249028,0.416946,1.594869,135.486099,Oval
1.173003,1.363180,0.548912,1.336423,1.599014,2.136958,0.424279,1.559465,141.600067,Oval
1.148330,1.315473,0.505813,1.502894,1.510597,2.270268,0.422039,1.579785,138.042618,Oval
1.155496,1.352873,0.511171,1.446029,1.563240,2.260490,0.400086,1.599567,136.138687,Oval
1.181935,1.367096,0.516912,1.415090,1.615818,2.286528,0.422787,1.602063,139.885284,Oval
1.217544,1.354773,0.505093,1.461377,1.649496,2.410535,0.419495,1.608721,138.429001,Oval
1.201486,1.347822,0.503982,1.472151,1.619390,2.383986,0.423080,1.605240,136.836609,Oval
1.202186,1.346400,0.494125,1.503103,1.618623,2.432957,0.421232,1.617016,138.467087,Oval
1.207271,1.352809,0.499708,1.479270,1.633207,2.415954,0.413870,1.614322,139.243683,Oval
1.197515,1.365944,0.521281,1.404415,1.635738,2.297255,0.406574,1.595692,139.634460,Oval
1.244200,1.361263,0.544118,1.350096,1.693684,2.286635,0.424903,1.564052,142.024872,Oval
1.154084,1.345111,0.528659,1.406261,1.552371,2.183038,0.405769,1.572212,137.203812,Oval
1.280444,1.371353,0.525503,1.387637,1.755940,2.436607,0.422928,1.593994,138.101349,Oval
1.140076,1.368625,0.522635,1.398030,1.560337,2.181398,0.409289,1.595793,140.984863,Oval
1.165347,1.293304,0.486403,1.589654,1.507148,2.395843,0.411579,1.587785,136.070068,Oval
1.199942,1.365472,0.541696,1.351952,1.638487,2.215156,0.428973,1.569805,142.077454,Oval
1.199634,1.389213,0.526960,1.366008,1.666548,2.276518,0.428938,1.604117,140.782425,Oval
1.227873,1.379138,0.506756,1.430847,1.693407,2.423007,0.414980,1.623579,143.018784,Oval
1.218803,1.360921,0.514053,1.429417,1.658695,2.370967,0.413701,1.601474,139.486267,Oval
1.195126,1.336380,0.510396,1.466096,1.597142,2.341564,0.406517,1.588958,134.233109,Oval
1.188412,1.385073,0.540092,1.336779,1.646038,2.200389,0.409543,1.584691,144.714691,Oval
1.186418,1.364969,0.529138,1.384549,1.619424,2.242171,0.408057,1.585093,139.948822,Oval
1.180712,1.356856,0.508792,1.448524,1.602056,2.320617,0.401709,1.605406,139.864609,Oval
1.205192,1.364883,0.509158,1.438972,1.644946,2.367032,0.418582,1.610538,135.898178,Oval
1.241631,1.355882,0.503805,1.463915,1.683505,2.464508,0.425127,1.611173,138.473068,Oval
1.219276,1.366552,0.516655,1.416358,1.666205,2.359942,0.407974,1.602020,137.248627,Oval
1.192036,1.371454,0.513020,1.421296,1.634822,2.323567,0.410945,1.610082,140.030441,Oval
1.245978,1.329973,0.510764,1.472098,1.657117,2.439440,0.406199,1.583959,140.332047,Oval
1.223418,1.378323,0.519801,1.395762,1.686265,2.353625,0.406801,1.606012,141.938812,Oval
1.154821,1.302033,0.492394,1.559786,1.503615,2.345318,0.400183,1.586768,135.971893,Oval
1.180712,1.356856,0.508792,1.448524,1.602056,2.320617,0.401709,1.605406,139.864609,Oval
1.225639,1.325488,0.491255,1.535739,1.624570,2.494915,0.419816,1.605531,136.793579,Oval
1.160750,1.366387,0.525692,1.392178,1.586033,2.208039,0.404438,1.590394,141.206177,Oval
1.238847,1.308065,0.512160,1.492673,1.620493,2.418866,0.434032,1.566602,136.125870,Oval
1.229717,1.346314,0.506801,1.465603,1.655585,2.426430,0.414999,1.600551,136.253845,Oval
1.195770,1.355623,0.491746,1.500099,1.621013,2.431681,0.411600,1.626790,136.086884,Oval
1.189788,1.392936,0.545571,1.315884,1.657299,2.180813,0.421165,1.582931,141.121185,Oval
1.193816,1.391904,0.535998,1.340379,1.661677,2.227278,0.415772,1.594339,140.851608,Oval
1.227040,1.404200,0.522194,1.363764,1.723009,2.349779,0.422986,1.620295,143.479065,Oval
1.181752,1.352311,0.528975,1.397940,1.598096,2.234042,0.417327,1.576728,139.315262,Oval
1.218023,1.343500,0.485287,1.533782,1.636414,2.509903,0.409653,1.626530,139.342743,Oval
1.240730,1.390097,0.519505,1.384729,1.724735,2.388291,0.422892,1.614362,143.135605,Oval
1.206820,1.354997,0.504600,1.462562,1.635237,2.391636,0.420488,1.609517,137.518448,Oval
1.199067,1.327469,0.503890,1.494995,1.591725,2.379621,0.417249,1.590832,138.322861,Oval
1.229119,1.396719,0.509858,1.404242,1.716734,2.410710,0.409627,1.631559,139.396698,Oval
1.234493,1.341900,0.494279,1.507674,1.656567,2.497562,0.416563,1.613565,137.011688,Oval
1.235119,1.328088,0.488209,1.542296,1.640348,2.529901,0.415705,1.611382,136.504257,Oval
1.233803,1.379242,0.521037,1.391525,1.701713,2.367975,0.413585,1.605042,142.483795,Oval
1.219690,1.324521,0.510829,1.477972,1.615504,2.387670,0.431656,1.580005,138.510193,Oval
1.232710,1.336571,0.490335,1.525860,1.647604,2.514014,0.413641,1.614833,135.725174,Oval
1.198968,1.279787,0.515269,1.516452,1.534423,2.326879,0.439924,1.542438,139.754150,Oval
1.222897,1.365468,0.531600,1.377633,1.669827,2.300408,0.418348,1.582342,140.860657,Oval
1.170177,1.337290,0.505645,1.478865,1.564865,2.314225,0.417689,1.595626,137.393402,Oval
1.240309,1.349693,0.529682,1.398780,1.674036,2.341609,0.426183,1.574070,143.252472,Oval
1.199592,1.353555,0.508824,1.451965,1.623713,2.357575,0.419265,1.603053,138.406738,Oval
1.180150,1.356558,0.512496,1.438371,1.600942,2.302749,0.426854,1.600441,139.684433,Oval
1.184100,1.354936,0.532861,1.385056,1.604379,2.222155,0.418494,1.573684,140.375351,Oval
1.287390,1.362297,0.523395,1.402486,1.753808,2.459691,0.426643,1.590522,139.296890,Oval
1.200135,1.336188,0.511284,1.463760,1.603606,2.347295,0.408450,1.587702,136.815674,Oval
1.249210,1.308721,0.492528,1.551394,1.634867,2.536323,0.427068,1.591555,135.845703,Oval
1.240494,1.331437,0.526443,1.426686,1.651639,2.356371,0.436634,1.565544,138.884079,Oval
1.140169,1.381271,0.519796,1.392797,1.574883,2.193492,0.416789,1.608018,139.616806,Oval
1.174158,1.351225,0.507754,1.457536,1.586552,2.312457,0.410630,1.602791,138.829895,Oval
1.154452,1.354367,0.498382,1.481500,1.563552,2.316402,0.416711,1.617162,137.156616,Oval
1.216298,1.360495,0.526615,1.395758,1.654766,2.309654,0.416924,1.585236,141.826553,Oval
1.237303,1.333847,0.490848,1.527379,1.650372,2.520744,0.412737,1.612176,134.581482,Oval
1.189010,1.313891,0.489797,1.553905,1.562229,2.427556,0.416549,1.598855,136.809906,Oval
1.194675,1.341083,0.490399,1.520530,1.602158,2.436128,0.406150,1.618038,139.357208,Oval
1.156550,1.359687,0.503555,1.460543,1.572546,2.296772,0.417209,1.614181,138.384918,Oval
1.182026,1.350213,0.489952,1.511625,1.595986,2.412533,0.410673,1.625255,135.563843,Oval
1.233051,1.391183,0.529680,1.357070,1.715399,2.327918,0.418146,1.601932,142.185623,Oval
1.317933,1.367562,0.539346,1.355767,1.802356,2.443575,0.428871,1.574091,145.754593,Oval
1.175713,1.414939,0.538876,1.311515,1.663562,2.181787,0.414520,1.605625,141.920486,Oval
1.210633,1.327129,0.489378,1.539724,1.606667,2.473823,0.413514,1.609161,135.614182,Oval
1.151236,1.294767,0.521295,1.481580,1.490582,2.208416,0.445224,1.546031,139.270432,Oval
1.168854,1.319321,0.492244,1.539815,1.542094,2.374540,0.405496,1.599731,131.285385,Oval
1.241089,1.358833,0.506950,1.451672,1.686432,2.448146,0.410390,1.609171,137.641144,Oval
1.258796,1.335644,0.491715,1.522634,1.681303,2.560009,0.415081,1.612360,134.850647,Oval
1.217959,1.333772,0.529421,1.416177,1.624479,2.300549,0.415303,1.563508,136.006256,Oval
1.209214,1.378004,0.489575,1.482281,1.666302,2.469927,0.432386,1.645735,138.935822,Oval
1.158569,1.313871,0.522012,1.458032,1.522210,2.219431,0.435822,1.558699,138.047028,Oval
1.217131,1.293628,0.516903,1.495483,1.574514,2.354659,0.445784,1.550480,140.398590,Oval
1.228191,1.365311,0.509141,1.438568,1.676863,2.412281,0.438699,1.610857,139.938202,Oval
1.190182,1.337854,0.515879,1.448917,1.592289,2.307095,0.405693,1.583099,138.591049,Oval
1.166537,1.333633,0.513877,1.459165,1.555732,2.270069,0.400580,1.582643,138.291870,Oval
1.213197,1.397833,0.525916,1.360279,1.695847,2.306825,0.401718,1.611202,138.441208,Oval
1.217852,1.378380,0.526707,1.377405,1.678663,2.312198,0.427964,1.597193,139.253555,Oval
1.211354,1.372349,0.530838,1.372692,1.662401,2.281964,0.421216,1.587911,138.612122,Oval
1.204963,1.342500,0.520472,1.431161,1.617663,2.315136,0.402867,1.580590,134.904129,Oval
1.225493,1.396577,0.539406,1.327454,1.711495,2.271931,0.415249,1.593064,142.739792,Oval
1.225622,1.373360,0.498253,1.461388,1.683221,2.459838,0.426768,1.630797,139.265610,Oval
1.228782,1.362031,0.508405,1.444119,1.673640,2.416935,0.412182,1.609525,138.873871,Oval
1.189793,1.327445,0.492018,1.531095,1.579384,2.418187,0.400082,1.605981,135.127792,Oval
1.244701,1.350298,0.497475,1.488671,1.680718,2.502035,0.423469,1.615440,137.445908,Oval
1.156624,1.388866,0.551925,1.304546,1.606395,2.095617,0.407865,1.572404,142.238495,Oval
1.241631,1.355882,0.503805,1.463915,1.683505,2.464508,0.425127,1.611173,138.473068,Oval
1.246452,1.390186,0.529958,1.357331,1.732800,2.351984,0.423561,1.600915,144.049988,Oval
1.251744,1.388841,0.503075,1.431248,1.738473,2.488186,0.415800,1.635190,143.061493,Oval
1.145898,1.368700,0.544899,1.340838,1.568390,2.102956,0.417385,1.567989,144.753494,Oval
1.207149,1.346583,0.516280,1.438407,1.625527,2.338170,0.426378,1.588689,136.598892,Oval
1.181056,1.298984,0.490141,1.570634,1.534174,2.409626,0.431217,1.587335,132.334015,Oval
1.205295,1.315855,0.491693,1.545604,1.585994,2.451319,0.418648,1.597885,138.102219,Oval
1.245438,1.335158,0.491952,1.522454,1.662857,2.531624,0.402889,1.611698,135.215775,Oval
1.228710,1.398366,0.517692,1.381364,1.718186,2.373439,0.405067,1.622308,138.103149,Oval
1.260088,1.391783,0.515923,1.392656,1.753769,2.442397,0.417971,1.620187,139.147583,Oval
1.200340,1.374588,0.501474,1.450706,1.649973,2.393624,0.415623,1.627387,137.760468,Oval
1.210494,1.330207,0.493874,1.522177,1.610207,2.451020,0.409184,1.605605,135.558151,Oval
1.173547,1.339283,0.495970,1.505470,1.571712,2.366165,0.412265,1.609479,138.355026,Oval
1.208240,1.392151,0.517172,1.388925,1.682053,2.336246,0.419935,1.618798,139.188782,Oval
1.205795,1.382037,0.503825,1.436153,1.666453,2.393281,0.418172,1.629468,140.102982,Oval
1.832266,1.309158,0.469611,1.626559,2.398726,3.901670,0.416742,1.621454,144.552307,Round
1.226811,1.345014,0.509716,1.458631,1.650077,2.406854,0.418012,1.595911,136.000504,Round
1.186365,1.333485,0.499697,1.500740,1.582000,2.374171,0.406081,1.600497,133.527039,Round
1.174028,1.410908,0.525201,1.349509,1.656445,2.235388,0.406541,1.620792,138.977356,Round
1.186987,1.333091,0.524971,1.428910,1.582362,2.261053,0.418137,1.568495,138.259567,Round
1.177509,1.311703,0.487466,1.563940,1.544542,2.415570,0.406378,1.600212,133.253326,Round
1.187721,1.341957,0.523551,1.423320,1.593870,2.268588,0.412959,1.576378,138.377380,Round
1.078057,1.363044,0.505019,1.452722,1.469439,2.134686,0.413066,1.614633,132.799896,Round
1.186681,1.326321,0.487200,1.547546,1.573920,2.435714,0.411529,1.611389,133.042679,Round
1.106878,1.328181,0.507077,1.484801,1.470134,2.182857,0.422312,1.587319,136.899872,Round
1.149388,1.374829,0.513562,1.416310,1.580212,2.238070,0.410159,1.611700,136.036270,Round
1.149229,1.314329,0.504832,1.507125,1.510465,2.276460,0.424120,1.580183,134.141022,Round
1.098482,1.309988,0.490351,1.556773,1.438998,2.240194,0.435502,1.595257,130.577682,Round
1.091778,1.300724,0.505620,1.520514,1.420102,2.159285,0.418723,1.569338,130.196640,Round
1.172028,1.357636,0.520105,1.416204,1.591187,2.253446,0.401476,1.591496,138.933090,Round
1.132820,1.350130,0.499603,1.482517,1.529453,2.267440,0.407503,1.612549,133.839981,Round
1.129116,1.389215,0.528740,1.361407,1.568585,2.135482,0.414398,1.601831,139.993668,Round
1.157357,1.328435,0.522562,1.440528,1.537474,2.214774,0.412937,1.568225,134.897018,Round
1.158415,1.320533,0.521310,1.452630,1.529725,2.222125,0.412211,1.564236,136.842239,Round
1.197426,1.383239,0.493373,1.465303,1.656326,2.427020,0.417905,1.644312,136.218704,Round
1.111838,1.339292,0.495084,1.508154,1.489076,2.245757,0.405092,1.610634,133.558289,Round
1.114555,1.326379,0.496766,1.517681,1.478322,2.243621,0.407914,1.599106,133.144821,Round
1.146198,1.392423,0.510983,1.405474,1.595991,2.243125,0.405588,1.627134,139.093597,Round
1.210122,1.369263,0.497844,1.466964,1.656976,2.430725,0.399664,1.628447,135.885574,Round
1.194435,1.298505,0.507721,1.516810,1.550979,2.352541,0.431770,1.565144,135.053192,Round
1.213260,1.333495,0.495288,1.514086,1.617877,2.449606,0.412524,1.606172,131.302094,Round
1.130047,1.343579,0.494391,1.505448,1.518307,2.285733,0.418298,1.614632,135.364746,Round
1.131556,1.318022,0.506130,1.499048,1.491417,2.235704,0.407016,1.581225,132.492310,Round
1.235359,1.399814,0.519958,1.373919,1.729273,2.375881,0.411049,1.620301,141.066940,Round
1.154116,1.343462,0.485053,1.534564,1.550512,2.379360,0.409740,1.626812,132.459290,Round
1.176902,1.391206,0.501798,1.432450,1.637313,2.345368,0.412887,1.638539,137.272842,Round
1.226660,1.348702,0.493652,1.501976,1.654399,2.484869,0.393820,1.619295,136.477310,Round
1.132052,1.361743,0.527942,1.390971,1.541564,2.144271,0.408090,1.584415,138.930130,Round
1.057157,1.361670,0.526683,1.394373,1.439499,2.007199,0.407545,1.585949,134.265030,Round
1.183589,1.314687,0.484135,1.571125,1.556049,2.444747,0.396516,1.606719,133.525604,Round
1.211858,1.333765,0.510627,1.468307,1.616334,2.373274,0.394787,1.586818,139.575150,Round
1.178367,1.323825,0.497319,1.518917,1.559952,2.369438,0.408701,1.596543,132.464539,Round
1.209820,1.328471,0.517237,1.455319,1.607210,2.339004,0.431755,1.574825,138.199265,Round
1.157921,1.312610,0.510503,1.492334,1.519898,2.268195,0.402688,1.571902,133.851517,Round
1.202910,1.345329,0.518433,1.433769,1.618309,2.320281,0.416262,1.585106,136.900436,Round
1.161611,1.352581,0.512388,1.442906,1.571173,2.267054,0.401828,1.597807,137.466339,Round
1.226449,1.371526,0.521010,1.399426,1.682106,2.353983,0.415774,1.599840,137.683029,Round
1.205302,1.358586,0.515115,1.428921,1.637506,2.339867,0.425301,1.598498,137.016708,Round
1.150794,1.370694,0.534108,1.365936,1.577387,2.154610,0.395932,1.582698,138.142410,Round
1.188534,1.407569,0.532800,1.333416,1.672944,2.230730,0.409779,1.608693,138.928986,Round
1.160798,1.349467,0.500386,1.480922,1.566458,2.319803,0.403032,1.611058,136.710617,Round
1.168710,1.376484,0.505119,1.438253,1.608710,2.313731,0.407689,1.623894,139.624023,Round
1.110777,1.326237,0.497941,1.514263,1.473154,2.230743,0.408899,1.597503,135.092819,Round
1.110286,1.344403,0.539164,1.379589,1.492672,2.059275,0.434966,1.558861,140.622375,Round
1.157476,1.309325,0.486488,1.569932,1.515512,2.379251,0.402479,1.599693,133.134262,Round
1.125667,1.324062,0.462321,1.633609,1.490453,2.434817,0.402129,1.642612,131.676208,Round
1.156141,1.335814,0.493409,1.517215,1.544389,2.343169,0.403445,1.610285,133.161743,Round
1.185781,1.295412,0.499806,1.544510,1.536075,2.372483,0.433955,1.572623,136.106232,Round
1.233930,1.317514,0.528601,1.435875,1.625720,2.334331,0.419461,1.553269,140.660172,Round
1.218218,1.356145,0.468231,1.574829,1.652081,2.601744,0.397916,1.658904,136.472534,Round
1.126047,1.378083,0.517389,1.402515,1.551786,2.176404,0.422975,1.608966,137.911560,Round
1.110839,1.280217,0.464451,1.681808,1.422115,2.391724,0.423499,1.605693,128.474106,Round
1.197971,1.312866,0.499096,1.526143,1.572775,2.400280,0.402455,1.586309,133.427582,Round
1.139271,1.346124,0.505706,1.468983,1.533600,2.252832,0.409606,1.601820,134.043640,Round
1.159508,1.327872,0.487938,1.543401,1.539678,2.376341,0.394200,1.611574,130.850800,Round
1.178603,1.395054,0.519814,1.378991,1.644215,2.267358,0.411530,1.617296,136.952728,Round
1.213236,1.358509,0.495244,1.486341,1.648192,2.449775,0.396803,1.624240,134.851685,Round
1.134838,1.367450,0.492493,1.484870,1.551835,2.304273,0.408855,1.634279,135.536331,Round
1.094955,1.343025,0.518858,1.435050,1.470552,2.110316,0.432963,1.582972,138.821747,Round
1.143181,1.332497,0.481517,1.558555,1.523284,2.374122,0.419495,1.623392,137.372711,Round
1.237910,1.410359,0.518291,1.368033,1.745897,2.388444,0.403911,1.629553,137.683578,Round
1.193666,1.368497,0.530171,1.378289,1.633528,2.251473,0.426659,1.586169,139.980316,Round
1.141004,1.368571,0.518132,1.410237,1.561544,2.202148,0.414242,1.601510,138.774109,Round
1.237855,1.331932,0.491249,1.528327,1.648739,2.519813,0.404861,1.610257,134.058365,Round
1.169615,1.316293,0.471212,1.612246,1.539556,2.482143,0.400071,1.624800,133.746353,Round
1.164041,1.305635,0.490873,1.560304,1.519812,2.371369,0.413980,1.591364,132.541382,Round
1.203836,1.409709,0.512390,1.384425,1.697059,2.349451,0.423824,1.636987,138.440140,Round
1.139275,1.325522,0.500461,1.507449,1.510135,2.276452,0.401071,1.593777,134.912567,Round
1.246247,1.342293,0.491434,1.515959,1.672828,2.535939,0.400918,1.617563,137.005249,Round
1.162239,1.388220,0.521114,1.382320,1.613444,2.230296,0.410931,1.611005,139.156143,Round
1.216907,1.379654,0.497566,1.456729,1.678910,2.445717,0.406744,1.636145,136.412491,Round
1.343896,1.333936,0.507925,1.475930,1.792671,2.645857,0.417782,1.590349,143.173431,Round
1.229047,1.409006,0.522380,1.358627,1.731734,2.352780,0.408626,1.623244,141.672958,Round
1.155182,1.366718,0.518254,1.411818,1.578808,2.228990,0.415599,1.600085,141.050507,Round
1.113814,1.353500,0.538989,1.370760,1.507547,2.066486,0.410998,1.565172,138.146545,Round
1.120606,1.319978,0.482961,1.568631,1.479176,2.320281,0.423637,1.612188,131.757812,Round
1.134117,1.320538,0.492964,1.536150,1.497645,2.300607,0.397449,1.599704,131.542175,Round
1.226377,1.406718,0.532464,1.335065,1.725168,2.303211,0.405890,1.608572,138.702484,Round
1.149635,1.320643,0.500075,1.514186,1.518257,2.298924,0.400066,1.590733,133.496490,Round
1.185037,1.324857,0.523113,1.442897,1.570006,2.265356,0.430571,1.565054,136.791809,Round
1.130776,1.310317,0.498168,1.531961,1.481675,2.269868,0.410943,1.585613,134.128601,Round
1.226377,1.406718,0.532464,1.335065,1.725168,2.303211,0.405890,1.608572,138.702484,Round
1.169183,1.338527,0.518009,1.442232,1.564984,2.257069,0.411828,1.580904,136.629776,Round
1.120947,1.322629,0.492416,1.535429,1.482598,2.276423,0.429431,1.601940,131.299942,Round
1.141525,1.328547,0.512033,1.470026,1.516569,2.229397,0.413178,1.581359,136.526611,Round
1.224886,1.416235,0.532552,1.325876,1.734727,2.300032,0.394601,1.614662,142.740707,Round
1.189207,1.377338,0.514430,1.411346,1.637940,2.311700,0.415063,1.612295,140.332489,Round
1.140619,1.344932,0.523088,1.421428,1.534055,2.180549,0.413571,1.579006,135.630417,Round
1.181330,1.338192,0.500672,1.492549,1.580846,2.359491,0.407099,1.602630,132.149445,Round
1.173895,1.330342,0.499363,1.505291,1.561682,2.350785,0.409519,1.598658,133.105972,Round
1.127210,1.354869,0.515625,1.431424,1.527222,2.186104,0.417703,1.595273,136.102982,Round
1.189567,1.326382,0.494226,1.525478,1.577820,2.406929,0.404049,1.602363,136.085403,Round
1.133810,1.368366,0.524007,1.394636,1.551466,2.163732,0.415323,1.593872,136.466736,Round
1.130577,1.323057,0.490582,1.540672,1.495818,2.304564,0.404780,1.604612,134.983276,Round
1.146818,1.334803,0.512952,1.460515,1.530776,2.235721,0.416313,1.584627,133.468994,Round
1.139102,1.375737,0.546846,1.329229,1.567106,2.083042,0.433308,1.570193,141.397324,Round
1.142056,1.300298,0.478344,1.607742,1.485014,2.387519,0.406355,1.603336,131.874664,Round
1.193969,1.313063,0.482134,1.579598,1.567756,2.476424,0.429240,1.608089,137.323944,Round
1.116730,1.348219,0.508680,1.458124,1.505597,2.195346,0.412321,1.599489,134.531250,Round
1.111679,1.346620,0.487366,1.523700,1.497010,2.280994,0.399878,1.626061,135.998642,Round
1.203655,1.364787,0.495373,1.479117,1.642732,2.429793,0.417263,1.628547,133.819534,Round
1.164380,1.369590,0.512912,1.423531,1.594724,2.270138,0.404710,1.608936,137.134094,Round
1.146021,1.338954,0.498684,1.497647,1.534469,2.298093,0.417479,1.605735,135.593185,Round
1.164195,1.392533,0.501635,1.431551,1.621180,2.320802,0.414789,1.639680,138.172302,Round
1.134964,1.326907,0.518771,1.452726,1.505991,2.187793,0.409865,1.571829,134.781525,Round
1.195695,1.376843,0.500219,1.451962,1.646284,2.390342,0.407081,1.630631,134.598846,Round
1.185330,1.298274,0.501279,1.536577,1.538883,2.364613,0.428853,1.572906,137.320450,Round
1.181266,1.369590,0.516068,1.414825,1.617850,2.288974,0.416879,1.604862,139.124817,Round
1.138801,1.351249,0.505885,1.462894,1.538805,2.251109,0.399762,1.605213,137.484085,Round
1.187180,1.352315,0.507806,1.456210,1.605441,2.337860,0.398947,1.603491,134.584473,Round
1.047226,1.348229,0.522450,1.419683,1.411900,2.004451,0.420850,1.582073,137.834839,Round
1.183755,1.303904,0.487596,1.572874,1.543503,2.427736,0.401767,1.594230,132.493362,Round
1.135407,1.298539,0.481847,1.598218,1.474369,2.356364,0.411118,1.597516,134.319153,Round
1.119123,1.295390,0.497826,1.550680,1.449700,2.248021,0.423134,1.575058,131.623978,Round
1.211119,1.330864,0.498882,1.506151,1.611834,2.427665,0.405395,1.599650,131.716568,Round
1.175843,1.323862,0.486197,1.553621,1.556653,2.418449,0.394924,1.610873,132.999008,Round
1.180730,1.316963,0.491496,1.544922,1.554978,2.402320,0.414252,1.598953,137.784851,Round
1.163189,1.384703,0.514808,1.402807,1.610672,2.259461,0.409293,1.616835,140.226562,Round
1.240275,1.364422,0.520508,1.408070,1.692258,2.382818,0.417576,1.595636,140.029556,Round
1.260605,1.337803,0.490562,1.523751,1.686441,2.569717,0.414618,1.615436,137.301880,Round
1.230192,1.341320,0.501785,1.485765,1.650081,2.451632,0.401837,1.603439,136.398926,Round
1.173696,1.340398,0.513572,1.452663,1.573220,2.285359,0.399625,1.587782,136.492035,Round
1.214031,1.381160,0.521075,1.389492,1.676772,2.329861,0.407541,1.606292,139.723801,Round
1.169320,1.333410,0.532422,1.408576,1.559184,2.196230,0.415088,1.559602,136.825958,Round
1.195744,1.342320,0.498263,1.495151,1.605072,2.399825,0.418903,1.608697,138.372467,Round
1.182094,1.317529,0.468707,1.619342,1.557442,2.522031,0.399407,1.629058,132.601547,Round
1.143319,1.299335,0.490533,1.568954,1.485555,2.330767,0.409157,1.587103,132.234528,Round
1.213189,1.342677,0.503619,1.478858,1.628921,2.408943,0.429840,1.602051,135.476059,Round
1.202806,1.348668,0.492174,1.506525,1.622187,2.443865,0.409941,1.621211,137.044083,Round
1.239704,1.317957,0.482998,1.570916,1.633877,2.566683,0.422988,1.610632,134.984558,Round
1.181198,1.325009,0.508586,1.483943,1.565098,2.322516,0.405311,1.583158,136.041138,Round
1.177049,1.346514,0.512346,1.449525,1.584913,2.297371,0.418844,1.593620,136.426376,Round
1.146742,1.331051,0.484351,1.551119,1.526373,2.367586,0.410654,1.618599,132.553925,Round
1.092380,1.332292,0.523510,1.433759,1.455369,2.086648,0.403174,1.569741,131.077454,Round
1.157603,1.384752,0.519219,1.390841,1.602994,2.229509,0.411541,1.611124,136.332581,Round
1.119242,1.338356,0.513799,1.454237,1.497944,2.178365,0.424135,1.586062,137.145340,Round
1.119245,1.373931,0.506555,1.436839,1.537766,2.209522,0.420268,1.620229,137.128784,Round
1.220677,1.349117,0.545701,1.358300,1.646835,2.236897,0.432339,1.554090,139.615509,Round
1.089999,1.348390,0.522606,1.419090,1.469743,2.085698,0.434521,1.581989,138.755661,Round
1.140076,1.335261,0.515639,1.452406,1.522299,2.210996,0.414618,1.581582,131.463837,Round
1.154171,1.335041,0.515895,1.451926,1.540865,2.237221,0.419774,1.581108,136.604904,Round
1.148855,1.322446,0.508845,1.486061,1.519299,2.257771,0.411961,1.581003,134.675690,Round
1.111128,1.337384,0.526941,1.418998,1.486004,2.108637,0.424857,1.569034,140.552994,Round
1.154128,1.395465,0.536323,1.336149,1.610546,2.151929,0.402855,1.596259,139.208618,Round
1.177265,1.346324,0.496870,1.494886,1.584980,2.369365,0.404122,1.613381,137.384186,Round
1.190100,1.336005,0.498446,1.501667,1.589980,2.387620,0.397412,1.603919,133.502075,Round
1.162580,1.429231,0.545745,1.282059,1.661595,2.130263,0.422515,1.605881,140.487442,Round
1.110635,1.310461,0.507904,1.502430,1.455444,2.186702,0.427837,1.573571,132.974503,Round
1.164030,1.405369,0.535030,1.329937,1.635892,2.175633,0.403510,1.604380,139.515411,Round
1.117127,1.314631,0.519697,1.463680,1.468609,2.149574,0.424853,1.562053,137.481766,Round
1.246064,1.321633,0.512204,1.477223,1.646839,2.432749,0.437936,1.576238,137.700562,Round
1.186713,1.337893,0.510985,1.462750,1.587695,2.322401,0.406936,1.589282,133.938492,Round
1.142766,1.359581,0.554988,1.325290,1.553683,2.059080,0.414400,1.549776,140.692688,Round
1.138649,1.338325,0.516466,1.446760,1.523883,2.204693,0.414800,1.582693,133.544785,Round
1.107241,1.332350,0.483211,1.553262,1.475232,2.291422,0.399633,1.621054,132.516098,Round
1.173734,1.375202,0.494110,1.471668,1.614122,2.375453,0.405630,1.637632,134.931931,Round
1.175757,1.277597,0.477682,1.638578,1.502144,2.461380,0.429600,1.586796,129.231110,Round
1.180014,1.299420,0.501653,1.534077,1.533334,2.352252,0.399559,1.573283,130.681519,Round
1.127489,1.284023,0.535087,1.455468,1.447722,2.107113,0.410466,1.522199,132.631027,Round
1.130077,1.331495,0.516550,1.453946,1.504691,2.187739,0.406151,1.577803,133.185669,Round
1.138801,1.351249,0.505885,1.462894,1.538805,2.251109,0.399762,1.605213,137.484085,Round
1.156630,1.313039,0.490413,1.552960,1.518700,2.358481,0.403773,1.597438,132.132492,Round
1.213536,1.381152,0.536337,1.349960,1.676078,2.262638,0.424441,1.586835,141.511627,Round
1.176186,1.299530,0.526375,1.461903,1.528488,2.234501,0.423409,1.543348,135.673691,Round
1.211675,1.313828,0.508120,1.497943,1.591932,2.384624,0.415738,1.575728,135.453629,Round
1.199643,1.345855,0.515191,1.442227,1.614546,2.328542,0.410740,1.589556,137.396942,Round
1.160325,1.377526,0.525778,1.380695,1.598378,2.206873,0.410428,1.597805,138.426483,Round
1.181534,1.316744,0.487525,1.557766,1.555777,2.423537,0.398133,1.603883,131.835831,Round
1.164318,1.366551,0.515288,1.420117,1.591100,2.259549,0.410967,1.603776,135.863220,Round
1.183863,1.332533,0.512487,1.464330,1.577536,2.310034,0.398617,1.583609,134.780655,Round
1.138778,1.353292,0.519805,1.421570,1.541099,2.190780,0.402201,1.588886,135.079300,Round
1.156912,1.327836,0.497727,1.513088,1.536190,2.324389,0.399647,1.598936,134.163300,Round
1.143852,1.337909,0.510158,1.465106,1.530370,2.242154,0.408469,1.590340,137.252426,Round
1.138267,1.340482,0.491967,1.516364,1.525827,2.313708,0.429928,1.615552,132.223587,Round
1.130715,1.321056,0.487079,1.554103,1.493738,2.321422,0.411394,1.607654,128.653839,Round
1.138305,1.391911,0.525626,1.366820,1.584420,2.165617,0.396520,1.607636,136.832886,Round
1.157730,1.327988,0.504796,1.491728,1.537452,2.293461,0.409544,1.590059,137.121231,Round
1.195128,1.351716,0.516844,1.431380,1.615473,2.312356,0.413690,1.591540,138.922699,Round
1.087418,1.359494,0.511879,1.436994,1.478339,2.124365,0.407020,1.603274,137.544357,Round
1.096273,1.355428,0.508691,1.450339,1.485919,2.155086,0.415267,1.604537,132.753265,Round
1.146223,1.347763,0.495576,1.497187,1.544837,2.312909,0.428362,1.616101,131.996094,Round
1.063913,1.331789,0.512867,1.464064,1.416907,2.074443,0.420228,1.582609,133.870041,Round
1.155052,1.375863,0.513647,1.415012,1.589194,2.248728,0.423370,1.612301,139.349823,Round
1.178493,1.307234,0.466781,1.638829,1.540565,2.524724,0.441793,1.623699,131.123108,Round
1.128318,1.398377,0.538208,1.328695,1.577814,2.096434,0.414912,1.595758,141.554962,Round
1.218580,1.381819,0.518934,1.394557,1.683857,2.348235,0.410930,1.609505,135.868286,Round
1.165160,1.336202,0.492429,1.519794,1.556888,2.366149,0.399695,1.611839,131.948715,Round
1.114407,1.435941,0.557104,1.250049,1.600223,2.000357,0.423639,1.595518,143.282654,Round
1.189364,1.307647,0.475503,1.608260,1.555269,2.501277,0.413012,1.612597,128.792328,Round
1.150720,1.348588,0.515161,1.439389,1.551847,2.233711,0.421528,1.591498,139.728622,Round
1.084854,1.318305,0.509963,1.487460,1.430169,2.127319,0.410540,1.576649,133.763641,Round
1.151078,1.304367,0.498281,1.538600,1.501428,2.310099,0.419914,1.581108,134.086319,Round
1.198385,1.361539,0.521344,1.408788,1.631649,2.298648,0.401444,1.592602,134.162613,Round
1.179855,1.317346,0.504310,1.505229,1.554278,2.339544,0.401281,1.583015,133.313248,Round
1.139539,1.371335,0.514913,1.416192,1.562689,2.213068,0.412644,1.607549,134.128006,Round
1.178645,1.337475,0.507676,1.472746,1.576408,2.321649,0.409084,1.593177,133.698456,Round
1.156197,1.361494,0.499399,1.470742,1.574156,2.315179,0.404362,1.620896,134.732590,Round
1.265088,1.327469,0.523159,1.439931,1.679365,2.418169,0.413520,1.566818,134.928909,Round
1.190839,1.330713,0.541600,1.387514,1.584664,2.198743,0.411568,1.546699,136.424469,Round
1.237663,1.349334,0.474686,1.561256,1.670021,2.607330,0.421951,1.645018,140.406113,Round
1.136026,1.313946,0.505693,1.504996,1.492677,2.246473,0.424207,1.578831,138.625305,Round
1.209239,1.319765,0.498661,1.519491,1.595911,2.424972,0.416851,1.591886,135.300919,Round
1.134179,1.293095,0.490443,1.576818,1.466601,2.312562,0.409150,1.582553,128.927658,Round
1.132561,1.358837,0.496969,1.480823,1.538965,2.278934,0.424903,1.622201,135.891281,Round
1.145378,1.327720,0.520085,1.448168,1.520742,2.202291,0.413477,1.570776,133.878616,Round
1.158408,1.342080,0.511229,1.457493,1.554676,2.265929,0.419951,1.591925,134.535049,Round
1.167704,1.411284,0.506101,1.400065,1.647961,2.307253,0.404524,1.646530,136.100098,Round
1.133577,1.353284,0.497830,1.484328,1.534052,2.277036,0.420342,1.617111,139.856308,Round
1.109192,1.393184,0.541257,1.326135,1.545309,2.049289,0.406222,1.588515,138.560852,Round
1.175101,1.341241,0.505044,1.476263,1.576093,2.326727,0.401771,1.599203,132.823029,Round
1.202582,1.348850,0.509257,1.455794,1.622101,2.361445,0.409628,1.599195,135.945602,Round
1.237895,1.350575,0.511199,1.448410,1.671870,2.421553,0.406494,1.597924,136.462021,Round
1.113029,1.435584,0.538969,1.292431,1.597847,2.065108,0.407986,1.618713,142.100159,Round
1.235244,1.375670,0.513106,1.416703,1.699288,2.407387,0.426168,1.612872,138.693344,Round
1.111724,1.310324,0.509411,1.498143,1.456719,2.182373,0.415753,1.571610,136.021317,Round
1.094641,1.383683,0.536708,1.346560,1.514636,2.039547,0.405689,1.588037,138.498917,Round
1.241373,1.330584,0.493184,1.523872,1.651750,2.517057,0.399217,1.606769,136.851913,Round
1.161062,1.341793,0.512266,1.454852,1.557904,2.266520,0.427205,1.590410,139.510361,Round
1.132087,1.372701,0.508999,1.431222,1.554016,2.224141,0.410145,1.616174,136.773712,Round
1.258642,1.360162,0.501424,1.466237,1.711957,2.510136,0.407579,1.617297,139.417130,Round
1.132926,1.321194,0.493381,1.534089,1.496815,2.296248,0.426926,1.599651,132.937698,Round
1.221205,1.365187,0.503084,1.456021,1.667174,2.427440,0.419500,1.618668,137.359863,Round
1.153099,1.426533,0.550716,1.272890,1.644933,2.093820,0.410228,1.597806,143.666443,Round
1.150695,1.313732,0.511628,1.487779,1.511705,2.249083,0.418944,1.571316,136.437744,Round
1.188287,1.313231,0.470385,1.618846,1.560495,2.526200,0.410390,1.623554,128.710510,Round
1.230756,1.391150,0.524012,1.371780,1.712167,2.348717,0.414578,1.609215,140.634384,Round
1.139485,1.352937,0.519246,1.423472,1.541651,2.194498,0.407894,1.589346,134.232941,Round
1.302256,1.370491,0.524372,1.391505,1.784730,2.483460,0.426234,1.594849,149.462234,Round
1.192544,1.325276,0.504315,1.496207,1.580450,2.364681,0.411762,1.588721,139.771103,Round
1.161338,1.311115,0.517767,1.473074,1.522647,2.242972,0.425836,1.561918,133.677063,Round
1.154024,1.396511,0.546477,1.310339,1.611607,2.111752,0.416564,1.584099,140.149887,Round
1.218482,1.308837,0.522865,1.461251,1.594794,2.330393,0.423706,1.554119,134.467484,Round
1.144448,1.366322,0.521476,1.403500,1.563684,2.194631,0.413394,1.595700,135.596069,Round
1.199643,1.345855,0.515191,1.442227,1.614546,2.328542,0.410740,1.589556,137.396942,Round
1.198269,1.347950,0.498520,1.488140,1.615207,2.403653,0.410708,1.612400,135.393005,Round
1.176023,1.377941,0.508189,1.428053,1.620490,2.314145,0.411530,1.620865,135.632462,Round
1.180432,1.352398,0.507059,1.458267,1.596414,2.327997,0.424272,1.604511,138.066650,Round
1.158274,1.325239,0.508691,1.483376,1.534989,2.276967,0.400620,1.583190,133.032974,Round
1.128893,1.315070,0.495375,1.535032,1.484573,2.278868,0.410259,1.592622,132.007019,Round
1.124740,1.297237,0.479298,1.608328,1.459055,2.346640,0.425199,1.599786,127.361343,Round
1.167880,1.347467,0.483662,1.534406,1.573679,2.414663,0.390418,1.631594,132.182327,Round
1.236764,1.320375,0.521980,1.450938,1.632993,2.369371,0.409346,1.563306,135.629440,Round
1.096054,1.321434,0.513372,1.474085,1.448362,2.135010,0.417398,1.574647,134.416061,Round
1.124446,1.324837,0.531374,1.420487,1.489708,2.116111,0.416993,1.554988,136.716141,Round
1.173067,1.365387,0.505903,1.447694,1.601690,2.318757,0.394691,1.615122,135.217041,Round
1.098403,1.368180,0.521635,1.401167,1.502813,2.105691,0.416695,1.596764,132.856583,Round
1.148906,1.331977,0.516841,1.452601,1.530316,2.222938,0.421586,1.577779,136.114807,Round
1.155192,1.336539,0.522050,1.433198,1.543959,2.212799,0.412177,1.574492,134.921249,Round
1.194853,1.350894,0.521657,1.419037,1.614121,2.290496,0.415509,1.584903,135.976532,Round
1.222085,1.331645,0.502268,1.495119,1.627383,2.433131,0.410526,1.595890,136.339462,Round
1.137678,1.400032,0.533891,1.337857,1.592786,2.130919,0.408178,1.602359,138.019699,Round
1.212533,1.357894,0.508994,1.446842,1.646491,2.382212,0.414991,1.605872,137.722137,Round
1.130352,1.410311,0.537220,1.319875,1.594149,2.104077,0.410931,1.604772,139.296539,Round
1.145072,1.361563,0.542764,1.353165,1.559087,2.109702,0.402625,1.565908,139.489761,Round
1.198743,1.386037,0.525159,1.373833,1.661502,2.282626,0.409546,1.604311,138.837601,Round
1.213037,1.334802,0.496141,1.510002,1.619164,2.444941,0.400358,1.606018,136.285477,Round
1.163804,1.395091,0.510307,1.404644,1.623612,2.280598,0.410022,1.629851,138.040787,Round
1.212027,1.328323,0.476520,1.579847,1.609964,2.543497,0.395147,1.626877,130.946884,Round
1.163231,1.367897,0.526439,1.388669,1.591180,2.209623,0.430644,1.590472,141.087479,Round
1.123291,1.328689,0.492029,1.529628,1.492505,2.282977,0.400616,1.606876,132.278732,Round
1.101448,1.337988,0.529161,1.412407,1.473723,2.081497,0.426469,1.566720,141.318161,Round
1.134737,1.366590,0.523844,1.396882,1.550721,2.166173,0.408215,1.592873,138.185364,Round
1.174986,1.393537,0.533106,1.346072,1.637387,2.204040,0.415697,1.599099,140.059097,Round
1.169611,1.330902,0.541516,1.387531,1.556638,2.159883,0.426388,1.546927,142.003998,Round
1.165293,1.350263,0.532871,1.389822,1.573451,2.186817,0.407865,1.570515,136.212509,Round
1.142625,1.326434,0.509717,1.479058,1.515617,2.241686,0.417757,1.582757,136.259689,Round
1.164436,1.333232,0.498265,1.505337,1.552463,2.336980,0.417433,1.602150,134.522568,Round
1.138801,1.351249,0.505885,1.462894,1.538805,2.251109,0.399762,1.605213,137.484085,Round
1.067473,1.366441,0.517287,1.414743,1.458638,2.063598,0.428689,1.601133,136.223740,Round
1.219211,1.333879,0.498270,1.504591,1.626280,2.446886,0.403058,1.602611,137.450378,Round
1.171914,1.374485,0.519906,1.399380,1.610778,2.254090,0.405230,1.603270,134.637665,Round
1.159906,1.327649,0.515317,1.461646,1.539948,2.250859,0.415396,1.576630,134.134171,Round
1.139642,1.308306,0.497333,1.536894,1.491000,2.291509,0.414266,1.585188,133.846680,Round
1.201167,1.361609,0.505821,1.451947,1.635520,2.374687,0.403909,1.612583,134.736938,Round
1.201958,1.369874,0.519022,1.406480,1.646531,2.315813,0.419603,1.601260,140.547485,Round
1.122434,1.329266,0.518549,1.450770,1.492014,2.164569,0.422949,1.573758,137.963791,Round
1.099022,1.370314,0.547980,1.331725,1.506006,2.005587,0.413201,1.565264,137.592377,Round
1.175566,1.342202,0.504950,1.475482,1.577847,2.328084,0.418835,1.600007,136.585007,Round
1.160186,1.335629,0.510610,1.466306,1.549579,2.272157,0.411034,1.588158,134.523743,Round
1.140705,1.391013,0.530510,1.355112,1.586736,2.150205,0.414123,1.600755,140.411377,Round
1.120341,1.371932,0.491939,1.481686,1.537032,2.277400,0.415265,1.638219,134.742142,Round
1.234299,1.392880,0.508429,1.412071,1.719230,2.427674,0.409497,1.630835,137.745819,Round
1.120201,1.333959,0.505599,1.482692,1.494303,2.215591,0.410232,1.593312,131.661041,Round
1.109669,1.395455,0.522272,1.372104,1.548493,2.124693,0.431890,1.614356,142.081070,Round
1.133716,1.335837,0.501129,1.493816,1.514459,2.262323,0.425669,1.600355,136.505966,Round
1.172799,1.327784,0.520894,1.445850,1.557224,2.251511,0.410174,1.569824,135.710236,Round
1.148913,1.348532,0.480537,1.543162,1.549345,2.390892,0.415503,1.636548,133.772110,Round
1.172617,1.354941,0.505498,1.460025,1.588826,2.319726,0.413891,1.608315,137.194717,Round
1.142739,1.341666,0.531936,1.401187,1.533174,2.148263,0.413086,1.565830,136.533234,Round
1.176830,1.335443,0.496560,1.508007,1.571589,2.369967,0.408587,1.605942,131.369797,Round
1.098547,1.333247,0.488573,1.535183,1.464634,2.248481,0.422931,1.614699,128.683975,Round
1.109065,1.300008,0.487482,1.577957,1.441793,2.275087,0.400840,1.591459,131.474548,Round
1.169591,1.361707,0.514770,1.426603,1.592639,2.272064,0.415252,1.601098,138.901611,Round
1.151983,1.317952,0.504226,1.504787,1.518258,2.284655,0.411956,1.583558,129.939026,Round
1.180730,1.316963,0.491496,1.544922,1.554978,2.402320,0.414252,1.598953,137.784851,Round
1.124764,1.362385,0.518298,1.416186,1.532362,2.170110,0.437604,1.597055,135.891983,Round
1.186027,1.372832,0.530913,1.372016,1.628216,2.233940,0.411462,1.588141,140.510956,Round
1.122266,1.384484,0.524305,1.377616,1.553759,2.140482,0.395383,1.604369,139.799927,Round
1.224115,1.345519,0.507882,1.463347,1.647069,2.410233,0.420331,1.598606,137.805328,Round
1.157512,1.373789,0.505835,1.439034,1.590177,2.288320,0.405786,1.621076,135.498322,Round
1.153829,1.357578,0.508732,1.447926,1.566413,2.268049,0.397796,1.605990,140.432907,Round
1.215076,1.366296,0.506580,1.444798,1.660153,2.398586,0.412797,1.614875,137.488708,Round
1.168646,1.350995,0.531650,1.392261,1.578834,2.198149,0.415032,1.572519,137.083054,Round
1.063242,1.295759,0.499826,1.544035,1.377706,2.127226,0.432393,1.572853,132.505554,Round
1.098598,1.335704,0.512197,1.461680,1.467402,2.144871,0.420804,1.586211,139.919754,Round
1.219211,1.333879,0.498270,1.504591,1.626280,2.446886,0.403058,1.602611,137.450378,Round
1.127884,1.385099,0.538319,1.341156,1.562231,2.095196,0.412239,1.586937,138.692566,Round
1.210476,1.365320,0.539708,1.357083,1.652687,2.242833,0.423281,1.572157,143.833313,Round
1.192414,1.345257,0.513048,1.448894,1.604104,2.324177,0.409702,1.591849,136.335236,Round
1.173417,1.353402,0.502125,1.471502,1.588105,2.336900,0.406214,1.611598,130.296677,Round
1.136688,1.385262,0.484690,1.489374,1.574610,2.345183,0.409391,1.657584,135.521759,Round
1.143114,1.338105,0.515650,1.449289,1.529607,2.216842,0.415551,1.583562,134.253738,Round
1.166891,1.351712,0.522758,1.415191,1.577300,2.232180,0.401889,1.584082,139.506531,Round
1.169545,1.314799,0.498647,1.525272,1.537716,2.345435,0.407409,1.588285,134.661270,Round
1.098142,1.355488,0.513889,1.435606,1.488518,2.136926,0.398785,1.597916,134.366028,Round
1.135744,1.341360,0.504919,1.476497,1.523442,2.249357,0.404467,1.599448,136.806824,Round
1.152402,1.340407,0.522549,1.427699,1.544688,2.205349,0.417441,1.576552,138.030609,Round
1.201233,1.349226,0.515414,1.438001,1.620735,2.330618,0.425044,1.591622,139.015808,Round
1.196267,1.301928,0.497753,1.543119,1.557454,2.403337,0.403926,1.579973,132.026764,Round
1.159396,1.313168,0.501300,1.519085,1.522481,2.312778,0.433517,1.583760,137.550964,Round
1.147264,1.336645,0.520812,1.436493,1.533485,2.202840,0.410357,1.576102,137.775528,Round
1.211590,1.342180,0.520478,1.431486,1.626171,2.327841,0.403090,1.580360,138.339615,Round
1.175349,1.364943,0.474397,1.544344,1.604283,2.477565,0.413451,1.656962,133.286057,Round
1.137327,1.324660,0.505935,1.492111,1.506572,2.247973,0.409713,1.586238,134.706680,Round
1.099242,1.366539,0.515788,1.418753,1.502158,2.131192,0.425276,1.603125,137.113846,Round
1.098139,1.346735,0.510777,1.453740,1.478902,2.149939,0.405099,1.595770,133.684616,Round
1.191305,1.342534,0.487639,1.527484,1.599367,2.443007,0.433310,1.622720,136.524704,Round
1.158766,1.311501,0.494457,1.542064,1.519723,2.343510,0.410895,1.591163,133.599396,Round
1.169001,1.411751,0.553879,1.278872,1.650339,2.110572,0.415937,1.584511,141.860474,Round
1.140705,1.391013,0.530510,1.355112,1.586736,2.150205,0.414123,1.600755,140.411377,Round
1.140619,1.344932,0.523088,1.421428,1.534055,2.180549,0.413571,1.579006,135.630417,Round
1.110463,1.324398,0.486185,1.553030,1.470695,2.284032,0.398573,1.611285,131.292694,Round
1.127765,1.321647,0.496397,1.524246,1.490507,2.271899,0.409163,1.596132,132.814789,Round
1.093929,1.334514,0.489842,1.529751,1.459863,2.233227,0.403832,1.613972,134.553741,Round
1.192646,1.319779,0.495949,1.527783,1.574029,2.404774,0.410797,1.595339,134.037079,Round
1.194933,1.361224,0.517766,1.418852,1.626572,2.307864,0.416482,1.596935,137.492798,Round
1.140839,1.333989,0.499759,1.499987,1.521866,2.282779,0.406453,1.600781,133.347336,Round
1.180568,1.305259,0.490756,1.561124,1.540947,2.405609,0.425544,1.591232,136.391006,Round
1.221927,1.338561,0.489804,1.525244,1.635623,2.494725,0.400607,1.616978,138.041275,Round
1.125073,1.314245,0.514269,1.479564,1.478622,2.187716,0.433532,1.568429,135.511581,Round
1.122166,1.308904,0.506219,1.509224,1.468808,2.216761,0.404951,1.574534,131.739578,Round
1.132229,1.339901,0.489410,1.524947,1.517074,2.313457,0.416288,1.618472,132.764786,Round
1.145701,1.335778,0.514764,1.454312,1.530403,2.225682,0.385903,1.583041,131.873260,Round
1.104830,1.315092,0.513352,1.481251,1.452953,2.152188,0.406736,1.570161,133.144531,Round
1.113187,1.350786,0.522635,1.416494,1.503677,2.129950,0.400366,1.583600,137.082367,Round
1.190810,1.332702,0.524753,1.429922,1.586994,2.269278,0.413184,1.568494,139.453857,Round
1.177006,1.320441,0.516290,1.466855,1.554167,2.279738,0.418952,1.570336,133.177277,Round
1.252149,1.315512,0.509345,1.492428,1.647216,2.458352,0.413927,1.575417,137.978149,Round
1.158091,1.329178,0.483528,1.555948,1.539309,2.395085,0.394973,1.618289,131.474747,Round
1.128726,1.332774,0.498231,1.505957,1.504337,2.265467,0.418433,1.601863,135.073502,Round
1.215566,1.321353,0.525540,1.440043,1.606192,2.312986,0.420432,1.559649,138.465851,Round
1.186489,1.413646,0.558026,1.267666,1.677275,2.126225,0.409208,1.580507,144.315918,Round
1.143338,1.302010,0.488321,1.572824,1.488638,2.341367,0.411200,1.591895,129.206070,Round
1.198525,1.325990,0.521986,1.444777,1.589232,2.296085,0.411886,1.567226,133.624542,Round
1.112135,1.361926,0.494090,1.486075,1.514645,2.250877,0.393729,1.628208,135.623642,Round
1.118505,1.348613,0.541583,1.369139,1.508429,2.065249,0.432394,1.558742,140.021912,Round
1.153699,1.381542,0.506257,1.429765,1.593884,2.278879,0.416099,1.625903,136.559586,Round
1.151926,1.314418,0.498055,1.527529,1.514112,2.312850,0.412103,1.588755,134.448044,Round
1.082106,1.365715,0.527667,1.387651,1.477848,2.050737,0.416644,1.587448,139.059875,Round
1.171099,1.310030,0.493840,1.545727,1.534175,2.371416,0.404572,1.590861,133.040436,Round
1.138279,1.362114,0.516624,1.421059,1.550466,2.203304,0.428421,1.599007,133.165604,Round
1.114753,1.333264,0.534967,1.402027,1.486261,2.083779,0.417583,1.556413,141.511597,Round
1.146951,1.366304,0.496014,1.475567,1.567085,2.312338,0.396600,1.628777,135.271057,Round
1.146213,1.353401,0.510861,1.446342,1.551286,2.243689,0.418805,1.600333,135.648361,Round
1.198465,1.318340,0.500596,1.515253,1.579983,2.394075,0.410797,1.588403,131.396454,Round
1.169408,1.349985,0.503642,1.470785,1.578683,2.321904,0.393615,1.607212,134.078110,Round
1.178823,1.339449,0.570931,1.307647,1.578973,2.064740,0.429067,1.518019,141.772339,Round
1.160883,1.312258,0.497876,1.530591,1.523379,2.331670,0.420585,1.587401,136.307419,Round
1.132686,1.347961,0.518616,1.430462,1.526816,2.184053,0.414706,1.586700,139.350357,Round
1.233999,1.307755,0.495678,1.542674,1.613769,2.489519,0.401262,1.586864,130.867569,Round
1.158860,1.332163,0.490411,1.530672,1.543790,2.363037,0.400527,1.611513,132.976425,Round
1.160842,1.353856,0.516509,1.430045,1.571613,2.247478,0.407890,1.593448,137.053696,Round
1.219522,1.408983,0.518851,1.367892,1.718286,2.350428,0.406805,1.627892,141.378677,Round
1.187765,1.278826,0.484771,1.613064,1.518945,2.450155,0.430963,1.578858,135.451538,Round
1.099780,1.299201,0.485802,1.584397,1.428836,2.263844,0.412520,1.592984,129.264694,Round
1.116875,1.357815,0.524647,1.403758,1.516510,2.128813,0.429026,1.585887,139.194489,Round
1.173646,1.315009,0.506386,1.501723,1.543356,2.317692,0.409404,1.578736,135.037628,Round
1.163440,1.334203,0.506319,1.480314,1.552264,2.297839,0.418155,1.592572,132.028595,Round
1.171732,1.372646,0.516932,1.409315,1.608373,2.266705,0.412000,1.605843,138.299927,Round
1.209977,1.291461,0.505629,1.531391,1.562639,2.393012,0.415661,1.562566,132.222321,Round
1.104608,1.358955,0.527373,1.395330,1.501112,2.094547,0.393966,1.583239,139.010559,Round
1.189328,1.375136,0.517953,1.403991,1.635487,2.296209,0.404144,1.606227,136.099762,Round
1.169524,1.316138,0.507975,1.495739,1.539256,2.302325,0.413173,1.577568,136.612091,Round
1.196292,1.352786,0.527211,1.402124,1.618327,2.269095,0.413884,1.579247,136.606979,Round
1.188874,1.393157,0.538077,1.333999,1.656288,2.209486,0.406340,1.592519,140.985352,Round
1.183915,1.331013,0.509833,1.473634,1.575806,2.322160,0.406128,1.585865,136.570648,Round
1.222522,1.300566,0.480472,1.600292,1.589970,2.544416,0.400628,1.600809,132.361526,Round
1.025792,1.445704,0.525294,1.316796,1.482991,1.952796,0.400426,1.643387,139.486588,Round
1.142670,1.375827,0.518923,1.400661,1.572116,2.202003,0.411114,1.605447,138.568481,Round
1.204364,1.352703,0.502093,1.472356,1.629147,2.398685,0.404110,1.611144,136.587479,Round
1.138283,1.374301,0.533595,1.363662,1.564343,2.133235,0.415246,1.585744,137.218079,Round
1.173014,1.408155,0.522530,1.359059,1.651785,2.244874,0.414395,1.622482,140.874359,Round
1.195453,1.334401,0.517729,1.447476,1.595213,2.309032,0.415947,1.578371,137.464752,Round
1.133682,1.330871,0.495339,1.516917,1.508785,2.288701,0.413231,1.604201,136.135941,Round
1.200081,1.359666,0.489429,1.502720,1.631710,2.452003,0.397219,1.632782,138.142593,Round
1.133464,1.337583,0.517489,1.444702,1.516103,2.190317,0.418327,1.580896,135.083893,Round
1.162689,1.307785,0.516510,1.480420,1.520547,2.251048,0.444765,1.561082,136.887283,Round
1.187015,1.356326,0.501451,1.470305,1.609979,2.367161,0.406134,1.614548,136.233643,Round
1.166630,1.337956,0.521877,1.432154,1.560899,2.235448,0.423119,1.575689,135.421967,Round
1.143862,1.325749,0.521600,1.446110,1.516474,2.192988,0.414651,1.567532,134.929169,Round
1.205787,1.378035,0.533570,1.360028,1.661617,2.259846,0.415521,1.588258,139.401642,Round
1.820537,1.349622,0.509793,1.453430,2.457038,3.571134,0.424960,1.599053,153.061813,Round
1.147115,1.372061,0.529139,1.377389,1.573911,2.167888,0.411211,1.589864,139.030441,Round
1.193690,1.296091,0.476279,1.619956,1.547131,2.506285,0.392975,1.602783,129.261612,Round
1.082632,1.317201,0.494941,1.533890,1.426043,2.187394,0.421071,1.594735,128.012939,Round
1.180476,1.351696,0.530213,1.395309,1.595644,2.226416,0.425765,1.574772,140.799988,Round
1.130568,1.292023,0.485342,1.594710,1.460719,2.329424,0.404987,1.588156,128.892548,Round
1.133900,1.356941,0.520041,1.417102,1.538636,2.180404,0.418201,1.591099,134.283356,Round
1.218761,1.344171,0.526681,1.412529,1.638223,2.314038,0.414930,1.574017,135.590607,Round
1.133245,1.321345,0.505394,1.497455,1.497407,2.242300,0.420172,1.584537,138.026306,Round
1.125667,1.324062,0.462321,1.633609,1.490453,2.434817,0.402129,1.642612,131.676208,Round
1.130352,1.410311,0.537220,1.319875,1.594149,2.104077,0.410931,1.604772,139.296539,Round
1.122383,1.331908,0.510972,1.469360,1.494911,2.196562,0.404618,1.585069,134.129745,Round
1.278023,1.320100,0.510471,1.483961,1.687118,2.503617,0.422404,1.577300,139.723053,Round
1.117975,1.314181,0.501233,1.518116,1.469222,2.230448,0.413213,1.584580,134.021484,Round
1.178039,1.324291,0.499851,1.510693,1.560067,2.356782,0.411380,1.593661,133.584335,Round
1.110992,1.418082,0.568193,1.241088,1.575477,1.955306,0.415239,1.570634,142.233597,Round
1.148332,1.326594,0.512865,1.469803,1.523370,2.239055,0.408741,1.578937,135.742249,Round
1.124786,1.366425,0.498504,1.468067,1.536937,2.256325,0.394311,1.625567,134.281921,Round
1.183947,1.404070,0.550153,1.294577,1.662344,2.152033,0.411931,1.584325,142.698364,Round
1.197212,1.359964,0.515821,1.425520,1.628165,2.320981,0.406523,1.598548,136.128830,Round
1.163564,1.337439,0.515451,1.450571,1.556195,2.257371,0.423493,1.583345,136.119324,Round
1.111887,1.297818,0.499300,1.543208,1.443027,2.226892,0.411903,1.575022,132.969070,Round
1.149330,1.321041,0.491319,1.540708,1.518311,2.339275,0.405943,1.602182,134.116272,Round
1.161643,1.310648,0.512941,1.487465,1.522505,2.264672,0.421898,1.567494,136.308609,Round
1.149170,1.320913,0.494948,1.529559,1.517954,2.321800,0.415487,1.597444,137.302704,Round
1.146968,1.342631,0.534135,1.394416,1.539954,2.147338,0.427631,1.563794,138.928329,Round
1.181169,1.294841,0.487016,1.585771,1.529426,2.425321,0.397247,1.588170,131.642838,Round
1.109516,1.296084,0.501813,1.537533,1.438026,2.211014,0.418337,1.570638,132.262421,Round
1.066473,1.377344,0.527909,1.375304,1.468901,2.020184,0.424348,1.594968,140.039154,Round
1.081270,1.325645,0.515044,1.464632,1.433381,2.099376,0.421441,1.575556,135.004333,Round
1.177419,1.384868,0.519300,1.390508,1.630570,2.267320,0.407226,1.611096,139.827393,Round
1.182802,1.315549,0.512020,1.484588,1.556035,2.310070,0.414778,1.572131,136.640167,Round
1.122500,1.304871,0.493302,1.553529,1.464718,2.275483,0.403190,1.587729,133.077438,Round
1.201167,1.361609,0.505821,1.451947,1.635520,2.374687,0.403909,1.612583,134.736938,Round
1.094792,1.341538,0.520514,1.432072,1.468705,2.103291,0.427811,1.579870,138.815338,Round
1.148082,1.367921,0.522039,1.400349,1.570486,2.199229,0.425322,1.596074,139.665726,Round
1.151720,1.362618,0.520260,1.410606,1.569354,2.213739,0.425969,1.594717,140.329971,Round
1.136292,1.315334,0.512667,1.482956,1.494604,2.216431,0.423395,1.571177,136.654816,Round
1.097647,1.316574,0.510221,1.488663,1.445134,2.151318,0.414818,1.575091,134.679337,Round
1.153860,1.336904,0.504856,1.481605,1.542600,2.285524,0.421775,1.596357,137.648911,Round
1.167949,1.350797,0.520598,1.422026,1.577662,2.243477,0.421357,1.586167,135.084625,Round
1.150608,1.377205,0.534806,1.357705,1.584623,2.151451,0.418843,1.586151,140.618851,Round
1.108304,1.329171,0.504205,1.492148,1.473126,2.198123,0.408358,1.591655,136.539124,Round
1.202097,1.332760,0.496292,1.511858,1.602107,2.422158,0.393175,1.604346,134.780853,Round
1.205567,1.349494,0.510181,1.452462,1.626904,2.363017,0.412260,1.598466,136.763260,Round
1.241372,1.365962,0.503224,1.454790,1.695667,2.466839,0.404507,1.619028,137.162186,Round
1.126436,1.385863,0.525264,1.373731,1.561086,2.144512,0.426837,1.604060,137.586014,Round
1.135517,1.389883,0.532764,1.350477,1.578235,2.131371,0.417739,1.597127,139.046204,Round
1.221873,1.377895,0.506378,1.433208,1.683613,2.412968,0.432090,1.623215,138.794769,Round
1.113759,1.351729,0.528136,1.400763,1.505501,2.108850,0.421364,1.577375,138.044281,Round
1.217598,1.360736,0.500013,1.469754,1.656829,2.435131,0.405990,1.619552,136.103012,Round
1.161400,1.449338,0.530689,1.300140,1.683261,2.188476,0.402995,1.638459,140.800430,Round
1.095944,1.367125,0.543663,1.345434,1.498293,2.015853,0.423015,1.568474,141.143463,Round
1.157658,1.353972,0.530055,1.393380,1.567437,2.184035,0.415344,1.576513,138.654053,Round
1.067284,1.401302,0.536502,1.330139,1.495587,1.989340,0.409442,1.599841,139.788025,Round
1.154475,1.357567,0.493567,1.492425,1.567277,2.339043,0.410967,1.625779,133.810791,Round
1.186114,1.316602,0.508308,1.494235,1.561640,2.333457,0.410948,1.577488,135.971878,Round
1.181142,1.359620,0.510175,1.441661,1.605905,2.315170,0.391707,1.605556,132.513000,Round
1.212041,1.319923,0.494443,1.532269,1.599802,2.451326,0.405566,1.597364,134.883621,Round
1.226415,1.345100,0.493247,1.507233,1.649651,2.486409,0.423927,1.617225,134.672165,Round
1.059813,1.410277,0.542974,1.305919,1.494630,1.951866,0.408303,1.597375,140.236679,Round
1.171914,1.374485,0.519906,1.399380,1.610778,2.254090,0.405230,1.603270,134.637665,Round
1.201681,1.349022,0.507347,1.461085,1.621095,2.368557,0.410474,1.601762,137.071823,Round
1.196671,1.340418,0.492978,1.513326,1.604038,2.427433,0.424250,1.614187,135.307724,Round
1.132726,1.349675,0.514032,1.441387,1.528813,2.203610,0.410901,1.593687,135.201935,Round
1.105621,1.323843,0.509582,1.482346,1.463669,2.169663,0.417382,1.581080,134.109207,Round
1.176851,1.334515,0.520045,1.440907,1.570525,2.262980,0.423046,1.575572,140.264008,Round
1.180015,1.353417,0.515516,1.433264,1.597052,2.288997,0.412495,1.594404,135.352798,Round
1.138482,1.347207,0.508608,1.459427,1.533771,2.238427,0.429026,1.598869,136.758469,Round
1.133527,1.331938,0.477908,1.570985,1.509788,2.371853,0.398757,1.627746,134.298767,Round
1.144915,1.328136,0.510523,1.474830,1.520604,2.242632,0.410776,1.582958,134.752289,Round
1.072245,1.339185,0.495490,1.507040,1.435933,2.164010,0.411912,1.610030,134.181870,Round
1.147662,1.359455,0.499166,1.473636,1.560194,2.299158,0.391361,1.619754,133.573959,Round
1.183231,1.316307,0.497268,1.527748,1.557496,2.379462,0.410958,1.591129,131.281631,Round
1.108789,1.369500,0.516974,1.412437,1.518487,2.144768,0.428566,1.603634,138.140625,Round
1.178491,1.365124,0.517320,1.416017,1.608786,2.278069,0.417917,1.600186,137.014633,Round
1.087105,1.396566,0.544443,1.315183,1.518213,1.996728,0.415186,1.586690,140.463074,Round
1.158408,1.342080,0.511229,1.457493,1.554676,2.265929,0.419951,1.591925,134.535049,Round
1.144022,1.360949,0.539039,1.363132,1.556956,2.122336,0.425967,1.570080,142.747864,Round
1.231712,1.336171,0.497926,1.503051,1.645777,2.473686,0.406202,1.604707,137.176682,Round
1.174238,1.362924,0.539683,1.359534,1.600397,2.175794,0.402295,1.570599,138.768234,Round
1.170064,1.323020,0.512940,1.473556,1.548018,2.281091,0.418721,1.576309,137.565628,Round
1.143462,1.361269,0.504038,1.457446,1.556559,2.268600,0.425417,1.614665,132.422470,Round
1.112685,1.324992,0.500595,1.507649,1.474298,2.222724,0.419625,1.593223,133.029099,Round
1.111908,1.351917,0.512168,1.444235,1.503206,2.170984,0.423427,1.597625,139.075745,Round
1.188911,1.344184,0.490272,1.517415,1.598115,2.425004,0.406290,1.620460,131.670441,Round
1.127720,1.364854,0.526159,1.392505,1.539172,2.143305,0.401662,1.588766,138.759888,Round
1.178491,1.365124,0.517320,1.416017,1.608786,2.278069,0.417917,1.600186,137.014633,Round
1.162330,1.335209,0.495163,1.512525,1.551953,2.347367,0.409830,1.607575,134.209076,Round
1.199264,1.389172,0.554434,1.298356,1.665984,2.163040,0.417385,1.569504,139.714371,Round
1.231856,1.303462,0.509110,1.506919,1.605677,2.419626,0.411394,1.567032,136.272614,Round
1.218954,1.394278,0.513943,1.395517,1.699561,2.371767,0.409836,1.624484,140.143433,Round
1.223095,1.352521,0.533864,1.384923,1.654261,2.291025,0.409743,1.570816,138.241379,Round
1.166350,1.355387,0.507688,1.453248,1.580855,2.297375,0.423926,1.605801,138.997986,Round
1.130970,1.353263,0.505492,1.461853,1.530501,2.237366,0.414563,1.607141,134.039963,Round
1.140162,1.312488,0.484121,1.573804,1.496448,2.355116,0.401259,1.605094,131.280701,Round
1.221163,1.330711,0.499277,1.505133,1.625015,2.445864,0.409168,1.599035,134.612442,Round
1.093553,1.303696,0.489529,1.566915,1.425661,2.233889,0.434555,1.591623,128.391357,Round
1.119327,1.350567,0.552901,1.339173,1.511725,2.024461,0.412872,1.546394,138.893814,Round
1.170404,1.379268,0.515352,1.406849,1.614301,2.271079,0.406837,1.612417,137.751480,Round
1.125063,1.321171,0.482568,1.568492,1.486401,2.331408,0.405785,1.613590,135.787384,Round
1.162164,1.320026,0.503435,1.504785,1.534086,2.308470,0.408105,1.586049,135.709106,Round
1.176489,1.337970,0.491335,1.521165,1.574107,2.394477,0.400745,1.614549,134.156311,Round
1.250628,1.367925,0.523037,1.397671,1.710765,2.391087,0.415924,1.594805,140.040833,Round
1.096489,1.341023,0.483703,1.541647,1.470417,2.266864,0.417846,1.626807,132.395096,Round
1.084524,1.329638,0.498298,1.509306,1.442024,2.176455,0.416805,1.599510,129.125183,Round
1.120903,1.357224,0.514281,1.432677,1.521315,2.179554,0.414544,1.598620,135.791580,Round
1.134552,1.343734,0.502667,1.480492,1.524536,2.257064,0.414243,1.604027,135.272430,Round
1.084337,1.351607,0.512896,1.442515,1.465597,2.114144,0.419309,1.596479,137.267838,Round
1.205493,1.349842,0.529094,1.400180,1.627225,2.278407,0.401261,1.574900,133.087799,Round
1.106227,1.315431,0.507321,1.498474,1.455164,2.180526,0.410900,1.577874,135.418137,Round
1.119830,1.356749,0.499587,1.475332,1.519329,2.241514,0.381646,1.617282,133.717697,Round
1.100550,1.325704,0.507550,1.486189,1.459004,2.168356,0.418182,1.584954,135.289658,Round
1.028689,1.321960,0.540805,1.398753,1.359886,1.902145,0.418144,1.541714,138.131210,Round
1.026336,1.337750,0.502925,1.486353,1.372981,2.040734,0.412241,1.599426,130.230087,Round
1.065473,1.341553,0.514242,1.449520,1.429389,2.071929,0.418240,1.587747,137.209549,Round
1.166418,1.365197,0.540574,1.355032,1.592390,2.157740,0.393050,1.571007,139.478348,Round
1.185769,1.340767,0.533119,1.399016,1.589840,2.224212,0.401620,1.563770,136.885635,Round
1.134029,1.308222,0.504817,1.514204,1.483562,2.246414,0.422810,1.575779,136.385269,Round
1.138956,1.281740,0.485921,1.605589,1.459846,2.343913,0.416728,1.579642,133.255890,Round
1.119901,1.412776,0.545787,1.296890,1.582170,2.051901,0.416106,1.595388,140.239105,Round
1.203246,1.358373,0.516280,1.425921,1.634458,2.330608,0.420461,1.596864,139.507965,Round
1.211551,1.344540,0.513945,1.447137,1.628980,2.357357,0.395160,1.590213,135.368988,Round
1.143085,1.352300,0.519934,1.422259,1.545793,2.198518,0.412045,1.588039,134.941956,Round
1.221616,1.329232,0.483594,1.555673,1.623812,2.526121,0.409751,1.618243,133.549088,Round
1.180271,1.354948,0.520064,1.419124,1.599206,2.269472,0.425023,1.589698,135.529633,Round
1.144447,1.361723,0.477723,1.537215,1.558419,2.395626,0.419483,1.650046,136.496353,Round
1.275928,1.340937,0.490646,1.519930,1.710940,2.600508,0.419242,1.617609,136.866348,Round
1.130108,1.362965,0.486210,1.509007,1.540297,2.324319,0.418290,1.639472,136.703033,Round
1.136827,1.332399,0.490372,1.530523,1.514708,2.318295,0.402155,1.611736,135.590591,Round
1.079521,1.296240,0.512682,1.504758,1.399318,2.105636,0.432775,1.557459,138.062592,Round
1.244348,1.350668,0.502375,1.473747,1.680701,2.476928,0.423741,1.609335,136.794662,Round
1.179677,1.349204,0.528468,1.402503,1.591624,2.232258,0.419487,1.575242,135.940887,Round
1.131002,1.337969,0.519149,1.439667,1.513246,2.178569,0.411738,1.579093,136.081207,Round
1.186027,1.372832,0.530913,1.372016,1.628216,2.233940,0.411462,1.588141,140.510956,Round
1.149794,1.310399,0.496570,1.536795,1.506690,2.315472,0.411110,1.587684,130.486954,Round
1.101978,1.390858,0.529383,1.358147,1.532696,2.081625,0.417828,1.602097,142.772766,Round
1.291140,1.337564,0.475811,1.571272,1.726983,2.713559,0.411813,1.634737,136.095718,Round
1.150794,1.370694,0.534108,1.365936,1.577387,2.154610,0.395932,1.582698,138.142410,Round
1.145604,1.327381,0.520807,1.446532,1.520652,2.199672,0.411439,1.569649,136.233841,Round
1.189183,1.358703,0.507460,1.450353,1.615747,2.343403,0.423576,1.608420,138.792160,Round
1.128726,1.332774,0.498231,1.505957,1.504337,2.265467,0.418433,1.601863,135.073502,Round
1.161611,1.352581,0.512388,1.442906,1.571173,2.267054,0.401828,1.597807,137.466339,Round
1.115517,1.312100,0.495270,1.538832,1.463671,2.252343,0.403297,1.590575,133.720169,Round
1.102914,1.423078,0.538703,1.304434,1.569532,2.047351,0.416425,1.611078,141.267807,Round
1.160883,1.312258,0.497876,1.530591,1.523379,2.331670,0.420585,1.587401,136.307419,Round
1.159508,1.327872,0.487938,1.543401,1.539678,2.376341,0.394200,1.611574,130.850800,Round
1.142026,1.342268,0.519650,1.433674,1.532905,2.197685,0.423994,1.581456,138.270218,Round
1.111769,1.326337,0.510852,1.475880,1.474580,2.176304,0.424118,1.581267,134.158661,Round
1.179261,1.299993,0.482405,1.594582,1.533032,2.444546,0.431365,1.597904,137.702362,Round
1.164261,1.381907,0.530669,1.363634,1.608900,2.193951,0.405116,1.594507,138.297791,Round
1.134458,1.323511,0.507217,1.489629,1.501469,2.236632,0.407306,1.583803,134.372025,Round
1.109192,1.393184,0.541257,1.326135,1.545309,2.049289,0.406222,1.588515,138.560852,Round
1.217754,1.324124,0.512667,1.473111,1.612458,2.375329,0.422170,1.577432,135.734360,Round
1.125776,1.337483,0.531845,1.405810,1.505706,2.116736,0.409970,1.563088,136.348953,Round
1.193690,1.347967,0.492108,1.507512,1.609055,2.425670,0.409205,1.620791,134.319016,Round
1.207968,1.337635,0.496983,1.504253,1.615819,2.430602,0.409687,1.606979,135.833206,Round
1.182512,1.346088,0.496283,1.496917,1.591764,2.382738,0.410570,1.613975,138.451813,Round
1.178216,1.359904,0.504926,1.456346,1.602260,2.333445,0.407764,1.612550,135.594818,Round
1.186314,1.345778,0.528913,1.404890,1.596516,2.242928,0.418236,1.572355,140.718628,Round
1.169001,1.411751,0.553879,1.278872,1.650339,2.110572,0.415937,1.584511,141.860474,Round
1.081002,1.293043,0.494887,1.562720,1.397782,2.184342,0.403485,1.576969,131.937576,Round
1.168618,1.338795,0.516935,1.444940,1.564540,2.260667,0.416020,1.582435,136.190369,Round
1.111856,1.336415,0.532481,1.405254,1.485901,2.088068,0.426776,1.561583,138.898392,Round
1.188874,1.393157,0.538077,1.333999,1.656288,2.209486,0.406340,1.592519,140.985352,Round
1.126458,1.347861,0.529104,1.402213,1.518308,2.128991,0.410372,1.573539,138.094116,Round
1.151387,1.288553,0.489032,1.586941,1.483624,2.354423,0.426953,1.580908,129.293335,Round
1.147612,1.341380,0.520204,1.433094,1.539383,2.206081,0.417738,1.580147,134.642929,Round
1.132461,1.362231,0.526957,1.393073,1.542674,2.149058,0.413105,1.585984,140.098282,Round
1.158962,1.344846,0.508871,1.461233,1.558626,2.277517,0.405416,1.596869,135.238922,Round
1.122702,1.319708,0.490073,1.546186,1.481638,2.290888,0.431045,1.602800,130.602341,Round
1.166552,1.286244,0.488639,1.591066,1.500471,2.387349,0.417131,1.579658,132.044571,Round
1.155165,1.309148,0.517845,1.475067,1.512282,2.230717,0.420873,1.560427,136.272202,Round
1.121562,1.320175,0.501686,1.509859,1.480658,2.235585,0.402818,1.588358,134.375534,Round
1.121659,1.343104,0.480531,1.549421,1.506504,2.334209,0.400167,1.632553,133.388657,Round
1.131427,1.318541,0.486777,1.558033,1.491833,2.324326,0.401169,1.606180,132.612503,Round
1.138089,1.387668,0.536015,1.344429,1.579290,2.123243,0.403544,1.591535,139.878555,Round
1.203246,1.358373,0.516280,1.425921,1.634458,2.330608,0.420461,1.596864,139.507965,Round
1.134330,1.350882,0.501787,1.475241,1.532346,2.260580,0.413602,1.610249,136.900757,Round
1.171277,1.403614,0.533848,1.334549,1.644022,2.194028,0.408746,1.604757,142.283966,Round
1.135145,1.414382,0.538611,1.312679,1.605529,2.107544,0.410938,1.605609,139.744354,Round
1.281392,1.341012,0.503776,1.480232,1.718362,2.543574,0.404349,1.600664,135.961044,Round
1.135145,1.414382,0.538611,1.312679,1.605529,2.107544,0.410938,1.605609,139.744354,Round
1.187803,1.324699,0.507239,1.488230,1.573480,2.341700,0.410894,1.584625,133.918137,Round
1.186088,1.373150,0.530713,1.372214,1.628677,2.234894,0.421599,1.588605,140.973038,Round
1.199348,1.326056,0.490033,1.538910,1.590403,2.447486,0.399400,1.607525,132.906204,Round
1.249337,1.365488,0.506150,1.446881,1.705954,2.468313,0.420444,1.614871,141.326141,Round
1.117114,1.330478,0.521327,1.441723,1.486296,2.142827,0.434017,1.571170,141.594818,Round
1.139335,1.370165,0.497711,1.466390,1.561077,2.289148,0.400874,1.629261,137.424332,Round
1.197385,1.330763,0.495126,1.517693,1.593436,2.418345,0.404063,1.604397,135.641922,Round
1.186802,1.316651,0.473944,1.602516,1.562603,2.504097,0.410331,1.621472,131.766617,Round
1.093060,1.331533,0.509206,1.474873,1.455445,2.146596,0.418295,1.587025,135.411987,Round
1.188716,1.347302,0.516249,1.437725,1.601559,2.302600,0.413118,1.589227,140.353851,Round
1.178367,1.333470,0.501291,1.495985,1.571317,2.350666,0.408813,1.598448,135.041443,Round
1.169017,1.353559,0.491384,1.503496,1.582333,2.379032,0.404608,1.625782,132.887878,Round
1.113029,1.435584,0.538969,1.292431,1.597847,2.065108,0.407986,1.618713,142.100159,Round
1.162847,1.293507,0.499709,1.547085,1.504151,2.327049,0.411643,1.571338,133.927933,Round
1.025792,1.445704,0.525294,1.316796,1.482991,1.952796,0.400426,1.643387,139.486588,Round
1.183461,1.315736,0.509749,1.490991,1.557122,2.321656,0.412866,1.575076,136.095169,Round
1.178218,1.341785,0.485493,1.535090,1.580915,2.426846,0.404359,1.625000,133.608536,Round
1.156130,1.359561,0.504206,1.458792,1.571829,2.292972,0.404872,1.613245,134.815399,Round
1.160842,1.353856,0.516509,1.430045,1.571613,2.247478,0.407890,1.593448,137.053696,Round
1.168170,1.333417,0.497433,1.507647,1.557658,2.348399,0.413906,1.603353,132.934372,Round
1.121562,1.320175,0.501686,1.509859,1.480658,2.235585,0.402818,1.588358,134.375534,Round
1.059449,1.274689,0.481080,1.630716,1.350469,2.202231,0.403558,1.580297,124.166260,Round
1.209538,1.299320,0.495817,1.552254,1.571578,2.439488,0.432356,1.580466,134.593674,Round
1.177250,1.285661,0.511204,1.521526,1.513544,2.302897,0.423196,1.551573,135.292175,Round
1.170395,1.306313,0.508727,1.504763,1.528902,2.300635,0.417026,1.569563,135.042984,Round
1.092477,1.350672,0.519629,1.424807,1.475578,2.102415,0.438538,1.587300,136.094955,Round
1.146321,1.378252,0.507473,1.429744,1.579919,2.258880,0.408876,1.622021,133.010193,Round
1.142574,1.344245,0.529297,1.405471,1.535900,2.158662,0.410712,1.570833,138.683853,Round
1.221469,1.331296,0.482265,1.557542,1.626136,2.532776,0.405499,1.621517,134.191727,Round
1.209453,1.297377,0.500430,1.540248,1.569116,2.416828,0.417279,1.573297,140.337067,Round
1.136544,1.315926,0.505385,1.503647,1.495609,2.248867,0.401026,1.580645,135.332428,Round
1.154677,1.357067,0.516361,1.427070,1.566974,2.236182,0.419494,1.595858,141.111328,Round
1.090538,1.317749,0.501081,1.514465,1.437055,2.176370,0.411923,1.587364,135.703522,Round
1.151663,1.389066,0.505651,1.423726,1.599735,2.277585,0.420007,1.631908,134.715256,Round
1.222871,1.336910,0.492056,1.520141,1.634868,2.485230,0.404409,1.612839,135.231308,Round
1.108304,1.329171,0.504205,1.492148,1.473126,2.198123,0.408358,1.591655,136.539124,Round
1.105582,1.355950,0.531615,1.387264,1.499114,2.079667,0.426229,1.575914,139.733414,Round
1.090806,1.327098,0.531678,1.417257,1.447607,2.051630,0.430908,1.556176,139.033585,Round
1.112135,1.361926,0.494090,1.486075,1.514645,2.250877,0.393729,1.628208,135.623642,Round
1.133728,1.371312,0.519390,1.404010,1.554694,2.182806,0.419555,1.601770,138.834808,Round
1.219756,1.339136,0.489248,1.526322,1.633419,2.493123,0.418957,1.618125,134.072723,Round
1.137073,1.363204,0.513225,1.429327,1.550062,2.215546,0.405824,1.604118,134.936096,Round
1.191552,1.308835,0.515735,1.481454,1.559544,2.310393,0.421887,1.562776,133.468323,Round
1.146542,1.361078,0.522745,1.405487,1.560534,2.193310,0.401066,1.590512,139.568832,Round
1.166157,1.311058,0.482286,1.581515,1.528899,2.417977,0.420906,1.606388,130.728745,Round
1.137066,1.305094,0.527797,1.451748,1.483978,2.154362,0.424240,1.545564,135.452026,Round
1.129236,1.331080,0.493700,1.521712,1.503104,2.287291,0.400321,1.606465,132.168961,Round
1.139584,1.341947,0.492279,1.513747,1.529261,2.314914,0.404912,1.616207,134.483170,Round
1.170330,1.297521,0.505408,1.524908,1.518528,2.315615,0.417738,1.567265,135.193298,Round
1.137058,1.332683,0.498852,1.504186,1.515339,2.279351,0.403884,1.601002,134.613510,Round
1.197297,1.320309,0.511536,1.480635,1.580803,2.340593,0.403295,1.576126,138.309921,Round
1.135762,1.397128,0.553687,1.292704,1.586805,2.051270,0.417789,1.575497,140.522690,Round
1.200081,1.359666,0.489429,1.502720,1.631710,2.452003,0.397219,1.632782,138.142593,Round
1.141004,1.368571,0.518132,1.410237,1.561544,2.202148,0.414242,1.601510,138.774109,Round
1.125084,1.326346,0.516607,1.459428,1.492250,2.177831,0.402078,1.574111,133.647339,Round
1.185430,1.370425,0.510102,1.430501,1.624542,2.323909,0.396792,1.613160,138.785919,Round
1.119116,1.341810,0.524344,1.421324,1.501641,2.134318,0.405758,1.575292,139.600250,Round
1.171732,1.372646,0.516932,1.409315,1.608373,2.266705,0.412000,1.605843,138.299927,Round
1.102814,1.325687,0.512395,1.472156,1.461986,2.152272,0.409930,1.578879,134.726852,Round
1.153954,1.326739,0.497422,1.515268,1.530996,2.319868,0.406705,1.598530,135.374146,Round
1.103016,1.377360,0.513614,1.413566,1.519250,2.147560,0.411117,1.613371,133.978928,Round
1.113919,1.313390,0.496525,1.533434,1.463010,2.243430,0.427597,1.589935,133.445007,Round
1.114631,1.389673,0.516445,1.393359,1.548973,2.158276,0.421209,1.618072,140.795822,Round
1.219869,1.410644,0.530825,1.335461,1.720801,2.298062,0.416046,1.613266,141.091949,Round
1.194490,1.315009,0.489626,1.553126,1.570765,2.439597,0.415935,1.599901,132.201477,Round
1.175005,1.345884,0.511338,1.453062,1.581420,2.297902,0.406245,1.594459,138.612198,Round
1.172028,1.357636,0.520105,1.416204,1.591187,2.253446,0.401476,1.591496,138.933090,Round
1.114831,1.305469,0.503645,1.520928,1.455377,2.213524,0.411871,1.575233,130.520645,Round
1.205374,1.351456,0.502429,1.472729,1.629010,2.399090,0.400439,1.609824,136.426910,Round
1.170826,1.319439,0.513857,1.474920,1.544834,2.278506,0.420936,1.572630,135.404770,Round
1.196537,1.300109,0.498912,1.541689,1.555629,2.398295,0.432697,1.577190,136.095612,Round
1.143981,1.361182,0.539206,1.362478,1.557166,2.121604,0.422351,1.570029,141.024551,Round
1.102968,1.352273,0.531139,1.392282,1.491514,2.076608,0.428003,1.574016,139.742020,Round
1.161400,1.449338,0.530689,1.300140,1.683261,2.188476,0.402995,1.638459,140.800430,Round
1.176882,1.353244,0.533958,1.383939,1.592609,2.204074,0.404815,1.571187,136.177505,Round
1.200550,1.314618,0.497180,1.529983,1.578265,2.414719,0.426213,1.590005,136.218857,Round
1.119242,1.338356,0.513799,1.454237,1.497944,2.178365,0.424135,1.586062,137.145340,Round
1.223773,1.327400,0.498002,1.512749,1.624437,2.457366,0.406309,1.598268,134.793396,Round
1.139585,1.342302,0.494911,1.505298,1.529667,2.302605,0.401697,1.613034,135.243973,Round
1.125063,1.321171,0.482568,1.568492,1.486401,2.331408,0.405785,1.613590,135.787384,Round
1.152900,1.370403,0.514677,1.417807,1.579938,2.240048,0.392174,1.607215,139.371094,Round
1.119404,1.321562,0.484527,1.561689,1.479362,2.310304,0.405268,1.611335,135.613098,Round
1.181996,1.315073,0.507332,1.498848,1.554412,2.329827,0.417730,1.577603,133.714722,Round
1.139335,1.370165,0.497711,1.466390,1.561077,2.289148,0.400874,1.629261,137.424332,Round
1.118507,1.361632,0.500109,1.468504,1.522995,2.236524,0.408139,1.620060,135.826874,Round
1.101200,1.318031,0.501474,1.512955,1.451416,2.195927,0.396582,1.587073,136.019867,Round
1.205187,1.382868,0.522993,1.382684,1.666616,2.304404,0.397305,1.604972,139.642624,Round
1.129686,1.351941,0.497270,1.487477,1.527268,2.271776,0.409309,1.616884,137.034561,Round
1.173168,1.336098,0.526779,1.420802,1.567467,2.227060,0.414415,1.568349,138.023804,Round
1.161234,1.364712,0.520599,1.407524,1.584750,2.230573,0.413895,1.595718,137.586914,Round
1.116961,1.327288,0.505804,1.489542,1.482529,2.208288,0.408537,1.588284,136.474945,Round
1.201538,1.323327,0.521964,1.447746,1.590028,2.301956,0.435245,1.565392,137.248260,Round
1.116587,1.375205,0.504805,1.440486,1.535535,2.211917,0.408781,1.623417,135.999741,Round
1.100550,1.325704,0.507550,1.486189,1.459004,2.168356,0.418182,1.584954,135.289658,Round
1.107578,1.408703,0.539203,1.316521,1.560249,2.054100,0.416720,1.601184,140.606613,Round
1.161521,1.321674,0.493799,1.532234,1.535153,2.352213,0.410169,1.599469,131.939194,Round
1.168725,1.302573,0.506054,1.517053,1.522350,2.309485,0.409884,1.570148,131.809311,Round
1.085590,1.334103,0.497321,1.507212,1.448289,2.182878,0.419135,1.603993,131.213562,Round
1.092505,1.348543,0.514719,1.440670,1.473291,2.122526,0.418594,1.592027,133.985352,Round
1.085894,1.358916,0.498037,1.477564,1.475638,2.180350,0.447830,1.620854,133.477112,Round
1.084589,1.384712,0.506515,1.425764,1.501844,2.141275,0.413505,1.627754,134.827789,Round
1.167976,1.341819,0.500413,1.489285,1.567212,2.334025,0.406670,1.605562,134.360291,Round
1.173241,1.308875,0.514260,1.485659,1.535627,2.281418,0.418755,1.564609,133.508087,Round
1.166956,1.349377,0.506875,1.462060,1.574664,2.302254,0.409482,1.602618,135.055695,Round
1.167621,1.258667,0.491855,1.615297,1.469647,2.373916,0.412886,1.554792,130.795502,Round
1.216690,1.300003,0.502080,1.532083,1.581701,2.423298,0.412128,1.573182,133.584320,Round
1.104608,1.358955,0.527373,1.395330,1.501112,2.094547,0.393966,1.583239,139.010559,Round
1.137935,1.309648,0.497047,1.536202,1.490294,2.289392,0.421757,1.586532,130.038040,Round
1.213322,1.344489,0.503800,1.476335,1.631298,2.408343,0.421489,1.603108,137.521652,Round
1.214236,1.358921,0.521322,1.411563,1.650051,2.329150,0.418049,1.590837,137.917038,Round
1.148977,1.331739,0.490832,1.529847,1.530138,2.340876,0.411622,1.610656,130.653671,Round
1.132631,1.290498,0.473059,1.638051,1.461657,2.394269,0.408596,1.602623,131.607422,Round
1.139116,1.404231,0.531898,1.338855,1.599583,2.141609,0.413468,1.607677,146.508331,Round
1.237778,1.345819,0.506938,1.465744,1.665826,2.441675,0.414600,1.600026,135.469543,Round
1.122331,1.344750,0.487197,1.526349,1.509254,2.303648,0.395379,1.624920,133.555069,Round
1.193446,1.334494,0.506878,1.478360,1.592646,2.354504,0.405623,1.592071,132.867874,Round
1.128318,1.398377,0.538208,1.328695,1.577814,2.096434,0.414912,1.595758,141.554962,Round
1.113187,1.350786,0.522635,1.416494,1.503677,2.129950,0.400366,1.583600,137.082367,Round
1.212680,1.324655,0.483841,1.560252,1.606382,2.506361,0.395932,1.614525,132.069427,Round
1.204512,1.326414,0.489652,1.539690,1.597682,2.459935,0.413413,1.608280,136.031616,Round
1.200091,1.318066,0.514216,1.475425,1.581799,2.333827,0.418563,1.571212,135.891998,Round
1.143194,1.339552,0.511765,1.458714,1.531368,2.233828,0.408134,1.589468,137.470062,Round
1.154185,1.373830,0.541344,1.344602,1.585654,2.132074,0.412864,1.575751,139.689819,Round
1.113304,1.336879,0.528922,1.414218,1.488353,2.104856,0.422200,1.566253,141.877121,Round
1.250669,1.257072,0.507688,1.566905,1.572182,2.463459,0.420672,1.534698,131.408112,Round
1.136367,1.342238,0.490424,1.519143,1.525276,2.317112,0.404205,1.618846,132.146957,Round
1.150052,1.315396,0.503520,1.509826,1.512773,2.284024,0.434089,1.582595,133.805649,Round
1.128090,1.339100,0.502298,1.486707,1.510626,2.245858,0.411357,1.601193,131.594543,Round
1.168337,1.327155,0.509285,1.479510,1.550564,2.294075,0.407255,1.583812,133.541916,Round
1.157357,1.328435,0.522562,1.440528,1.537474,2.214774,0.412937,1.568225,134.897018,Round
1.229271,1.424621,0.522087,1.344491,1.751245,2.354534,0.408438,1.633950,136.143417,Round
1.121374,1.370837,0.525808,1.387352,1.537222,2.132668,0.407961,1.593258,137.733032,Round
1.152900,1.370403,0.514677,1.417807,1.579938,2.240048,0.392174,1.607215,139.371094,Round
1.170461,1.353673,0.502274,1.470773,1.584422,2.330324,0.398913,1.611597,136.918167,Round
1.124246,1.319937,0.496931,1.524581,1.483934,2.262377,0.410944,1.594206,131.566605,Round
1.188830,1.314122,0.490646,1.550945,1.562268,2.422991,0.408366,1.597942,134.765182,Round
1.064728,1.373260,0.497640,1.463295,1.462148,2.139554,0.419694,1.631542,134.403824,Round
1.119551,1.306919,0.517790,1.477739,1.463161,2.162171,0.413050,1.558909,133.026505,Round
1.095186,1.347360,0.528920,1.403223,1.475609,2.070609,0.416425,1.573426,135.341721,Round
1.151562,1.341942,0.497855,1.496799,1.545330,2.313047,0.422401,1.608954,135.072037,Round
1.146039,1.320499,0.504548,1.500928,1.513343,2.271419,0.407115,1.584990,134.997040,Round
1.148921,1.374505,0.491466,1.480335,1.579198,2.337743,0.406033,1.640688,131.945114,Round
1.145742,1.341220,0.519335,1.435663,1.536692,2.206171,0.415126,1.581121,133.488159,Round
1.029543,1.385198,0.506184,1.426199,1.426121,2.033933,0.425320,1.628529,135.832336,Round
1.137944,1.319951,0.518549,1.461006,1.502030,2.194475,0.413451,1.567210,135.015213,Round
1.205187,1.382868,0.522993,1.382684,1.666616,2.304404,0.397305,1.604972,139.642624,Round
1.180388,1.388756,0.511513,1.407724,1.639272,2.307643,0.414678,1.623928,140.495560,Round
1.168034,1.339283,0.478425,1.560681,1.564328,2.441417,0.413432,1.632530,136.765671,Round
1.149023,1.398536,0.537373,1.330609,1.606950,2.138222,0.395695,1.596925,138.419708,Round
1.124191,1.301216,0.488963,1.571719,1.462816,2.299135,0.402586,1.590489,128.094589,Round
1.135615,1.302283,0.515873,1.488510,1.478892,2.201347,0.419651,1.557930,131.962784,Round
1.151562,1.341942,0.497855,1.496799,1.545330,2.313047,0.422401,1.608954,135.072037,Round
1.130452,1.399240,0.508423,1.405667,1.581773,2.223447,0.394646,1.635193,136.642807,Round
1.164707,1.422939,0.564175,1.245660,1.657307,2.064441,0.404145,1.578599,142.712051,Round
1.150157,1.314281,0.479902,1.585475,1.511630,2.396652,0.406883,1.611898,129.715942,Round
1.088498,1.351861,0.538947,1.372530,1.471498,2.019675,0.426130,1.564127,141.455475,Round
1.103779,1.355757,0.492631,1.497255,1.496457,2.240577,0.410344,1.625717,132.463455,Round
1.178230,1.319599,0.485377,1.561271,1.554791,2.427450,0.412736,1.608773,135.231842,Round
1.136644,1.335366,0.506142,1.479541,1.517835,2.245699,0.420080,1.593625,137.653442,Round
1.138956,1.281740,0.485921,1.605589,1.459846,2.343913,0.416728,1.579642,133.255890,Round
1.086525,1.330023,0.499279,1.505905,1.445103,2.176188,0.429304,1.598535,134.552155,Round
1.201660,1.331657,0.507329,1.480191,1.600198,2.368598,0.402658,1.589479,135.523697,Round
1.189445,1.347485,0.486221,1.526307,1.602759,2.446303,0.414973,1.628207,134.620056,Round
1.163752,1.318278,0.513851,1.476237,1.534149,2.264768,0.403215,1.571813,131.315033,Round
1.165103,1.325595,0.502626,1.500874,1.544456,2.318034,0.414782,1.591085,132.038452,Round
1.159778,1.358383,0.505243,1.457061,1.575423,2.295486,0.410035,1.611068,135.590973,Round
1.124083,1.359359,0.526741,1.396590,1.528031,2.134034,0.431904,1.584307,139.339828,Round
1.113998,1.333004,0.512691,1.463230,1.484964,2.172844,0.414149,1.583686,132.612991,Round
1.150558,1.383596,0.535838,1.348829,1.591907,2.147210,0.409391,1.589076,137.096756,Round
1.076742,1.393163,0.539792,1.329754,1.500077,1.994733,0.416429,1.590351,141.555023,Round
1.115828,1.328628,0.490656,1.533979,1.482521,2.274156,0.417669,1.608607,134.357819,Round
1.171277,1.403614,0.533848,1.334549,1.644022,2.194028,0.408746,1.604757,142.283966,Round
1.186575,1.311672,0.498202,1.530275,1.556396,2.381715,0.404941,1.586562,133.573471,Round
1.154296,1.334568,0.517477,1.448000,1.540486,2.230623,0.420991,1.578803,135.602417,Round
1.165117,1.381382,0.512680,1.412017,1.609472,2.272602,0.398235,1.617348,135.000351,Round
1.143899,1.303571,0.520465,1.473919,1.491154,2.197840,0.422436,1.553291,136.182251,Round
1.152432,1.319066,0.500784,1.513850,1.520133,2.301254,0.405873,1.588693,135.038269,Round
1.150608,1.377205,0.534806,1.357705,1.584623,2.151451,0.418843,1.586151,140.618851,Round
1.119775,1.375155,0.521949,1.393221,1.539864,2.145371,0.422258,1.601101,137.157349,Round
1.199872,1.385812,0.507165,1.422809,1.662798,2.365844,0.400945,1.627653,136.450943,Round
1.114644,1.324710,0.513802,1.469209,1.476580,2.169404,0.405076,1.576437,131.437515,Round
1.105723,1.416607,0.539512,1.308427,1.566375,2.049487,0.429483,1.605879,144.899841,Round
1.094569,1.348993,0.498438,1.487235,1.476565,2.196000,0.388595,1.613253,134.374741,Round
1.193337,1.328164,0.522027,1.442300,1.584948,2.285970,0.417894,1.568694,137.300903,Round
1.121464,1.428900,0.539733,1.296640,1.602461,2.077814,0.407423,1.613461,141.736877,Round
1.172659,1.379601,0.519542,1.395165,1.617801,2.257100,0.402030,1.607213,138.721405,Round
1.072245,1.339185,0.495490,1.507040,1.435933,2.164010,0.411912,1.610030,134.181870,Round
1.119246,1.314837,0.505577,1.504321,1.471626,2.213799,0.408676,1.579619,129.604919,Round
1.196010,1.320949,0.520659,1.453987,1.579869,2.297109,0.413324,1.565325,136.058426,Round
1.185067,1.365838,0.493866,1.482490,1.618610,2.399573,0.402289,1.631299,135.758804,Round
1.081136,1.367829,0.537027,1.361356,1.478809,2.013186,0.424146,1.577146,142.548737,Round
1.189945,1.319143,0.485024,1.562951,1.569707,2.453375,0.416226,1.608892,134.425232,Round
1.116185,1.293440,0.487699,1.585266,1.443719,2.288678,0.403736,1.586256,130.363022,Round
1.110777,1.326237,0.497941,1.514263,1.473154,2.230743,0.408899,1.597503,135.092819,Round
1.135788,1.361286,0.514888,1.426719,1.546131,2.205894,0.420431,1.600657,134.945450,Round
1.247422,1.356878,0.501826,1.468609,1.692600,2.485768,0.410232,1.614451,138.231201,Round
1.165974,1.376862,0.535498,1.356288,1.605385,2.177365,0.432175,1.585053,142.976257,Round
1.192134,1.330569,0.511809,1.468436,1.586216,2.329257,0.404359,1.583071,139.038559,Round
1.161741,1.319415,0.518372,1.462101,1.532818,2.241135,0.424319,1.567050,135.324326,Round
1.168886,1.286142,0.484181,1.605845,1.503353,2.414152,0.414595,1.585163,131.327682,Round
1.127338,1.351020,0.507695,1.457926,1.523056,2.220502,0.398873,1.602723,134.367477,Round
1.187461,1.385050,0.494401,1.460344,1.644693,2.401818,0.400343,1.644200,135.736420,Round
1.122266,1.384484,0.524305,1.377616,1.553759,2.140482,0.395383,1.604369,139.799927,Round
1.029808,1.386039,0.506261,1.425116,1.427354,2.034145,0.425452,1.629008,135.876923,Round
1.213826,1.328558,0.493212,1.526111,1.612638,2.461063,0.408454,1.605255,134.404709,Round
1.151870,1.365814,0.523225,1.399330,1.573240,2.201483,0.405942,1.593132,136.784866,Round
1.137300,1.347961,0.532100,1.394214,1.533036,2.137381,0.424728,1.569907,143.608932,Round
1.108762,1.386695,0.511816,1.408982,1.537515,2.166330,0.410065,1.622120,134.430878,Round
1.193354,1.350337,0.505395,1.465301,1.611429,2.361229,0.427390,1.605199,139.477966,Round
1.057598,1.379056,0.516208,1.404733,1.458486,2.048784,0.410355,1.611160,135.155350,Round
1.176917,1.279060,0.492004,1.589059,1.505348,2.392087,0.432938,1.570070,134.549866,Round
1.182093,1.344496,0.514159,1.446583,1.589319,2.299081,0.410851,1.589911,137.798035,Round
1.138305,1.391911,0.525626,1.366820,1.584420,2.165617,0.396520,1.607636,136.832886,Round
1.150904,1.339097,0.514066,1.452676,1.541172,2.238823,0.412462,1.586246,134.214539,Round
1.136818,1.363258,0.532667,1.377101,1.549777,2.134200,0.411358,1.579524,137.153198,Round
1.153356,1.275807,0.493767,1.587425,1.471460,2.335833,0.439886,1.565455,131.617462,Round
1.209050,1.271420,0.494068,1.591933,1.537210,2.447134,0.435468,1.561780,135.652878,Round
1.184150,1.322783,0.486490,1.553953,1.566374,2.434071,0.409078,1.609695,134.167999,Round
1.130359,1.300365,0.503954,1.525962,1.469880,2.242981,0.401435,1.571130,129.765686,Round
1.220943,1.330361,0.485668,1.547716,1.624295,2.513948,0.399221,1.616366,132.355469,Round
1.174347,1.330384,0.495802,1.516055,1.562332,2.368582,0.405644,1.603252,135.366302,Round
1.171044,1.367520,0.536389,1.363284,1.601427,2.183201,0.403857,1.577736,139.320557,Round
1.177595,1.314955,0.480653,1.582184,1.548484,2.449988,0.413604,1.611427,132.783340,Round
1.135240,1.338479,0.504939,1.479619,1.519495,2.248274,0.416713,1.597374,134.600937,Round
1.147920,1.349717,0.526200,1.408012,1.549367,2.181527,0.400855,1.578412,135.573120,Round
1.102359,1.318157,0.495418,1.531304,1.453082,2.225110,0.405732,1.594830,134.721786,Round
1.158234,1.370852,0.545073,1.338305,1.587768,2.124918,0.412411,1.569186,139.727005,Round
1.140813,1.353856,0.510898,1.445750,1.544496,2.232955,0.401213,1.600603,136.343079,Round
1.119404,1.321562,0.484527,1.561689,1.479362,2.310304,0.405268,1.611335,135.613098,Round
1.215002,1.345435,0.482670,1.539882,1.634706,2.517254,0.422653,1.631423,136.289429,Round
1.170803,1.321578,0.517420,1.462391,1.547308,2.262769,0.419466,1.569746,133.916275,Round
1.164024,1.329360,0.490957,1.532194,1.547406,2.370926,0.406301,1.608753,133.385147,Round
1.173339,1.341945,0.493638,1.509581,1.574557,2.376921,0.400569,1.614433,132.652130,Round
1.284453,1.377195,0.511635,1.419201,1.768943,2.510485,0.413094,1.615837,136.290482,Round
1.102744,1.321031,0.497213,1.522456,1.456759,2.217851,0.423438,1.594646,133.369751,Round
1.086656,1.360361,0.521509,1.409562,1.478245,2.083678,0.429194,1.591587,139.699341,Round
1.153954,1.326739,0.497422,1.515268,1.530996,2.319868,0.406705,1.598530,135.374146,Round
1.112335,1.282803,0.502893,1.550118,1.426907,2.211874,0.436555,1.559533,133.505692,Round
1.178311,1.321569,0.529522,1.428981,1.557220,2.225237,0.419821,1.554970,138.385345,Round
1.151325,1.366336,0.505042,1.449157,1.573097,2.279665,0.434774,1.616912,135.645767,Round
1.162338,1.335225,0.497362,1.505820,1.551982,2.337006,0.405039,1.604751,131.755356,Round
1.195918,1.336962,0.501917,1.490216,1.598896,2.382700,0.404750,1.600152,134.836517,Round
1.186088,1.373150,0.530713,1.372214,1.628677,2.234894,0.421599,1.588605,140.973038,Round
1.093199,1.360736,0.524600,1.400870,1.487556,2.083873,0.433829,1.587936,137.520248,Round
1.173124,1.346062,0.490075,1.515906,1.579098,2.393765,0.407938,1.622083,136.943619,Round
1.223900,1.361771,0.505366,1.453081,1.666672,2.421809,0.416469,1.613289,137.757584,Round
1.175453,1.378501,0.500432,1.449598,1.620363,2.348876,0.401939,1.631511,137.936203,Round
1.098880,1.353651,0.515964,1.431771,1.487500,2.129760,0.425138,1.593997,138.130737,Round
1.185143,1.356184,0.516468,1.427702,1.607273,2.294707,0.431983,1.595111,139.115463,Round
1.134233,1.394060,0.518394,1.383752,1.581189,2.187973,0.394493,1.618485,136.386917,Round
1.223262,1.428475,0.532788,1.313931,1.747400,2.295962,0.420659,1.622277,142.042435,Round
1.189712,1.287865,0.493618,1.573036,1.532189,2.410189,0.412814,1.574684,130.177841,Round
1.173499,1.346518,0.509200,1.458477,1.580138,2.304595,0.406691,1.597628,134.048599,Round
1.167407,1.318062,0.494408,1.534540,1.538715,2.361220,0.402641,1.596044,133.935608,Round
1.165629,1.345665,0.504135,1.474064,1.568547,2.312139,0.428107,1.603513,138.737030,Round
1.171191,1.319713,0.490143,1.545958,1.545636,2.389489,0.403516,1.602714,133.298584,Round
1.149891,1.384997,0.519449,1.389978,1.592595,2.213673,0.407186,1.610990,139.833237,Round
1.088692,1.289137,0.503311,1.541218,1.403473,2.163058,0.408707,1.563692,130.856262,Round
1.165779,1.369863,0.536570,1.360493,1.596957,2.172650,0.421734,1.579067,140.977966,Round
1.185598,1.368493,0.488692,1.495278,1.622482,2.426062,0.419737,1.640120,135.405457,Round
1.154641,1.336237,0.517354,1.446535,1.542873,2.231820,0.412256,1.580123,135.929779,Round
1.185430,1.370425,0.510102,1.430501,1.624542,2.323909,0.396792,1.613160,138.785919,Round
1.160667,1.348372,0.529740,1.399999,1.565011,2.191013,0.416082,1.573100,136.804626,Round
1.292648,1.358672,0.491939,1.496146,1.756284,2.627656,0.408665,1.628727,138.099426,Round
1.155870,1.382358,0.529349,1.366587,1.597826,2.183568,0.397894,1.596486,138.704788,Round
1.143852,1.337909,0.510158,1.465106,1.530370,2.242154,0.408469,1.590340,137.252426,Round
1.142066,1.358437,0.522996,1.407545,1.551425,2.183700,0.409054,1.588391,135.019943,Round
1.103383,1.334774,0.508297,1.473921,1.472767,2.170743,0.408808,1.590473,134.026886,Round
1.162239,1.388220,0.521114,1.382320,1.613444,2.230296,0.410931,1.611005,139.156143,Round
1.100326,1.348047,0.513160,1.445580,1.483291,2.144215,0.426155,1.593659,134.985703,Round
1.179381,1.337229,0.489942,1.526335,1.577102,2.407186,0.409813,1.615826,133.273087,Round
1.113942,1.430107,0.540952,1.292626,1.593056,2.059226,0.408919,1.612643,142.177139,Round
1.188918,1.353899,0.499993,1.477237,1.609675,2.377871,0.412142,1.614726,133.450790,Round
1.078755,1.365260,0.512692,1.428658,1.472782,2.104102,0.409554,1.606229,134.273315,Round
1.121464,1.428900,0.539733,1.296640,1.602461,2.077814,0.407423,1.613461,141.736877,Round
1.109477,1.321239,0.495371,1.527875,1.465883,2.239687,0.422332,1.597142,133.237595,Round
1.194408,1.323677,0.494574,1.527521,1.581010,2.415026,0.403714,1.599943,134.535568,Round
1.146795,1.324842,0.493469,1.529594,1.519322,2.323946,0.422489,1.602210,132.380035,Round
1.157442,1.326494,0.481209,1.566612,1.535339,2.405281,0.397416,1.619334,133.466370,Round
1.154196,1.387182,0.494800,1.456923,1.601080,2.332651,0.412429,1.645162,134.077499,Round
1.101771,1.314047,0.489932,1.553292,1.447778,2.248822,0.404335,1.598797,133.505814,Round
1.188617,1.351723,0.498597,1.483756,1.606681,2.383924,0.387718,1.614996,134.565994,Round
1.131927,1.416247,0.542270,1.302102,1.603088,2.087384,0.423785,1.602100,139.279236,Round
1.164707,1.422939,0.564175,1.245660,1.657307,2.064441,0.404145,1.578599,142.712051,Round
1.178018,1.351371,0.518498,1.427179,1.591940,2.271983,0.401689,1.589210,132.842453,Round
1.128619,1.345829,0.500478,1.484655,1.518928,2.255083,0.411884,1.608345,133.295441,Round
1.144960,1.306620,0.491610,1.556790,1.496027,2.328999,0.409046,1.591161,132.486969,Round
1.155059,1.339590,0.488650,1.527673,1.547306,2.363777,0.408373,1.619241,135.337067,Round
1.044837,1.319646,0.489733,1.547332,1.378816,2.133486,0.427613,1.603192,130.967422,Round
1.195931,1.412477,0.511180,1.384985,1.689224,2.339550,0.425874,1.640479,139.588745,Round
1.087427,1.338780,0.496416,1.504682,1.455826,2.190556,0.412016,1.608538,136.955582,Round
1.197024,1.400103,0.554701,1.287601,1.675957,2.157964,0.417152,1.576126,143.937271,Round
1.196190,1.345912,0.513100,1.448041,1.609967,2.331299,0.413449,1.592242,134.411224,Round
1.153699,1.381542,0.506257,1.429765,1.593884,2.278879,0.416099,1.625903,136.559586,Round
1.164001,1.304369,0.498094,1.539175,1.518286,2.336909,0.417119,1.581342,132.000320,Round
1.124635,1.366323,0.503001,1.455049,1.536615,2.235849,0.411596,1.619574,137.788177,Round
1.006843,1.335757,0.501277,1.493465,1.344898,2.008557,0.415359,1.600108,131.451202,Round
1.180943,1.337925,0.512727,1.457745,1.580013,2.303257,0.415618,1.587108,136.550903,Round
1.137727,1.363654,0.519369,1.411952,1.551466,2.190595,0.426838,1.596561,136.872223,Round
1.222609,1.344236,0.550539,1.351252,1.643476,2.220751,0.421748,1.545051,141.558441,Round
1.200616,1.386450,0.502848,1.434363,1.664595,2.387633,0.427037,1.633834,141.692307,Round
1.153643,1.350306,0.487250,1.519903,1.557771,2.367662,0.401364,1.628900,132.241989,Round
1.216308,1.407883,0.512906,1.384829,1.712418,2.371406,0.399433,1.635066,139.374496,Round
1.112281,1.377212,0.535246,1.356582,1.531847,2.078075,0.409442,1.585602,139.782578,Round
1.841359,1.316521,0.486378,1.561702,2.424187,3.785858,0.414772,1.605193,151.487259,Round
1.144448,1.366322,0.521476,1.403500,1.563684,2.194631,0.413394,1.595700,135.596069,Round
1.215681,1.321477,0.498434,1.518212,1.606494,2.439000,0.420283,1.593418,134.191177,Round
1.158306,1.329003,0.495558,1.518375,1.539392,2.337375,0.395112,1.602562,132.026108,Round
1.138278,1.325677,0.500308,1.507735,1.508990,2.275156,0.406014,1.594084,134.022308,Round
1.197180,1.379835,0.504430,1.436719,1.651911,2.373332,0.426107,1.627135,140.883636,Round
1.132052,1.361743,0.527942,1.390971,1.541564,2.144271,0.408090,1.584415,138.930130,Round
1.128286,1.422129,0.539254,1.303970,1.604568,2.092309,0.403411,1.609754,140.483856,Round
1.146942,1.332416,0.510553,1.470007,1.528203,2.246469,0.408886,1.585955,134.424744,Round
1.162722,1.386140,0.517445,1.394211,1.611695,2.247043,0.422255,1.614370,134.270309,Round
1.155174,1.326360,0.498104,1.513627,1.532176,2.319143,0.431050,1.597385,133.312927,Round
1.154128,1.395465,0.536323,1.336149,1.610546,2.151929,0.402855,1.596259,139.208618,Round
1.122139,1.320194,0.484657,1.562888,1.481441,2.315326,0.397468,1.610149,131.009552,Round
1.148827,1.330961,0.506448,1.483541,1.529044,2.268400,0.418566,1.590096,135.224487,Round
1.162876,1.355837,0.497628,1.482135,1.576670,2.336837,0.413136,1.619198,133.971497,Round
1.186489,1.413646,0.558026,1.267666,1.677275,2.126225,0.409208,1.580507,144.315918,Round
1.122470,1.359440,0.510544,1.440810,1.525930,2.198575,0.429418,1.604954,138.172577,Round
1.167533,1.325548,0.523154,1.442033,1.547622,2.231722,0.423936,1.565486,138.526245,Round
1.163868,1.349616,0.506461,1.463000,1.570775,2.298043,0.416980,1.603319,136.734818,Round
1.172813,1.331085,0.502541,1.494937,1.561115,2.333769,0.430459,1.595142,135.092056,Round
1.158332,1.331433,0.514554,1.459654,1.542241,2.251139,0.411239,1.580248,133.068024,Round
1.176320,1.346257,0.500021,1.485537,1.583629,2.352540,0.402615,1.609242,136.660477,Round
1.156399,1.413435,0.536013,1.319923,1.634495,2.157407,0.406809,1.608351,140.779739,Round
1.117138,1.315314,0.482921,1.574326,1.469387,2.313294,0.395499,1.608757,130.306168,Round
1.146170,1.380131,0.540676,1.340116,1.581866,2.119884,0.424317,1.580722,137.260315,Round
1.137851,1.342722,0.505547,1.473167,1.527817,2.250730,0.422903,1.599612,131.497559,Round
1.182973,1.302793,0.492081,1.559870,1.541168,2.404022,0.412366,1.587727,131.278381,Round
1.120237,1.361780,0.508315,1.444641,1.525517,2.203824,0.405119,1.609466,134.224365,Round
1.178965,1.347265,0.524856,1.414185,1.588379,2.246262,0.408058,1.578406,138.324249,Round
1.181432,1.328080,0.490674,1.534555,1.569036,2.407772,0.401956,1.608181,134.814728,Round
1.149023,1.398536,0.537373,1.330609,1.606950,2.138222,0.395695,1.596925,138.419708,Round
1.118619,1.352447,0.513196,1.440776,1.512873,2.179711,0.432107,1.596683,136.986893,Round
1.125738,1.390477,0.525884,1.367560,1.565313,2.140660,0.416233,1.606347,138.728714,Round
1.192818,1.348230,0.501044,1.480334,1.608193,2.380663,0.411606,1.609324,135.375565,Round
1.173303,1.318011,0.507517,1.494963,1.546426,2.311849,0.412278,1.579484,134.626740,Round
1.109441,1.339688,0.515802,1.447149,1.486305,2.150904,0.431439,1.584479,139.025986,Round
1.170101,1.325698,0.498617,1.512824,1.551202,2.346695,0.413775,1.596251,132.512161,Round
1.208084,1.405692,0.533964,1.332286,1.698195,2.262482,0.424381,1.605965,141.245911,Round
1.124669,1.358744,0.506973,1.451702,1.528137,2.218399,0.416504,1.609079,134.306961,Round
1.109430,1.383371,0.519045,1.392696,1.534753,2.137444,0.423837,1.610414,140.668076,Round
1.147633,1.321985,0.505364,1.496817,1.517154,2.270902,0.426497,1.585034,135.959137,Round
1.165134,1.326052,0.511022,1.475706,1.545028,2.280008,0.416713,1.580853,136.153290,Round
1.146667,1.364579,0.514979,1.423022,1.564718,2.226628,0.403380,1.602813,138.612045,Round
1.154185,1.373830,0.541344,1.344602,1.585654,2.132074,0.412864,1.575751,139.689819,Round
1.150827,1.320630,0.499253,1.516695,1.519817,2.305099,0.424785,1.591764,134.491425,Round
1.138416,1.350741,0.507756,1.458051,1.537705,2.242053,0.405521,1.602448,130.455521,Round
1.192772,1.337263,0.490813,1.523586,1.595050,2.430196,0.409974,1.614715,134.420700,Round
1.134418,1.329775,0.483370,1.555758,1.508520,2.346892,0.401095,1.618939,134.375519,Round
1.106227,1.315431,0.507321,1.498474,1.455164,2.180526,0.410900,1.577874,135.418137,Round
1.173443,1.358893,0.509035,1.445665,1.594583,2.305232,0.404472,1.606519,135.379395,Round
1.166201,1.309426,0.501251,1.523576,1.527053,2.326581,0.417135,1.581097,133.077225,Round
1.227550,1.361661,0.497371,1.476559,1.671507,2.468080,0.403726,1.623682,137.742813,Round
1.146544,1.346955,0.504642,1.471171,1.544343,2.271993,0.406958,1.603775,136.326569,Round
1.166358,1.355136,0.497306,1.483862,1.580573,2.345353,0.405533,1.619120,136.215698,Round
1.215855,1.312140,0.469995,1.621534,1.595372,2.586949,0.414778,1.623233,130.855515,Round
1.201556,1.312633,0.524767,1.451744,1.577202,2.289694,0.411138,1.554491,138.875702,Round
1.192723,1.306012,0.490525,1.560961,1.557711,2.431526,0.427129,1.592085,137.035110,Round
1.153292,1.331315,0.488046,1.539069,1.535396,2.363081,0.398770,1.613967,131.379684,Round
1.175453,1.378501,0.500432,1.449598,1.620363,2.348876,0.401939,1.631511,137.936203,Round
1.142740,1.327816,0.503299,1.496359,1.517348,2.270496,0.412658,1.591829,134.517151,Round
1.199998,1.313931,0.501480,1.517659,1.576715,2.392916,0.422850,1.584090,137.218704,Round
1.283403,1.322272,0.513526,1.472708,1.697008,2.499197,0.426381,1.575050,140.411438,Round
1.110388,1.356319,0.519118,1.420274,1.506041,2.138990,0.406355,1.591840,135.357590,Round
1.214062,1.303541,0.504570,1.520386,1.582580,2.406132,0.438608,1.572685,137.422028,Round
1.186859,1.342722,0.480892,1.548697,1.593622,2.468038,0.399340,1.631790,135.491959,Round
1.132926,1.321194,0.493381,1.534089,1.496815,2.296248,0.426926,1.599651,132.937698,Round
1.133425,1.369238,0.514520,1.419447,1.551929,2.202880,0.402700,1.606616,139.978760,Round
1.114052,1.326853,0.499713,1.508191,1.478183,2.229382,0.397475,1.595690,136.591507,Round
1.144973,1.316143,0.496258,1.531049,1.506949,2.307212,0.417875,1.592288,133.532761,Round
1.099678,1.316138,0.501318,1.515601,1.447328,2.193572,0.405235,1.585896,131.612839,Round
1.208242,1.339097,0.531126,1.406017,1.617953,2.274869,0.422044,1.565070,136.643936,Round
1.187416,1.372749,0.501032,1.453929,1.630024,2.369939,0.397497,1.626680,136.760239,Round
1.128631,1.338819,0.511510,1.460238,1.511033,2.206468,0.418714,1.589273,138.948456,Round
1.071357,1.332274,0.511092,1.468613,1.427341,2.096211,0.433415,1.585178,134.163803,Round
1.147720,1.355435,0.506558,1.456440,1.555660,2.265724,0.418783,1.607293,135.620346,Round
1.201007,1.339133,0.489359,1.525979,1.608308,2.454245,0.410658,1.617978,135.204025,Round
1.160495,1.310591,0.499008,1.529063,1.520934,2.325604,0.414158,1.584757,131.135696,Round
1.169524,1.316138,0.507975,1.495739,1.539256,2.302325,0.413173,1.577568,136.612091,Round
1.144150,1.360509,0.519763,1.414142,1.556626,2.201290,0.407344,1.593902,139.816177,Round
1.165631,1.415871,0.552851,1.277522,1.650383,2.108401,0.409494,1.588398,143.914658,Round
1.120069,1.334876,0.508906,1.472048,1.495153,2.200936,0.419906,1.589776,134.588303,Round
1.170009,1.350925,0.507995,1.457167,1.580594,2.303189,0.406280,1.602270,136.559143,Round
1.061777,1.366130,0.514918,1.421575,1.450525,2.062030,0.408212,1.603961,139.982819,Round
1.152036,1.329477,0.507607,1.481808,1.531606,2.269546,0.402702,1.587577,132.951035,Round
1.125738,1.390477,0.525884,1.367560,1.565313,2.140660,0.416233,1.606347,138.728714,Round
1.138159,1.329802,0.497862,1.510443,1.513526,2.286095,0.405347,1.600188,132.146530,Round
1.168567,1.357691,0.512039,1.438454,1.586553,2.282184,0.407980,1.601815,132.839493,Round
1.209575,1.360996,0.490976,1.496521,1.646228,2.463614,0.399685,1.631678,133.780182,Round
1.138508,1.362491,0.539471,1.360498,1.551207,2.110414,0.423382,1.570572,140.098831,Round
1.181203,1.327864,0.504153,1.493770,1.568477,2.342943,0.413888,1.590783,136.206924,Round
1.138073,1.338956,0.518194,1.441256,1.523830,2.196229,0.428315,1.580972,138.633484,Round
1.157923,1.331148,0.510248,1.472287,1.541366,2.269333,0.412141,1.585440,135.011108,Round
1.117268,1.295451,0.483583,1.596275,1.447366,2.310393,0.408239,1.592971,131.729095,Round
1.108892,1.387453,0.499120,1.444032,1.538536,2.221695,0.394695,1.639526,136.553421,Round
1.181456,1.344871,0.515152,1.443392,1.588906,2.293415,0.413635,1.588919,135.646378,Round
1.239325,1.334071,0.506440,1.480107,1.653347,2.447131,0.426844,1.592324,137.159424,Round
1.171044,1.367520,0.536389,1.363284,1.601427,2.183201,0.403857,1.577736,139.320557,Round
1.201416,1.374456,0.524071,1.388285,1.651294,2.292467,0.416499,1.597914,137.852768,Round
1.138089,1.387668,0.536015,1.344429,1.579290,2.123243,0.403544,1.591535,139.878555,Round
1.126420,1.335189,0.516738,1.449394,1.503983,2.179864,0.415943,1.580158,137.659668,Round
1.219899,1.310395,0.488123,1.563395,1.598550,2.499165,0.406929,1.598400,135.718719,Round
1.141240,1.301204,0.493659,1.556782,1.484986,2.311799,0.417530,1.584563,131.918930,Round
1.181716,1.318581,0.508346,1.491881,1.558189,2.324631,0.413059,1.578860,134.911026,Round
1.181063,1.326036,0.507140,1.487021,1.566132,2.328871,0.420901,1.585707,136.089325,Round
1.173112,1.336795,0.492344,1.519381,1.568210,2.382710,0.412466,1.612381,137.023331,Round
1.206726,1.314535,0.503305,1.511459,1.586284,2.397604,0.405444,1.582241,131.978439,Round
1.101014,1.372283,0.525048,1.387897,1.510902,2.096976,0.414045,1.595200,136.152145,Round
1.191110,1.315588,0.510528,1.488883,1.567009,2.333093,0.425086,1.574004,135.635422,Round
1.205170,1.358518,0.511418,1.439325,1.637245,2.356527,0.413358,1.603189,137.145523,Round
